order_id,user_id,restaurant_id,order_timestamp,total_amount
ORD1,U342,R175,2026-04-17 19:50:00,457
ORD2,U208,R47,2026-04-17 14:02:00,586
ORD3,U221,R152,2026-04-17 15:51:00,272
ORD4,U487,R186,2026-04-17 18:06:00,466
ORD5,U767,R133,2026-04-17 11:20:00,697
ORD6,U623,R40,2026-04-17 19:29:00,633
ORD7,U545,R164,2026-04-17 11:42:00,401
ORD8,U475,R194,2026-04-17 16:54:00,767
ORD9,U867,R155,2026-04-17 16:36:00,408
ORD10,U121,R141,2026-04-17 11:13:00,698
ORD11,U354,R136,2026-04-17 19:33:00,142
ORD12,U784,R139,2026-04-17 11:06:00,679
ORD13,U179,R62,2026-04-17 12:43:00,142
ORD14,U596,R69,2026-04-17 16:46:00,611
ORD15,U845,R87,2026-04-17 10:50:00,342
ORD16,U723,R128,2026-04-17 11:25:00,628
ORD17,U809,R106,2026-04-17 18:57:00,128
ORD18,U884,R170,2026-04-17 15:47:00,573
ORD19,U369,R113,2026-04-17 12:30:00,521
ORD20,U469,R28,2026-04-17 13:38:00,415
ORD21,U717,R49,2026-04-17 10:03:00,586
ORD22,U244,R110,2026-04-17 15:26:00,762
ORD23,U854,R61,2026-04-17 19:24:00,285
ORD24,U42,R171,2026-04-17 10:40:00,143
ORD25,U351,R182,2026-04-17 13:09:00,259
ORD26,U634,R168,2026-04-17 19:21:00,645
ORD27,U677,R32,2026-04-17 16:39:00,418
ORD28,U797,R188,2026-04-17 13:47:00,561
ORD29,U868,R43,2026-04-17 19:15:00,717
ORD30,U364,R84,2026-04-17 18:37:00,341
ORD31,U546,R102,2026-04-17 15:00:00,779
ORD32,U348,R190,2026-04-17 12:06:00,108
ORD33,U479,R179,2026-04-17 18:25:00,448
ORD34,U444,R144,2026-04-17 15:26:00,103
ORD35,U494,R104,2026-04-17 14:54:00,286
ORD36,U989,R115,2026-04-17 10:21:00,278
ORD37,U328,R141,2026-04-17 18:42:00,133
ORD38,U423,R12,2026-04-17 10:03:00,382
ORD39,U876,R46,2026-04-17 17:07:00,199
ORD40,U82,R65,2026-04-17 10:53:00,115
ORD41,U526,R151,2026-04-17 19:22:00,770
ORD42,U398,R129,2026-04-17 12:31:00,651
ORD43,U768,R158,2026-04-17 19:11:00,490
ORD44,U122,R89,2026-04-17 16:15:00,656
ORD45,U341,R200,2026-04-17 10:13:00,433
ORD46,U801,R89,2026-04-17 15:08:00,201
ORD47,U347,R108,2026-04-17 15:34:00,205
ORD48,U260,R194,2026-04-17 16:00:00,362
ORD49,U547,R121,2026-04-17 15:23:00,405
ORD50,U760,R43,2026-04-17 14:34:00,377
ORD51,U306,R29,2026-04-17 19:47:00,362
ORD52,U691,R49,2026-04-17 18:15:00,521
ORD53,U131,R26,2026-04-17 15:43:00,795
ORD54,U295,R52,2026-04-17 19:05:00,283
ORD55,U334,R9,2026-04-17 18:42:00,612
ORD56,U216,R70,2026-04-17 13:49:00,770
ORD57,U297,R192,2026-04-17 13:24:00,317
ORD58,U669,R185,2026-04-17 19:19:00,399
ORD59,U216,R176,2026-04-17 15:55:00,544
ORD60,U951,R148,2026-04-17 12:54:00,685
ORD61,U410,R112,2026-04-17 10:35:00,759
ORD62,U235,R25,2026-04-17 19:30:00,625
ORD63,U137,R73,2026-04-17 19:09:00,163
ORD64,U555,R182,2026-04-17 16:04:00,269
ORD65,U678,R150,2026-04-17 13:32:00,423
ORD66,U153,R112,2026-04-17 11:19:00,195
ORD67,U25,R46,2026-04-17 10:14:00,412
ORD68,U263,R115,2026-04-17 14:26:00,642
ORD69,U145,R18,2026-04-17 16:52:00,138
ORD70,U844,R175,2026-04-17 16:07:00,132
ORD71,U868,R12,2026-04-17 11:23:00,109
ORD72,U664,R105,2026-04-17 13:43:00,569
ORD73,U617,R165,2026-04-17 14:56:00,145
ORD74,U185,R69,2026-04-17 14:45:00,695
ORD75,U76,R181,2026-04-17 13:17:00,332
ORD76,U917,R133,2026-04-17 19:43:00,236
ORD77,U381,R195,2026-04-17 10:43:00,179
ORD78,U896,R84,2026-04-17 12:01:00,624
ORD79,U276,R55,2026-04-17 18:33:00,482
ORD80,U92,R125,2026-04-17 16:59:00,461
ORD81,U287,R177,2026-04-17 14:56:00,101
ORD82,U366,R46,2026-04-17 11:04:00,615
ORD83,U911,R100,2026-04-17 17:17:00,448
ORD84,U306,R109,2026-04-17 16:24:00,633
ORD85,U163,R152,2026-04-17 19:29:00,285
ORD86,U894,R100,2026-04-17 11:08:00,381
ORD87,U89,R88,2026-04-17 14:51:00,448
ORD88,U542,R137,2026-04-17 15:03:00,552
ORD89,U329,R29,2026-04-17 10:00:00,780
ORD90,U416,R34,2026-04-17 16:01:00,200
ORD91,U6,R100,2026-04-17 15:26:00,744
ORD92,U263,R95,2026-04-17 19:43:00,688
ORD93,U944,R27,2026-04-17 18:15:00,341
ORD94,U379,R40,2026-04-17 15:09:00,512
ORD95,U984,R87,2026-04-17 13:59:00,404
ORD96,U596,R87,2026-04-17 16:47:00,149
ORD97,U342,R183,2026-04-17 19:34:00,124
ORD98,U983,R74,2026-04-17 19:46:00,521
ORD99,U322,R60,2026-04-17 10:22:00,435
ORD100,U764,R107,2026-04-17 16:18:00,416
ORD101,U572,R79,2026-04-17 14:30:00,495
ORD102,U291,R166,2026-04-17 15:01:00,506
ORD103,U690,R148,2026-04-17 13:54:00,478
ORD104,U139,R119,2026-04-17 14:18:00,395
ORD105,U280,R119,2026-04-17 11:57:00,694
ORD106,U318,R53,2026-04-17 12:07:00,462
ORD107,U824,R117,2026-04-17 19:56:00,450
ORD108,U620,R139,2026-04-17 12:20:00,392
ORD109,U946,R137,2026-04-17 12:36:00,690
ORD110,U481,R20,2026-04-17 18:42:00,431
ORD111,U319,R96,2026-04-17 16:31:00,503
ORD112,U616,R138,2026-04-17 18:10:00,453
ORD113,U226,R21,2026-04-17 18:52:00,518
ORD114,U742,R81,2026-04-17 10:14:00,241
ORD115,U189,R114,2026-04-17 10:45:00,586
ORD116,U796,R92,2026-04-17 13:07:00,499
ORD117,U974,R98,2026-04-17 15:11:00,564
ORD118,U979,R178,2026-04-17 19:13:00,441
ORD119,U117,R101,2026-04-17 19:30:00,310
ORD120,U157,R62,2026-04-17 14:09:00,106
ORD121,U293,R100,2026-04-17 12:08:00,791
ORD122,U765,R134,2026-04-17 19:44:00,710
ORD123,U145,R194,2026-04-17 15:54:00,790
ORD124,U307,R40,2026-04-17 17:05:00,150
ORD125,U768,R158,2026-04-17 18:16:00,234
ORD126,U375,R18,2026-04-17 17:05:00,104
ORD127,U342,R89,2026-04-17 16:09:00,135
ORD128,U545,R182,2026-04-17 16:31:00,157
ORD129,U491,R70,2026-04-17 18:50:00,432
ORD130,U650,R74,2026-04-17 11:34:00,551
ORD131,U455,R142,2026-04-17 19:03:00,573
ORD132,U345,R48,2026-04-17 15:42:00,483
ORD133,U216,R16,2026-04-17 18:00:00,498
ORD134,U583,R58,2026-04-17 12:40:00,473
ORD135,U784,R175,2026-04-17 16:10:00,414
ORD136,U534,R178,2026-04-17 19:06:00,687
ORD137,U259,R119,2026-04-17 19:27:00,329
ORD138,U858,R40,2026-04-17 12:47:00,150
ORD139,U590,R37,2026-04-17 18:16:00,260
ORD140,U498,R174,2026-04-17 19:51:00,344
ORD141,U239,R140,2026-04-17 10:00:00,733
ORD142,U891,R178,2026-04-17 10:19:00,541
ORD143,U312,R124,2026-04-17 11:36:00,704
ORD144,U789,R41,2026-04-17 17:04:00,187
ORD145,U320,R151,2026-04-17 15:47:00,131
ORD146,U398,R59,2026-04-17 16:36:00,639
ORD147,U481,R65,2026-04-17 15:52:00,273
ORD148,U542,R15,2026-04-17 18:57:00,589
ORD149,U543,R2,2026-04-17 10:08:00,174
ORD150,U36,R194,2026-04-17 13:00:00,420
ORD151,U683,R195,2026-04-17 15:35:00,401
ORD152,U544,R86,2026-04-17 14:39:00,412
ORD153,U87,R92,2026-04-17 12:58:00,344
ORD154,U371,R15,2026-04-17 19:56:00,723
ORD155,U659,R60,2026-04-17 18:51:00,217
ORD156,U23,R173,2026-04-17 14:22:00,728
ORD157,U29,R46,2026-04-17 15:03:00,602
ORD158,U881,R173,2026-04-17 17:05:00,528
ORD159,U65,R140,2026-04-17 16:31:00,572
ORD160,U311,R200,2026-04-17 16:00:00,697
ORD161,U499,R174,2026-04-17 19:45:00,369
ORD162,U808,R37,2026-04-17 17:30:00,376
ORD163,U743,R19,2026-04-17 15:25:00,643
ORD164,U966,R146,2026-04-17 14:08:00,737
ORD165,U32,R141,2026-04-17 18:49:00,389
ORD166,U621,R144,2026-04-17 18:34:00,639
ORD167,U395,R197,2026-04-17 14:36:00,320
ORD168,U916,R195,2026-04-17 16:57:00,135
ORD169,U106,R38,2026-04-17 14:00:00,547
ORD170,U114,R117,2026-04-17 16:35:00,381
ORD171,U287,R177,2026-04-17 11:40:00,749
ORD172,U936,R136,2026-04-17 16:18:00,695
ORD173,U877,R166,2026-04-17 17:13:00,637
ORD174,U765,R177,2026-04-17 19:50:00,213
ORD175,U689,R143,2026-04-17 12:21:00,504
ORD176,U179,R44,2026-04-17 17:29:00,484
ORD177,U47,R116,2026-04-17 18:35:00,261
ORD178,U858,R61,2026-04-17 12:47:00,512
ORD179,U379,R46,2026-04-17 16:55:00,124
ORD180,U74,R108,2026-04-17 13:51:00,271
ORD181,U819,R42,2026-04-17 13:44:00,582
ORD182,U273,R42,2026-04-17 13:33:00,560
ORD183,U901,R25,2026-04-17 11:12:00,288
ORD184,U186,R15,2026-04-17 18:35:00,391
ORD185,U608,R16,2026-04-17 17:03:00,207
ORD186,U771,R177,2026-04-17 15:55:00,273
ORD187,U426,R137,2026-04-17 10:16:00,399
ORD188,U644,R84,2026-04-17 15:02:00,443
ORD189,U157,R95,2026-04-17 18:18:00,196
ORD190,U636,R50,2026-04-17 18:18:00,285
ORD191,U319,R89,2026-04-17 15:07:00,507
ORD192,U763,R49,2026-04-17 17:12:00,279
ORD193,U171,R163,2026-04-17 10:37:00,173
ORD194,U292,R152,2026-04-17 12:32:00,496
ORD195,U248,R144,2026-04-17 11:48:00,648
ORD196,U780,R197,2026-04-17 12:25:00,363
ORD197,U721,R137,2026-04-17 16:45:00,485
ORD198,U585,R27,2026-04-17 19:13:00,602
ORD199,U904,R60,2026-04-17 16:17:00,604
ORD200,U777,R39,2026-04-17 11:59:00,237
ORD201,U962,R144,2026-04-17 10:01:00,569
ORD202,U700,R93,2026-04-17 18:07:00,158
ORD203,U459,R123,2026-04-17 14:01:00,226
ORD204,U199,R152,2026-04-17 19:46:00,652
ORD205,U634,R187,2026-04-17 11:41:00,311
ORD206,U237,R102,2026-04-17 19:02:00,223
ORD207,U664,R142,2026-04-17 10:11:00,415
ORD208,U626,R47,2026-04-17 15:14:00,659
ORD209,U822,R185,2026-04-17 10:52:00,125
ORD210,U158,R145,2026-04-17 12:47:00,339
ORD211,U655,R147,2026-04-17 11:33:00,762
ORD212,U155,R43,2026-04-17 14:38:00,126
ORD213,U455,R132,2026-04-17 17:52:00,377
ORD214,U788,R43,2026-04-17 16:16:00,180
ORD215,U827,R6,2026-04-17 16:31:00,576
ORD216,U225,R12,2026-04-17 13:40:00,172
ORD217,U2,R148,2026-04-17 16:54:00,450
ORD218,U526,R170,2026-04-17 14:54:00,288
ORD219,U285,R64,2026-04-17 18:03:00,241
ORD220,U290,R121,2026-04-17 18:27:00,233
ORD221,U737,R89,2026-04-17 19:51:00,700
ORD222,U365,R155,2026-04-17 16:34:00,398
ORD223,U797,R102,2026-04-17 11:07:00,172
ORD224,U799,R73,2026-04-17 16:42:00,687
ORD225,U644,R135,2026-04-17 15:28:00,416
ORD226,U191,R46,2026-04-17 11:31:00,175
ORD227,U589,R22,2026-04-17 17:43:00,716
ORD228,U676,R133,2026-04-17 15:58:00,147
ORD229,U247,R58,2026-04-17 12:03:00,389
ORD230,U13,R146,2026-04-17 19:31:00,744
ORD231,U917,R96,2026-04-17 15:26:00,234
ORD232,U377,R43,2026-04-17 16:46:00,238
ORD233,U285,R133,2026-04-17 15:49:00,581
ORD234,U769,R113,2026-04-17 12:57:00,516
ORD235,U317,R139,2026-04-17 12:22:00,129
ORD236,U855,R162,2026-04-17 10:00:00,487
ORD237,U379,R104,2026-04-17 12:10:00,785
ORD238,U416,R28,2026-04-17 13:31:00,751
ORD239,U144,R153,2026-04-17 15:23:00,437
ORD240,U109,R20,2026-04-17 19:01:00,311
ORD241,U61,R99,2026-04-17 16:30:00,217
ORD242,U428,R177,2026-04-17 18:49:00,461
ORD243,U997,R92,2026-04-17 10:55:00,633
ORD244,U657,R38,2026-04-17 15:36:00,200
ORD245,U689,R141,2026-04-17 11:12:00,666
ORD246,U43,R56,2026-04-17 14:57:00,514
ORD247,U186,R193,2026-04-17 15:36:00,550
ORD248,U967,R22,2026-04-17 16:49:00,281
ORD249,U465,R159,2026-04-17 16:40:00,741
ORD250,U815,R117,2026-04-17 12:35:00,668
ORD251,U858,R111,2026-04-17 13:31:00,610
ORD252,U564,R157,2026-04-17 16:55:00,102
ORD253,U790,R23,2026-04-17 18:38:00,590
ORD254,U687,R110,2026-04-17 11:35:00,117
ORD255,U74,R16,2026-04-17 19:11:00,446
ORD256,U996,R3,2026-04-17 10:37:00,641
ORD257,U994,R106,2026-04-17 17:06:00,536
ORD258,U199,R199,2026-04-17 11:26:00,250
ORD259,U104,R75,2026-04-17 10:43:00,340
ORD260,U975,R72,2026-04-17 14:11:00,280
ORD261,U255,R61,2026-04-17 13:31:00,463
ORD262,U386,R31,2026-04-17 15:50:00,209
ORD263,U262,R118,2026-04-17 13:08:00,568
ORD264,U339,R52,2026-04-17 17:33:00,798
ORD265,U249,R147,2026-04-17 10:01:00,158
ORD266,U392,R184,2026-04-17 12:58:00,219
ORD267,U99,R154,2026-04-17 15:51:00,399
ORD268,U719,R117,2026-04-17 16:39:00,167
ORD269,U268,R28,2026-04-17 18:24:00,791
ORD270,U973,R179,2026-04-17 17:33:00,471
ORD271,U237,R161,2026-04-17 11:30:00,676
ORD272,U607,R8,2026-04-17 12:31:00,268
ORD273,U682,R153,2026-04-17 13:50:00,376
ORD274,U749,R150,2026-04-17 18:16:00,796
ORD275,U897,R91,2026-04-17 16:10:00,438
ORD276,U634,R174,2026-04-17 15:36:00,587
ORD277,U298,R168,2026-04-17 17:51:00,546
ORD278,U535,R192,2026-04-17 16:47:00,632
ORD279,U27,R161,2026-04-17 18:21:00,119
ORD280,U841,R115,2026-04-17 15:34:00,266
ORD281,U26,R2,2026-04-17 14:40:00,170
ORD282,U507,R140,2026-04-17 14:48:00,660
ORD283,U199,R95,2026-04-17 18:34:00,584
ORD284,U360,R165,2026-04-17 14:06:00,218
ORD285,U447,R116,2026-04-17 13:33:00,597
ORD286,U382,R134,2026-04-17 12:09:00,281
ORD287,U450,R110,2026-04-17 18:16:00,278
ORD288,U613,R137,2026-04-17 19:04:00,783
ORD289,U810,R14,2026-04-17 12:12:00,685
ORD290,U95,R138,2026-04-17 14:34:00,386
ORD291,U338,R62,2026-04-17 19:19:00,652
ORD292,U717,R21,2026-04-17 10:08:00,188
ORD293,U242,R25,2026-04-17 18:27:00,646
ORD294,U74,R66,2026-04-17 15:06:00,682
ORD295,U339,R132,2026-04-17 12:55:00,259
ORD296,U999,R61,2026-04-17 10:29:00,718
ORD297,U505,R33,2026-04-17 14:18:00,100
ORD298,U248,R147,2026-04-17 10:44:00,275
ORD299,U943,R176,2026-04-17 16:31:00,698
ORD300,U226,R115,2026-04-17 11:22:00,757
ORD301,U422,R155,2026-04-17 16:06:00,662
ORD302,U993,R156,2026-04-17 13:27:00,498
ORD303,U758,R154,2026-04-17 13:47:00,168
ORD304,U137,R158,2026-04-17 17:35:00,229
ORD305,U246,R83,2026-04-17 13:34:00,322
ORD306,U572,R195,2026-04-17 16:45:00,312
ORD307,U38,R45,2026-04-17 12:06:00,656
ORD308,U191,R78,2026-04-17 19:14:00,127
ORD309,U110,R103,2026-04-17 13:37:00,178
ORD310,U744,R150,2026-04-17 16:34:00,572
ORD311,U956,R177,2026-04-17 20:00:00,521
ORD312,U198,R43,2026-04-17 11:58:00,190
ORD313,U674,R5,2026-04-17 12:07:00,781
ORD314,U172,R164,2026-04-17 14:23:00,221
ORD315,U465,R52,2026-04-17 19:44:00,223
ORD316,U26,R151,2026-04-17 19:26:00,783
ORD317,U594,R101,2026-04-17 12:10:00,170
ORD318,U266,R66,2026-04-17 15:55:00,411
ORD319,U438,R95,2026-04-17 15:52:00,349
ORD320,U184,R121,2026-04-17 19:15:00,337
ORD321,U120,R54,2026-04-17 12:00:00,777
ORD322,U613,R196,2026-04-17 12:09:00,394
ORD323,U325,R72,2026-04-17 11:13:00,340
ORD324,U328,R187,2026-04-17 17:27:00,656
ORD325,U548,R40,2026-04-17 11:04:00,138
ORD326,U224,R10,2026-04-17 11:47:00,255
ORD327,U205,R7,2026-04-17 13:48:00,226
ORD328,U353,R22,2026-04-17 16:37:00,784
ORD329,U850,R170,2026-04-17 10:09:00,436
ORD330,U446,R108,2026-04-17 15:22:00,317
ORD331,U872,R151,2026-04-17 10:07:00,228
ORD332,U356,R117,2026-04-17 18:26:00,589
ORD333,U29,R68,2026-04-17 14:59:00,286
ORD334,U647,R179,2026-04-17 13:45:00,508
ORD335,U153,R9,2026-04-17 19:11:00,765
ORD336,U104,R51,2026-04-17 11:42:00,687
ORD337,U735,R143,2026-04-17 15:22:00,799
ORD338,U497,R192,2026-04-17 15:48:00,299
ORD339,U469,R145,2026-04-17 10:21:00,367
ORD340,U301,R59,2026-04-17 13:25:00,167
ORD341,U381,R160,2026-04-17 14:47:00,189
ORD342,U887,R21,2026-04-17 15:39:00,711
ORD343,U904,R95,2026-04-17 16:25:00,353
ORD344,U967,R158,2026-04-17 14:57:00,273
ORD345,U606,R135,2026-04-17 15:00:00,288
ORD346,U558,R26,2026-04-17 13:14:00,444
ORD347,U717,R145,2026-04-17 15:33:00,398
ORD348,U837,R136,2026-04-17 19:57:00,400
ORD349,U739,R193,2026-04-17 10:23:00,411
ORD350,U706,R13,2026-04-17 10:09:00,436
ORD351,U738,R54,2026-04-17 18:08:00,176
ORD352,U395,R164,2026-04-17 18:19:00,115
ORD353,U676,R27,2026-04-17 11:43:00,186
ORD354,U534,R124,2026-04-17 11:55:00,313
ORD355,U122,R144,2026-04-17 10:13:00,200
ORD356,U311,R105,2026-04-17 14:42:00,388
ORD357,U276,R192,2026-04-17 15:00:00,787
ORD358,U563,R192,2026-04-17 10:45:00,154
ORD359,U344,R105,2026-04-17 16:27:00,119
ORD360,U231,R20,2026-04-17 19:08:00,393
ORD361,U264,R171,2026-04-17 12:32:00,185
ORD362,U762,R41,2026-04-17 13:16:00,503
ORD363,U489,R187,2026-04-17 14:44:00,521
ORD364,U543,R10,2026-04-17 13:41:00,751
ORD365,U898,R26,2026-04-17 10:47:00,356
ORD366,U250,R107,2026-04-17 19:52:00,233
ORD367,U74,R14,2026-04-17 18:53:00,591
ORD368,U939,R69,2026-04-17 17:04:00,648
ORD369,U597,R190,2026-04-17 10:30:00,369
ORD370,U495,R190,2026-04-17 12:08:00,666
ORD371,U632,R87,2026-04-17 16:58:00,301
ORD372,U598,R110,2026-04-17 12:48:00,504
ORD373,U138,R108,2026-04-17 13:00:00,123
ORD374,U351,R121,2026-04-17 14:43:00,755
ORD375,U405,R40,2026-04-17 16:37:00,615
ORD376,U972,R190,2026-04-17 17:14:00,765
ORD377,U692,R37,2026-04-17 16:22:00,417
ORD378,U972,R125,2026-04-17 16:19:00,114
ORD379,U546,R18,2026-04-17 12:56:00,339
ORD380,U222,R39,2026-04-17 16:25:00,390
ORD381,U629,R50,2026-04-17 16:25:00,718
ORD382,U689,R17,2026-04-17 12:02:00,694
ORD383,U819,R34,2026-04-17 12:14:00,712
ORD384,U682,R122,2026-04-17 14:20:00,143
ORD385,U1000,R168,2026-04-17 13:27:00,672
ORD386,U552,R45,2026-04-17 15:06:00,627
ORD387,U653,R32,2026-04-17 18:07:00,173
ORD388,U537,R136,2026-04-17 16:44:00,223
ORD389,U753,R88,2026-04-17 17:47:00,458
ORD390,U235,R170,2026-04-17 14:59:00,731
ORD391,U103,R42,2026-04-17 13:12:00,307
ORD392,U314,R22,2026-04-17 12:42:00,697
ORD393,U748,R121,2026-04-17 15:53:00,712
ORD394,U834,R36,2026-04-17 10:42:00,441
ORD395,U398,R51,2026-04-17 13:18:00,585
ORD396,U733,R177,2026-04-17 17:26:00,233
ORD397,U388,R130,2026-04-17 14:03:00,326
ORD398,U574,R2,2026-04-17 18:43:00,178
ORD399,U384,R182,2026-04-17 15:17:00,442
ORD400,U413,R102,2026-04-17 15:00:00,605
ORD401,U878,R30,2026-04-17 18:34:00,227
ORD402,U774,R12,2026-04-17 18:32:00,447
ORD403,U24,R70,2026-04-17 18:52:00,117
ORD404,U2,R126,2026-04-17 14:18:00,611
ORD405,U818,R63,2026-04-17 17:43:00,553
ORD406,U225,R27,2026-04-17 19:13:00,220
ORD407,U997,R89,2026-04-17 12:46:00,749
ORD408,U122,R11,2026-04-17 15:37:00,522
ORD409,U333,R126,2026-04-17 19:19:00,479
ORD410,U243,R47,2026-04-17 18:18:00,629
ORD411,U270,R74,2026-04-17 14:44:00,309
ORD412,U130,R103,2026-04-17 16:36:00,176
ORD413,U722,R102,2026-04-17 10:09:00,356
ORD414,U620,R78,2026-04-17 10:29:00,243
ORD415,U937,R168,2026-04-17 15:52:00,537
ORD416,U952,R25,2026-04-17 15:34:00,420
ORD417,U769,R151,2026-04-17 17:19:00,185
ORD418,U760,R152,2026-04-17 10:59:00,298
ORD419,U688,R117,2026-04-17 15:47:00,383
ORD420,U784,R101,2026-04-17 18:29:00,705
ORD421,U799,R44,2026-04-17 18:29:00,451
ORD422,U85,R120,2026-04-17 11:04:00,545
ORD423,U947,R138,2026-04-17 16:00:00,596
ORD424,U290,R137,2026-04-17 18:19:00,191
ORD425,U979,R198,2026-04-17 16:14:00,240
ORD426,U294,R45,2026-04-17 13:29:00,571
ORD427,U767,R190,2026-04-17 11:40:00,287
ORD428,U894,R172,2026-04-17 19:16:00,738
ORD429,U173,R8,2026-04-17 19:53:00,634
ORD430,U539,R178,2026-04-17 15:07:00,494
ORD431,U212,R109,2026-04-17 16:27:00,577
ORD432,U755,R26,2026-04-17 13:13:00,150
ORD433,U425,R52,2026-04-17 15:39:00,329
ORD434,U40,R17,2026-04-17 19:40:00,426
ORD435,U116,R185,2026-04-17 11:26:00,699
ORD436,U254,R28,2026-04-17 14:04:00,621
ORD437,U543,R141,2026-04-17 15:15:00,758
ORD438,U480,R46,2026-04-17 15:44:00,383
ORD439,U966,R149,2026-04-17 19:35:00,207
ORD440,U674,R65,2026-04-17 15:50:00,136
ORD441,U520,R100,2026-04-17 13:26:00,594
ORD442,U87,R160,2026-04-17 11:07:00,495
ORD443,U617,R167,2026-04-17 15:05:00,615
ORD444,U191,R130,2026-04-17 19:37:00,533
ORD445,U617,R158,2026-04-17 16:32:00,608
ORD446,U999,R82,2026-04-17 16:01:00,404
ORD447,U605,R63,2026-04-17 11:59:00,680
ORD448,U945,R27,2026-04-17 10:44:00,382
ORD449,U846,R20,2026-04-17 15:59:00,117
ORD450,U373,R101,2026-04-17 10:34:00,198
ORD451,U412,R50,2026-04-17 17:58:00,141
ORD452,U836,R44,2026-04-17 18:56:00,366
ORD453,U756,R137,2026-04-17 18:59:00,349
ORD454,U241,R79,2026-04-17 16:21:00,362
ORD455,U350,R66,2026-04-17 12:55:00,419
ORD456,U741,R37,2026-04-17 10:38:00,315
ORD457,U272,R47,2026-04-17 10:11:00,563
ORD458,U561,R171,2026-04-17 19:11:00,648
ORD459,U783,R67,2026-04-17 13:28:00,333
ORD460,U282,R134,2026-04-17 15:22:00,792
ORD461,U559,R47,2026-04-17 14:29:00,581
ORD462,U37,R121,2026-04-17 18:41:00,241
ORD463,U346,R66,2026-04-17 14:43:00,287
ORD464,U382,R83,2026-04-17 17:45:00,744
ORD465,U88,R188,2026-04-17 12:46:00,725
ORD466,U91,R163,2026-04-17 19:14:00,598
ORD467,U769,R117,2026-04-17 12:34:00,348
ORD468,U424,R52,2026-04-17 19:05:00,691
ORD469,U463,R181,2026-04-17 11:17:00,598
ORD470,U275,R149,2026-04-17 13:39:00,531
ORD471,U937,R28,2026-04-17 11:51:00,394
ORD472,U418,R69,2026-04-17 18:24:00,740
ORD473,U30,R156,2026-04-17 16:25:00,126
ORD474,U67,R51,2026-04-17 18:00:00,657
ORD475,U197,R11,2026-04-17 17:15:00,203
ORD476,U618,R171,2026-04-17 19:27:00,605
ORD477,U967,R79,2026-04-17 14:37:00,547
ORD478,U44,R150,2026-04-17 16:33:00,363
ORD479,U674,R23,2026-04-17 17:19:00,578
ORD480,U834,R80,2026-04-17 11:27:00,347
ORD481,U560,R79,2026-04-17 19:25:00,272
ORD482,U802,R151,2026-04-17 12:58:00,349
ORD483,U609,R189,2026-04-17 18:59:00,142
ORD484,U378,R123,2026-04-17 15:18:00,211
ORD485,U808,R58,2026-04-17 19:35:00,449
ORD486,U162,R83,2026-04-17 16:30:00,321
ORD487,U28,R99,2026-04-17 10:44:00,784
ORD488,U393,R139,2026-04-17 19:19:00,106
ORD489,U666,R36,2026-04-17 17:26:00,435
ORD490,U848,R179,2026-04-17 10:23:00,155
ORD491,U865,R145,2026-04-17 19:58:00,709
ORD492,U668,R152,2026-04-17 14:51:00,264
ORD493,U748,R15,2026-04-17 15:36:00,478
ORD494,U873,R136,2026-04-17 18:31:00,742
ORD495,U683,R58,2026-04-17 19:31:00,735
ORD496,U552,R126,2026-04-17 13:45:00,553
ORD497,U737,R114,2026-04-17 10:27:00,685
ORD498,U171,R197,2026-04-17 10:56:00,423
ORD499,U944,R176,2026-04-17 18:52:00,344
ORD500,U384,R93,2026-04-17 16:43:00,325
ORD501,U542,R110,2026-04-17 18:28:00,475
ORD502,U127,R84,2026-04-17 16:34:00,561
ORD503,U477,R169,2026-04-17 15:15:00,317
ORD504,U401,R120,2026-04-17 10:39:00,697
ORD505,U314,R198,2026-04-17 16:38:00,680
ORD506,U622,R194,2026-04-17 18:06:00,245
ORD507,U160,R31,2026-04-17 19:10:00,641
ORD508,U950,R55,2026-04-17 14:26:00,573
ORD509,U65,R12,2026-04-17 10:32:00,362
ORD510,U188,R80,2026-04-17 19:00:00,660
ORD511,U78,R113,2026-04-17 11:20:00,606
ORD512,U184,R152,2026-04-17 15:28:00,535
ORD513,U406,R179,2026-04-17 10:36:00,279
ORD514,U763,R160,2026-04-17 12:16:00,767
ORD515,U360,R135,2026-04-17 19:07:00,433
ORD516,U742,R171,2026-04-17 15:32:00,266
ORD517,U220,R146,2026-04-17 15:37:00,309
ORD518,U75,R65,2026-04-17 11:38:00,538
ORD519,U127,R121,2026-04-17 11:54:00,567
ORD520,U131,R85,2026-04-17 15:58:00,417
ORD521,U631,R13,2026-04-17 14:18:00,120
ORD522,U652,R148,2026-04-17 14:37:00,637
ORD523,U621,R112,2026-04-17 13:18:00,315
ORD524,U245,R91,2026-04-17 14:57:00,664
ORD525,U877,R94,2026-04-17 10:16:00,513
ORD526,U181,R141,2026-04-17 11:20:00,289
ORD527,U990,R195,2026-04-17 10:07:00,452
ORD528,U32,R154,2026-04-17 12:24:00,627
ORD529,U2,R17,2026-04-17 11:33:00,523
ORD530,U721,R10,2026-04-17 17:45:00,489
ORD531,U432,R72,2026-04-17 14:24:00,472
ORD532,U423,R190,2026-04-17 16:29:00,382
ORD533,U340,R16,2026-04-17 16:56:00,283
ORD534,U683,R195,2026-04-17 12:44:00,466
ORD535,U190,R31,2026-04-17 19:54:00,778
ORD536,U609,R74,2026-04-17 15:29:00,629
ORD537,U737,R23,2026-04-17 14:46:00,248
ORD538,U301,R43,2026-04-17 14:26:00,106
ORD539,U49,R170,2026-04-17 19:23:00,161
ORD540,U152,R188,2026-04-17 10:28:00,740
ORD541,U193,R104,2026-04-17 13:49:00,466
ORD542,U487,R16,2026-04-17 15:20:00,731
ORD543,U206,R80,2026-04-17 11:56:00,349
ORD544,U143,R166,2026-04-17 10:37:00,242
ORD545,U205,R2,2026-04-17 16:12:00,792
ORD546,U294,R42,2026-04-17 12:30:00,379
ORD547,U499,R126,2026-04-17 15:23:00,572
ORD548,U866,R78,2026-04-17 13:23:00,642
ORD549,U227,R176,2026-04-17 14:57:00,584
ORD550,U152,R102,2026-04-17 13:32:00,125
ORD551,U912,R136,2026-04-17 15:32:00,324
ORD552,U272,R160,2026-04-17 10:39:00,484
ORD553,U676,R39,2026-04-17 17:08:00,151
ORD554,U53,R178,2026-04-17 13:58:00,779
ORD555,U202,R174,2026-04-17 11:04:00,699
ORD556,U809,R43,2026-04-17 15:03:00,316
ORD557,U245,R121,2026-04-17 17:54:00,444
ORD558,U166,R149,2026-04-17 10:07:00,457
ORD559,U408,R72,2026-04-17 12:49:00,601
ORD560,U76,R112,2026-04-17 19:56:00,395
ORD561,U545,R69,2026-04-17 14:50:00,326
ORD562,U714,R27,2026-04-17 12:58:00,798
ORD563,U410,R56,2026-04-17 19:48:00,800
ORD564,U665,R72,2026-04-17 17:24:00,519
ORD565,U963,R149,2026-04-17 17:46:00,743
ORD566,U483,R140,2026-04-17 10:01:00,182
ORD567,U548,R116,2026-04-17 16:56:00,682
ORD568,U786,R66,2026-04-17 17:47:00,336
ORD569,U89,R184,2026-04-17 12:41:00,412
ORD570,U520,R43,2026-04-17 17:46:00,374
ORD571,U862,R4,2026-04-17 18:39:00,587
ORD572,U993,R125,2026-04-17 18:53:00,554
ORD573,U288,R78,2026-04-17 12:11:00,371
ORD574,U44,R90,2026-04-17 17:39:00,489
ORD575,U683,R178,2026-04-17 15:18:00,191
ORD576,U218,R128,2026-04-17 17:33:00,287
ORD577,U427,R8,2026-04-17 18:45:00,365
ORD578,U844,R125,2026-04-17 19:45:00,206
ORD579,U762,R61,2026-04-17 16:10:00,773
ORD580,U965,R196,2026-04-17 12:55:00,576
ORD581,U678,R15,2026-04-17 19:03:00,753
ORD582,U987,R157,2026-04-17 12:21:00,320
ORD583,U760,R143,2026-04-17 18:31:00,336
ORD584,U684,R120,2026-04-17 16:41:00,754
ORD585,U241,R123,2026-04-17 19:40:00,527
ORD586,U323,R111,2026-04-17 12:28:00,235
ORD587,U257,R161,2026-04-17 11:39:00,759
ORD588,U298,R164,2026-04-17 15:42:00,770
ORD589,U785,R81,2026-04-17 14:58:00,527
ORD590,U598,R97,2026-04-17 13:40:00,447
ORD591,U596,R75,2026-04-17 12:27:00,551
ORD592,U23,R46,2026-04-17 12:05:00,736
ORD593,U459,R95,2026-04-17 12:05:00,794
ORD594,U849,R42,2026-04-17 15:39:00,682
ORD595,U332,R65,2026-04-17 12:32:00,280
ORD596,U629,R18,2026-04-17 13:41:00,352
ORD597,U403,R133,2026-04-17 14:29:00,396
ORD598,U646,R130,2026-04-17 17:09:00,295
ORD599,U909,R104,2026-04-17 18:08:00,778
ORD600,U364,R114,2026-04-17 14:14:00,789
ORD601,U361,R126,2026-04-17 18:00:00,283
ORD602,U852,R94,2026-04-17 16:05:00,165
ORD603,U42,R165,2026-04-17 12:24:00,543
ORD604,U941,R188,2026-04-17 17:10:00,700
ORD605,U661,R154,2026-04-17 14:48:00,757
ORD606,U808,R71,2026-04-17 11:53:00,107
ORD607,U453,R56,2026-04-17 11:23:00,377
ORD608,U300,R154,2026-04-17 16:51:00,181
ORD609,U49,R118,2026-04-17 10:02:00,752
ORD610,U333,R118,2026-04-17 18:19:00,317
ORD611,U426,R19,2026-04-17 18:23:00,557
ORD612,U259,R175,2026-04-17 17:01:00,158
ORD613,U306,R95,2026-04-17 11:21:00,561
ORD614,U256,R95,2026-04-17 12:03:00,682
ORD615,U665,R146,2026-04-17 10:25:00,541
ORD616,U981,R30,2026-04-17 14:23:00,482
ORD617,U171,R192,2026-04-17 10:46:00,605
ORD618,U784,R36,2026-04-17 19:32:00,629
ORD619,U861,R183,2026-04-17 13:13:00,113
ORD620,U1,R103,2026-04-17 11:14:00,123
ORD621,U43,R161,2026-04-17 10:52:00,703
ORD622,U206,R27,2026-04-17 13:55:00,447
ORD623,U148,R195,2026-04-17 17:22:00,331
ORD624,U310,R158,2026-04-17 15:56:00,666
ORD625,U932,R40,2026-04-17 19:07:00,355
ORD626,U382,R132,2026-04-17 13:17:00,226
ORD627,U37,R99,2026-04-17 13:41:00,312
ORD628,U558,R49,2026-04-17 13:39:00,313
ORD629,U744,R31,2026-04-17 18:49:00,190
ORD630,U369,R83,2026-04-17 15:56:00,329
ORD631,U354,R170,2026-04-17 18:05:00,591
ORD632,U43,R194,2026-04-17 10:00:00,478
ORD633,U416,R137,2026-04-17 15:10:00,129
ORD634,U672,R135,2026-04-17 14:01:00,345
ORD635,U296,R104,2026-04-17 19:09:00,150
ORD636,U753,R84,2026-04-17 10:10:00,131
ORD637,U833,R181,2026-04-17 12:48:00,204
ORD638,U106,R87,2026-04-17 18:39:00,410
ORD639,U958,R151,2026-04-17 15:38:00,730
ORD640,U149,R182,2026-04-17 10:00:00,791
ORD641,U997,R164,2026-04-17 10:20:00,132
ORD642,U877,R171,2026-04-17 15:14:00,454
ORD643,U919,R74,2026-04-17 16:42:00,797
ORD644,U387,R180,2026-04-17 19:43:00,388
ORD645,U60,R49,2026-04-17 12:25:00,768
ORD646,U870,R22,2026-04-17 18:19:00,270
ORD647,U368,R125,2026-04-17 10:49:00,138
ORD648,U595,R80,2026-04-17 18:05:00,711
ORD649,U667,R153,2026-04-17 15:47:00,647
ORD650,U73,R200,2026-04-17 10:53:00,165
ORD651,U99,R41,2026-04-17 11:30:00,691
ORD652,U404,R27,2026-04-17 15:41:00,400
ORD653,U684,R193,2026-04-17 12:03:00,773
ORD654,U556,R99,2026-04-17 13:58:00,457
ORD655,U441,R33,2026-04-17 14:18:00,291
ORD656,U872,R122,2026-04-17 16:09:00,123
ORD657,U566,R162,2026-04-17 15:37:00,763
ORD658,U104,R84,2026-04-17 13:23:00,620
ORD659,U682,R116,2026-04-17 17:38:00,591
ORD660,U106,R131,2026-04-17 14:19:00,139
ORD661,U514,R31,2026-04-17 17:18:00,278
ORD662,U454,R150,2026-04-17 14:20:00,537
ORD663,U203,R59,2026-04-17 12:59:00,600
ORD664,U110,R128,2026-04-17 18:45:00,180
ORD665,U113,R29,2026-04-17 12:25:00,364
ORD666,U761,R9,2026-04-17 13:09:00,327
ORD667,U147,R67,2026-04-17 11:14:00,737
ORD668,U652,R98,2026-04-17 11:13:00,417
ORD669,U335,R87,2026-04-17 13:08:00,432
ORD670,U134,R123,2026-04-17 16:46:00,285
ORD671,U999,R118,2026-04-17 15:53:00,434
ORD672,U60,R184,2026-04-17 10:32:00,189
ORD673,U217,R166,2026-04-17 14:33:00,501
ORD674,U180,R70,2026-04-17 12:44:00,230
ORD675,U661,R80,2026-04-17 20:00:00,768
ORD676,U585,R117,2026-04-17 12:30:00,390
ORD677,U368,R61,2026-04-17 15:43:00,418
ORD678,U727,R177,2026-04-17 12:35:00,293
ORD679,U549,R165,2026-04-17 17:18:00,477
ORD680,U1,R194,2026-04-17 17:15:00,797
ORD681,U424,R58,2026-04-17 11:21:00,109
ORD682,U610,R37,2026-04-17 12:55:00,234
ORD683,U339,R114,2026-04-17 13:36:00,513
ORD684,U262,R85,2026-04-17 17:39:00,185
ORD685,U814,R75,2026-04-17 18:37:00,286
ORD686,U741,R169,2026-04-17 19:04:00,186
ORD687,U902,R155,2026-04-17 15:46:00,511
ORD688,U324,R111,2026-04-17 18:17:00,633
ORD689,U388,R42,2026-04-17 16:05:00,670
ORD690,U868,R178,2026-04-17 14:56:00,319
ORD691,U772,R25,2026-04-17 14:51:00,120
ORD692,U66,R15,2026-04-17 18:14:00,555
ORD693,U613,R115,2026-04-17 14:42:00,147
ORD694,U583,R154,2026-04-17 16:23:00,273
ORD695,U978,R33,2026-04-17 11:24:00,211
ORD696,U42,R127,2026-04-17 12:37:00,550
ORD697,U409,R188,2026-04-17 13:20:00,265
ORD698,U871,R1,2026-04-17 17:08:00,105
ORD699,U235,R9,2026-04-17 15:09:00,752
ORD700,U338,R15,2026-04-17 11:58:00,522
ORD701,U307,R106,2026-04-17 19:58:00,203
ORD702,U201,R49,2026-04-17 12:38:00,381
ORD703,U752,R144,2026-04-17 16:45:00,337
ORD704,U315,R79,2026-04-17 18:54:00,319
ORD705,U156,R157,2026-04-17 12:47:00,104
ORD706,U393,R92,2026-04-17 19:45:00,127
ORD707,U888,R76,2026-04-17 15:47:00,559
ORD708,U918,R80,2026-04-17 14:00:00,205
ORD709,U740,R169,2026-04-17 18:27:00,128
ORD710,U207,R182,2026-04-17 13:13:00,677
ORD711,U996,R22,2026-04-17 16:30:00,330
ORD712,U453,R118,2026-04-17 11:33:00,735
ORD713,U301,R126,2026-04-17 10:30:00,235
ORD714,U934,R59,2026-04-17 16:57:00,673
ORD715,U762,R148,2026-04-17 13:45:00,661
ORD716,U300,R33,2026-04-17 19:24:00,461
ORD717,U690,R176,2026-04-17 17:13:00,637
ORD718,U164,R57,2026-04-17 15:38:00,325
ORD719,U2,R43,2026-04-17 19:51:00,276
ORD720,U659,R132,2026-04-17 18:24:00,600
ORD721,U707,R30,2026-04-17 10:12:00,457
ORD722,U163,R22,2026-04-17 10:18:00,157
ORD723,U760,R63,2026-04-17 11:12:00,340
ORD724,U550,R127,2026-04-17 11:39:00,110
ORD725,U873,R103,2026-04-17 19:17:00,531
ORD726,U483,R179,2026-04-17 13:39:00,743
ORD727,U938,R133,2026-04-17 12:00:00,392
ORD728,U699,R55,2026-04-17 11:42:00,519
ORD729,U297,R34,2026-04-17 17:38:00,769
ORD730,U800,R96,2026-04-17 10:46:00,535
ORD731,U479,R114,2026-04-17 11:55:00,696
ORD732,U70,R174,2026-04-17 12:41:00,173
ORD733,U206,R200,2026-04-17 14:06:00,501
ORD734,U249,R133,2026-04-17 11:31:00,253
ORD735,U249,R43,2026-04-17 19:19:00,461
ORD736,U908,R20,2026-04-17 14:45:00,133
ORD737,U779,R170,2026-04-17 13:49:00,262
ORD738,U994,R22,2026-04-17 10:11:00,595
ORD739,U701,R132,2026-04-17 10:58:00,641
ORD740,U530,R198,2026-04-17 16:58:00,648
ORD741,U665,R68,2026-04-17 12:49:00,269
ORD742,U808,R162,2026-04-17 16:14:00,513
ORD743,U534,R134,2026-04-17 18:40:00,452
ORD744,U874,R41,2026-04-17 16:41:00,601
ORD745,U386,R199,2026-04-17 10:12:00,572
ORD746,U540,R73,2026-04-17 14:02:00,152
ORD747,U664,R92,2026-04-17 10:40:00,483
ORD748,U817,R1,2026-04-17 18:37:00,752
ORD749,U817,R101,2026-04-17 16:45:00,663
ORD750,U218,R200,2026-04-17 19:07:00,202
ORD751,U722,R1,2026-04-17 18:28:00,404
ORD752,U241,R45,2026-04-17 19:16:00,363
ORD753,U810,R75,2026-04-17 13:28:00,758
ORD754,U420,R186,2026-04-17 10:57:00,159
ORD755,U916,R32,2026-04-17 19:41:00,555
ORD756,U342,R53,2026-04-17 18:03:00,586
ORD757,U692,R63,2026-04-17 13:32:00,126
ORD758,U490,R187,2026-04-17 19:36:00,660
ORD759,U239,R51,2026-04-17 12:46:00,368
ORD760,U757,R5,2026-04-17 16:44:00,458
ORD761,U972,R144,2026-04-17 11:07:00,145
ORD762,U773,R111,2026-04-17 19:26:00,557
ORD763,U291,R176,2026-04-17 18:40:00,229
ORD764,U230,R175,2026-04-17 16:37:00,607
ORD765,U401,R89,2026-04-17 12:21:00,520
ORD766,U98,R195,2026-04-17 12:07:00,753
ORD767,U508,R45,2026-04-17 15:32:00,540
ORD768,U249,R186,2026-04-17 18:12:00,231
ORD769,U931,R44,2026-04-17 15:28:00,169
ORD770,U25,R19,2026-04-17 17:12:00,354
ORD771,U298,R22,2026-04-17 13:26:00,135
ORD772,U116,R76,2026-04-17 16:47:00,137
ORD773,U234,R157,2026-04-17 13:39:00,196
ORD774,U189,R154,2026-04-17 10:15:00,359
ORD775,U623,R193,2026-04-17 17:43:00,745
ORD776,U641,R74,2026-04-17 13:36:00,175
ORD777,U822,R61,2026-04-17 10:19:00,466
ORD778,U923,R65,2026-04-17 19:37:00,460
ORD779,U801,R194,2026-04-17 12:07:00,566
ORD780,U668,R16,2026-04-17 17:04:00,275
ORD781,U210,R110,2026-04-17 10:32:00,541
ORD782,U477,R19,2026-04-17 12:13:00,157
ORD783,U101,R151,2026-04-17 16:23:00,707
ORD784,U729,R4,2026-04-17 12:03:00,523
ORD785,U388,R192,2026-04-17 14:11:00,659
ORD786,U399,R129,2026-04-17 17:09:00,357
ORD787,U367,R8,2026-04-17 11:03:00,173
ORD788,U44,R175,2026-04-17 17:44:00,767
ORD789,U712,R30,2026-04-17 16:59:00,404
ORD790,U394,R116,2026-04-17 12:06:00,672
ORD791,U455,R127,2026-04-17 11:44:00,674
ORD792,U720,R126,2026-04-17 16:50:00,711
ORD793,U567,R57,2026-04-17 11:05:00,627
ORD794,U637,R160,2026-04-17 18:19:00,381
ORD795,U906,R129,2026-04-17 16:49:00,795
ORD796,U423,R12,2026-04-17 19:03:00,427
ORD797,U56,R146,2026-04-17 14:23:00,746
ORD798,U888,R120,2026-04-17 14:17:00,210
ORD799,U748,R196,2026-04-17 12:54:00,626
ORD800,U433,R76,2026-04-17 15:49:00,720
ORD801,U946,R61,2026-04-17 11:01:00,275
ORD802,U755,R70,2026-04-17 16:23:00,723
ORD803,U882,R163,2026-04-17 19:53:00,148
ORD804,U252,R62,2026-04-17 17:54:00,358
ORD805,U819,R111,2026-04-17 10:10:00,568
ORD806,U140,R1,2026-04-17 19:16:00,709
ORD807,U585,R35,2026-04-17 17:30:00,724
ORD808,U168,R113,2026-04-17 15:16:00,637
ORD809,U998,R167,2026-04-17 12:07:00,230
ORD810,U228,R80,2026-04-17 15:37:00,137
ORD811,U316,R89,2026-04-17 11:21:00,377
ORD812,U608,R123,2026-04-17 13:57:00,639
ORD813,U329,R81,2026-04-17 12:26:00,379
ORD814,U453,R79,2026-04-17 18:45:00,799
ORD815,U22,R150,2026-04-17 14:25:00,302
ORD816,U470,R110,2026-04-17 12:02:00,647
ORD817,U404,R150,2026-04-17 12:22:00,121
ORD818,U879,R153,2026-04-17 17:09:00,337
ORD819,U345,R178,2026-04-17 10:38:00,364
ORD820,U916,R172,2026-04-17 17:56:00,612
ORD821,U24,R30,2026-04-17 16:05:00,360
ORD822,U834,R83,2026-04-17 19:16:00,664
ORD823,U848,R185,2026-04-17 15:04:00,174
ORD824,U652,R92,2026-04-17 14:23:00,139
ORD825,U918,R127,2026-04-17 12:33:00,147
ORD826,U322,R24,2026-04-17 17:21:00,718
ORD827,U928,R175,2026-04-17 17:29:00,723
ORD828,U943,R87,2026-04-17 16:40:00,733
ORD829,U36,R177,2026-04-17 11:10:00,548
ORD830,U176,R108,2026-04-17 12:33:00,218
ORD831,U317,R35,2026-04-17 14:55:00,130
ORD832,U909,R24,2026-04-17 12:33:00,763
ORD833,U372,R16,2026-04-17 19:25:00,791
ORD834,U894,R65,2026-04-17 19:11:00,738
ORD835,U493,R26,2026-04-17 15:33:00,154
ORD836,U262,R170,2026-04-17 12:45:00,644
ORD837,U739,R192,2026-04-17 15:15:00,125
ORD838,U865,R89,2026-04-17 12:25:00,105
ORD839,U186,R22,2026-04-17 13:50:00,171
ORD840,U210,R35,2026-04-17 14:15:00,571
ORD841,U849,R199,2026-04-17 11:07:00,594
ORD842,U662,R24,2026-04-17 11:21:00,334
ORD843,U895,R165,2026-04-17 19:57:00,465
ORD844,U685,R30,2026-04-17 18:15:00,742
ORD845,U447,R193,2026-04-17 14:40:00,555
ORD846,U308,R125,2026-04-17 16:27:00,101
ORD847,U212,R40,2026-04-17 16:12:00,345
ORD848,U956,R50,2026-04-17 16:28:00,431
ORD849,U580,R149,2026-04-17 13:59:00,345
ORD850,U562,R78,2026-04-17 17:43:00,493
ORD851,U902,R79,2026-04-17 18:25:00,143
ORD852,U690,R6,2026-04-17 18:41:00,350
ORD853,U576,R141,2026-04-17 16:24:00,472
ORD854,U39,R60,2026-04-17 10:50:00,394
ORD855,U301,R157,2026-04-17 16:13:00,608
ORD856,U94,R93,2026-04-17 17:50:00,614
ORD857,U187,R132,2026-04-17 17:50:00,485
ORD858,U735,R85,2026-04-17 18:14:00,406
ORD859,U695,R64,2026-04-17 18:20:00,657
ORD860,U579,R142,2026-04-17 14:03:00,356
ORD861,U872,R3,2026-04-17 18:58:00,248
ORD862,U852,R82,2026-04-17 12:24:00,526
ORD863,U261,R154,2026-04-17 14:24:00,208
ORD864,U128,R189,2026-04-17 12:09:00,655
ORD865,U694,R32,2026-04-17 17:59:00,609
ORD866,U170,R181,2026-04-17 14:23:00,400
ORD867,U65,R138,2026-04-17 11:08:00,118
ORD868,U339,R177,2026-04-17 11:07:00,686
ORD869,U268,R116,2026-04-17 17:45:00,699
ORD870,U516,R112,2026-04-17 12:59:00,251
ORD871,U875,R33,2026-04-17 13:47:00,769
ORD872,U454,R122,2026-04-17 12:22:00,429
ORD873,U976,R7,2026-04-17 16:11:00,197
ORD874,U310,R21,2026-04-17 12:13:00,427
ORD875,U591,R31,2026-04-17 12:54:00,406
ORD876,U361,R191,2026-04-17 16:09:00,107
ORD877,U975,R81,2026-04-17 17:31:00,596
ORD878,U104,R99,2026-04-17 15:38:00,256
ORD879,U363,R170,2026-04-17 19:20:00,537
ORD880,U539,R90,2026-04-17 15:25:00,380
ORD881,U334,R118,2026-04-17 10:57:00,158
ORD882,U899,R191,2026-04-17 12:30:00,274
ORD883,U521,R165,2026-04-17 13:21:00,591
ORD884,U620,R76,2026-04-17 10:06:00,420
ORD885,U900,R44,2026-04-17 16:59:00,731
ORD886,U291,R52,2026-04-17 18:46:00,459
ORD887,U777,R189,2026-04-17 17:20:00,280
ORD888,U738,R104,2026-04-17 18:26:00,382
ORD889,U169,R46,2026-04-17 11:09:00,796
ORD890,U694,R93,2026-04-17 13:38:00,352
ORD891,U120,R95,2026-04-17 10:51:00,549
ORD892,U473,R171,2026-04-17 16:21:00,422
ORD893,U329,R180,2026-04-17 12:43:00,777
ORD894,U282,R106,2026-04-17 11:24:00,656
ORD895,U11,R34,2026-04-17 16:34:00,412
ORD896,U959,R22,2026-04-17 11:05:00,425
ORD897,U48,R35,2026-04-17 15:53:00,512
ORD898,U156,R43,2026-04-17 10:46:00,297
ORD899,U457,R42,2026-04-17 14:33:00,181
ORD900,U123,R69,2026-04-17 14:33:00,701
ORD901,U563,R11,2026-04-17 12:57:00,543
ORD902,U508,R173,2026-04-17 19:17:00,418
ORD903,U662,R107,2026-04-17 12:47:00,643
ORD904,U10,R167,2026-04-17 15:38:00,323
ORD905,U194,R121,2026-04-17 16:20:00,746
ORD906,U963,R164,2026-04-17 17:43:00,510
ORD907,U676,R67,2026-04-17 16:02:00,534
ORD908,U471,R16,2026-04-17 14:23:00,142
ORD909,U200,R10,2026-04-17 18:29:00,593
ORD910,U20,R16,2026-04-17 11:47:00,535
ORD911,U271,R159,2026-04-17 18:29:00,259
ORD912,U730,R68,2026-04-17 18:10:00,442
ORD913,U87,R23,2026-04-17 17:09:00,552
ORD914,U613,R80,2026-04-17 18:51:00,721
ORD915,U150,R140,2026-04-17 16:20:00,502
ORD916,U606,R29,2026-04-17 15:44:00,109
ORD917,U402,R102,2026-04-17 18:13:00,510
ORD918,U584,R198,2026-04-17 13:54:00,501
ORD919,U200,R25,2026-04-17 17:30:00,581
ORD920,U370,R99,2026-04-17 19:20:00,139
ORD921,U465,R58,2026-04-17 18:44:00,578
ORD922,U688,R9,2026-04-17 14:00:00,460
ORD923,U28,R111,2026-04-17 18:25:00,335
ORD924,U62,R88,2026-04-17 19:05:00,174
ORD925,U561,R156,2026-04-17 12:01:00,224
ORD926,U233,R35,2026-04-17 17:39:00,299
ORD927,U20,R20,2026-04-17 19:59:00,562
ORD928,U167,R26,2026-04-17 13:08:00,450
ORD929,U394,R170,2026-04-17 11:49:00,223
ORD930,U798,R129,2026-04-17 13:23:00,632
ORD931,U705,R50,2026-04-17 13:56:00,789
ORD932,U690,R172,2026-04-17 14:30:00,421
ORD933,U428,R28,2026-04-17 14:05:00,131
ORD934,U326,R79,2026-04-17 11:54:00,703
ORD935,U801,R172,2026-04-17 16:27:00,365
ORD936,U314,R195,2026-04-17 19:56:00,172
ORD937,U698,R176,2026-04-17 12:32:00,756
ORD938,U870,R88,2026-04-17 16:22:00,412
ORD939,U313,R104,2026-04-17 10:25:00,795
ORD940,U928,R31,2026-04-17 10:42:00,471
ORD941,U187,R109,2026-04-17 15:31:00,533
ORD942,U621,R143,2026-04-17 11:35:00,286
ORD943,U86,R39,2026-04-17 19:04:00,524
ORD944,U604,R12,2026-04-17 19:07:00,587
ORD945,U291,R28,2026-04-17 14:42:00,771
ORD946,U604,R140,2026-04-17 18:17:00,354
ORD947,U750,R26,2026-04-17 11:36:00,230
ORD948,U403,R182,2026-04-17 19:53:00,285
ORD949,U804,R92,2026-04-17 17:43:00,757
ORD950,U235,R70,2026-04-17 13:18:00,518
ORD951,U610,R90,2026-04-17 13:45:00,141
ORD952,U700,R36,2026-04-17 11:30:00,449
ORD953,U542,R72,2026-04-17 16:03:00,284
ORD954,U802,R137,2026-04-17 12:41:00,168
ORD955,U417,R82,2026-04-17 17:07:00,408
ORD956,U505,R92,2026-04-17 18:02:00,441
ORD957,U153,R185,2026-04-17 12:16:00,536
ORD958,U151,R165,2026-04-17 16:27:00,407
ORD959,U309,R127,2026-04-17 15:28:00,116
ORD960,U55,R93,2026-04-17 13:06:00,699
ORD961,U48,R11,2026-04-17 19:13:00,165
ORD962,U894,R183,2026-04-17 10:39:00,183
ORD963,U626,R148,2026-04-17 14:07:00,654
ORD964,U758,R80,2026-04-17 14:41:00,185
ORD965,U609,R27,2026-04-17 13:58:00,467
ORD966,U586,R47,2026-04-17 11:26:00,540
ORD967,U803,R196,2026-04-17 16:34:00,296
ORD968,U440,R103,2026-04-17 10:18:00,512
ORD969,U341,R199,2026-04-17 16:51:00,725
ORD970,U687,R2,2026-04-17 13:59:00,283
ORD971,U954,R139,2026-04-17 11:39:00,140
ORD972,U858,R6,2026-04-17 17:55:00,388
ORD973,U605,R153,2026-04-17 10:55:00,626
ORD974,U784,R71,2026-04-17 13:06:00,786
ORD975,U662,R151,2026-04-17 15:42:00,797
ORD976,U994,R174,2026-04-17 12:35:00,691
ORD977,U863,R134,2026-04-17 12:16:00,165
ORD978,U528,R144,2026-04-17 12:48:00,101
ORD979,U961,R88,2026-04-17 15:47:00,516
ORD980,U591,R119,2026-04-17 19:34:00,186
ORD981,U623,R159,2026-04-17 14:38:00,234
ORD982,U478,R84,2026-04-17 11:19:00,180
ORD983,U177,R120,2026-04-17 14:59:00,741
ORD984,U395,R194,2026-04-17 10:01:00,599
ORD985,U799,R87,2026-04-17 13:40:00,482
ORD986,U631,R180,2026-04-17 10:44:00,378
ORD987,U390,R160,2026-04-17 18:32:00,449
ORD988,U617,R119,2026-04-17 18:53:00,400
ORD989,U177,R190,2026-04-17 13:14:00,558
ORD990,U828,R175,2026-04-17 17:52:00,583
ORD991,U155,R71,2026-04-17 17:38:00,351
ORD992,U403,R135,2026-04-17 18:15:00,677
ORD993,U609,R133,2026-04-17 14:18:00,565
ORD994,U573,R133,2026-04-17 18:33:00,299
ORD995,U259,R146,2026-04-17 15:39:00,465
ORD996,U521,R20,2026-04-17 13:20:00,524
ORD997,U711,R1,2026-04-17 10:15:00,646
ORD998,U652,R74,2026-04-17 11:19:00,259
ORD999,U109,R127,2026-04-17 14:39:00,295
ORD1000,U234,R173,2026-04-17 12:11:00,277
ORD1001,U468,R11,2026-04-17 11:46:00,621
ORD1002,U630,R103,2026-04-17 18:17:00,148
ORD1003,U121,R69,2026-04-17 15:44:00,331
ORD1004,U994,R161,2026-04-17 16:27:00,128
ORD1005,U747,R162,2026-04-17 15:28:00,291
ORD1006,U402,R135,2026-04-17 11:27:00,439
ORD1007,U815,R186,2026-04-17 13:46:00,297
ORD1008,U665,R199,2026-04-17 16:38:00,655
ORD1009,U315,R98,2026-04-17 19:42:00,537
ORD1010,U775,R159,2026-04-17 16:32:00,391
ORD1011,U587,R113,2026-04-17 18:04:00,490
ORD1012,U456,R110,2026-04-17 15:30:00,194
ORD1013,U863,R61,2026-04-17 13:27:00,758
ORD1014,U864,R57,2026-04-17 14:19:00,248
ORD1015,U133,R179,2026-04-17 15:41:00,128
ORD1016,U455,R176,2026-04-17 19:03:00,606
ORD1017,U483,R48,2026-04-17 16:42:00,735
ORD1018,U896,R84,2026-04-17 13:49:00,619
ORD1019,U187,R32,2026-04-17 19:20:00,788
ORD1020,U561,R68,2026-04-17 15:28:00,325
ORD1021,U764,R181,2026-04-17 18:24:00,118
ORD1022,U684,R129,2026-04-17 17:51:00,438
ORD1023,U377,R197,2026-04-17 14:36:00,459
ORD1024,U794,R68,2026-04-17 13:23:00,462
ORD1025,U911,R21,2026-04-17 11:11:00,399
ORD1026,U300,R46,2026-04-17 13:12:00,131
ORD1027,U315,R4,2026-04-17 12:36:00,545
ORD1028,U921,R57,2026-04-17 11:17:00,226
ORD1029,U715,R4,2026-04-17 12:12:00,483
ORD1030,U264,R51,2026-04-17 17:58:00,616
ORD1031,U739,R173,2026-04-17 17:10:00,582
ORD1032,U229,R115,2026-04-17 15:00:00,637
ORD1033,U581,R170,2026-04-17 15:22:00,721
ORD1034,U611,R101,2026-04-17 17:42:00,511
ORD1035,U164,R191,2026-04-17 15:59:00,544
ORD1036,U632,R151,2026-04-17 10:40:00,131
ORD1037,U921,R174,2026-04-17 17:18:00,236
ORD1038,U85,R155,2026-04-17 14:53:00,500
ORD1039,U957,R72,2026-04-17 11:56:00,763
ORD1040,U156,R180,2026-04-17 14:14:00,256
ORD1041,U470,R150,2026-04-17 17:33:00,633
ORD1042,U214,R57,2026-04-17 17:48:00,691
ORD1043,U908,R58,2026-04-17 15:21:00,697
ORD1044,U570,R35,2026-04-17 10:44:00,574
ORD1045,U855,R119,2026-04-17 18:27:00,418
ORD1046,U557,R12,2026-04-17 13:13:00,114
ORD1047,U471,R83,2026-04-17 18:17:00,219
ORD1048,U220,R119,2026-04-17 19:57:00,594
ORD1049,U868,R59,2026-04-17 13:42:00,765
ORD1050,U553,R132,2026-04-17 13:37:00,131
ORD1051,U846,R178,2026-04-17 19:04:00,631
ORD1052,U653,R29,2026-04-17 15:00:00,161
ORD1053,U340,R118,2026-04-17 16:22:00,262
ORD1054,U232,R186,2026-04-17 19:13:00,196
ORD1055,U701,R30,2026-04-17 13:37:00,345
ORD1056,U573,R120,2026-04-17 10:32:00,402
ORD1057,U682,R37,2026-04-17 16:02:00,229
ORD1058,U917,R4,2026-04-17 13:19:00,608
ORD1059,U842,R154,2026-04-17 13:37:00,790
ORD1060,U932,R156,2026-04-17 18:13:00,288
ORD1061,U942,R176,2026-04-17 13:01:00,161
ORD1062,U920,R113,2026-04-17 19:53:00,666
ORD1063,U206,R68,2026-04-17 15:08:00,678
ORD1064,U231,R179,2026-04-17 17:43:00,276
ORD1065,U831,R122,2026-04-17 15:03:00,277
ORD1066,U77,R130,2026-04-17 12:40:00,710
ORD1067,U461,R163,2026-04-17 19:18:00,688
ORD1068,U288,R7,2026-04-17 13:50:00,295
ORD1069,U984,R1,2026-04-17 17:10:00,482
ORD1070,U266,R24,2026-04-17 15:56:00,628
ORD1071,U556,R161,2026-04-17 13:40:00,702
ORD1072,U525,R67,2026-04-17 14:14:00,631
ORD1073,U546,R72,2026-04-17 14:31:00,799
ORD1074,U702,R110,2026-04-17 12:13:00,394
ORD1075,U665,R185,2026-04-17 13:51:00,682
ORD1076,U401,R178,2026-04-17 19:10:00,462
ORD1077,U887,R85,2026-04-17 11:47:00,314
ORD1078,U717,R95,2026-04-17 14:44:00,794
ORD1079,U158,R182,2026-04-17 12:55:00,366
ORD1080,U307,R79,2026-04-17 14:25:00,493
ORD1081,U47,R162,2026-04-17 14:35:00,174
ORD1082,U165,R52,2026-04-17 18:05:00,484
ORD1083,U858,R173,2026-04-17 11:34:00,253
ORD1084,U311,R71,2026-04-17 16:07:00,332
ORD1085,U202,R135,2026-04-17 17:52:00,311
ORD1086,U73,R125,2026-04-17 13:08:00,756
ORD1087,U665,R1,2026-04-17 12:09:00,580
ORD1088,U40,R63,2026-04-17 18:18:00,471
ORD1089,U779,R19,2026-04-17 13:35:00,238
ORD1090,U52,R37,2026-04-17 10:24:00,126
ORD1091,U735,R60,2026-04-17 19:13:00,496
ORD1092,U413,R54,2026-04-17 18:43:00,145
ORD1093,U384,R40,2026-04-17 17:06:00,218
ORD1094,U967,R123,2026-04-17 17:14:00,474
ORD1095,U569,R16,2026-04-17 14:38:00,273
ORD1096,U544,R152,2026-04-17 11:37:00,574
ORD1097,U924,R66,2026-04-17 10:04:00,169
ORD1098,U301,R167,2026-04-17 19:43:00,154
ORD1099,U837,R81,2026-04-17 18:30:00,549
ORD1100,U532,R174,2026-04-17 12:36:00,797
ORD1101,U834,R123,2026-04-17 15:09:00,373
ORD1102,U498,R86,2026-04-17 16:27:00,647
ORD1103,U757,R78,2026-04-17 13:20:00,787
ORD1104,U473,R84,2026-04-17 13:36:00,250
ORD1105,U63,R45,2026-04-17 10:07:00,573
ORD1106,U147,R152,2026-04-17 14:10:00,621
ORD1107,U458,R67,2026-04-17 14:08:00,495
ORD1108,U444,R63,2026-04-17 10:25:00,103
ORD1109,U976,R52,2026-04-17 12:24:00,785
ORD1110,U84,R116,2026-04-17 16:49:00,681
ORD1111,U207,R194,2026-04-17 19:07:00,589
ORD1112,U317,R129,2026-04-17 12:39:00,602
ORD1113,U332,R145,2026-04-17 14:28:00,632
ORD1114,U26,R103,2026-04-17 19:00:00,589
ORD1115,U437,R92,2026-04-17 15:31:00,355
ORD1116,U230,R77,2026-04-17 11:24:00,126
ORD1117,U112,R190,2026-04-17 19:12:00,366
ORD1118,U257,R70,2026-04-17 11:06:00,544
ORD1119,U656,R35,2026-04-17 16:06:00,239
ORD1120,U533,R194,2026-04-17 19:47:00,759
ORD1121,U800,R148,2026-04-17 15:29:00,125
ORD1122,U499,R90,2026-04-17 16:55:00,111
ORD1123,U613,R145,2026-04-17 15:58:00,367
ORD1124,U874,R149,2026-04-17 14:51:00,164
ORD1125,U87,R172,2026-04-17 10:45:00,535
ORD1126,U689,R182,2026-04-17 19:19:00,729
ORD1127,U453,R30,2026-04-17 11:19:00,521
ORD1128,U87,R123,2026-04-17 14:26:00,333
ORD1129,U127,R158,2026-04-17 19:24:00,731
ORD1130,U200,R101,2026-04-17 13:54:00,242
ORD1131,U81,R90,2026-04-17 13:51:00,311
ORD1132,U424,R58,2026-04-17 19:03:00,794
ORD1133,U687,R110,2026-04-17 15:27:00,100
ORD1134,U179,R194,2026-04-17 18:07:00,359
ORD1135,U524,R15,2026-04-17 12:05:00,777
ORD1136,U664,R133,2026-04-17 16:38:00,275
ORD1137,U274,R88,2026-04-17 14:56:00,774
ORD1138,U537,R22,2026-04-17 18:57:00,168
ORD1139,U531,R64,2026-04-17 13:43:00,769
ORD1140,U204,R113,2026-04-17 11:41:00,758
ORD1141,U92,R182,2026-04-17 14:11:00,250
ORD1142,U215,R142,2026-04-17 12:22:00,493
ORD1143,U978,R112,2026-04-17 15:44:00,451
ORD1144,U688,R158,2026-04-17 18:26:00,444
ORD1145,U625,R96,2026-04-17 14:57:00,750
ORD1146,U402,R189,2026-04-17 11:09:00,200
ORD1147,U924,R34,2026-04-17 17:24:00,372
ORD1148,U223,R46,2026-04-17 19:39:00,432
ORD1149,U495,R102,2026-04-17 16:44:00,498
ORD1150,U194,R30,2026-04-17 18:28:00,290
ORD1151,U258,R82,2026-04-17 16:59:00,408
ORD1152,U169,R152,2026-04-17 12:43:00,617
ORD1153,U177,R187,2026-04-17 18:51:00,522
ORD1154,U196,R122,2026-04-17 18:06:00,707
ORD1155,U435,R47,2026-04-17 12:17:00,469
ORD1156,U347,R140,2026-04-17 15:51:00,412
ORD1157,U434,R50,2026-04-17 10:07:00,540
ORD1158,U644,R18,2026-04-17 12:13:00,652
ORD1159,U8,R159,2026-04-17 17:42:00,497
ORD1160,U883,R193,2026-04-17 11:36:00,249
ORD1161,U344,R78,2026-04-17 10:09:00,119
ORD1162,U471,R13,2026-04-17 19:32:00,124
ORD1163,U22,R149,2026-04-17 15:22:00,525
ORD1164,U643,R123,2026-04-17 17:07:00,400
ORD1165,U491,R139,2026-04-17 17:05:00,108
ORD1166,U25,R66,2026-04-17 11:19:00,726
ORD1167,U408,R141,2026-04-17 16:00:00,522
ORD1168,U243,R41,2026-04-17 19:42:00,246
ORD1169,U134,R34,2026-04-17 19:40:00,105
ORD1170,U195,R155,2026-04-17 10:54:00,781
ORD1171,U769,R43,2026-04-17 14:51:00,353
ORD1172,U161,R138,2026-04-17 20:00:00,538
ORD1173,U433,R122,2026-04-17 11:19:00,276
ORD1174,U218,R149,2026-04-17 13:19:00,743
ORD1175,U26,R94,2026-04-17 18:04:00,261
ORD1176,U798,R157,2026-04-17 11:18:00,402
ORD1177,U867,R6,2026-04-17 10:29:00,658
ORD1178,U818,R150,2026-04-17 16:39:00,307
ORD1179,U408,R11,2026-04-17 14:10:00,252
ORD1180,U149,R64,2026-04-17 14:28:00,331
ORD1181,U108,R149,2026-04-17 16:04:00,122
ORD1182,U131,R135,2026-04-17 12:12:00,674
ORD1183,U293,R177,2026-04-17 18:20:00,258
ORD1184,U87,R113,2026-04-17 16:51:00,206
ORD1185,U643,R131,2026-04-17 11:17:00,302
ORD1186,U514,R97,2026-04-17 17:49:00,379
ORD1187,U291,R4,2026-04-17 16:19:00,601
ORD1188,U479,R25,2026-04-17 10:34:00,129
ORD1189,U384,R123,2026-04-17 14:10:00,397
ORD1190,U99,R3,2026-04-17 18:35:00,400
ORD1191,U790,R34,2026-04-17 10:35:00,593
ORD1192,U491,R42,2026-04-17 19:53:00,464
ORD1193,U703,R37,2026-04-17 13:18:00,749
ORD1194,U188,R146,2026-04-17 17:12:00,578
ORD1195,U122,R68,2026-04-17 13:59:00,188
ORD1196,U588,R4,2026-04-17 15:20:00,180
ORD1197,U41,R93,2026-04-17 12:04:00,738
ORD1198,U69,R18,2026-04-17 12:04:00,509
ORD1199,U752,R170,2026-04-17 14:15:00,775
ORD1200,U335,R173,2026-04-17 14:00:00,546
ORD1201,U441,R161,2026-04-17 16:28:00,681
ORD1202,U179,R115,2026-04-17 19:19:00,427
ORD1203,U685,R117,2026-04-17 17:16:00,714
ORD1204,U538,R57,2026-04-17 12:41:00,561
ORD1205,U803,R85,2026-04-17 17:05:00,774
ORD1206,U807,R164,2026-04-17 19:26:00,119
ORD1207,U198,R50,2026-04-17 10:54:00,542
ORD1208,U798,R157,2026-04-17 19:36:00,366
ORD1209,U673,R88,2026-04-17 12:18:00,387
ORD1210,U854,R132,2026-04-17 11:14:00,658
ORD1211,U277,R37,2026-04-17 16:56:00,695
ORD1212,U625,R8,2026-04-17 14:01:00,217
ORD1213,U417,R34,2026-04-17 17:17:00,687
ORD1214,U901,R37,2026-04-17 11:38:00,147
ORD1215,U853,R100,2026-04-17 18:26:00,162
ORD1216,U704,R76,2026-04-17 10:25:00,310
ORD1217,U591,R105,2026-04-17 17:11:00,111
ORD1218,U385,R131,2026-04-17 10:39:00,607
ORD1219,U375,R85,2026-04-17 13:53:00,677
ORD1220,U730,R60,2026-04-17 13:49:00,139
ORD1221,U935,R151,2026-04-17 16:16:00,415
ORD1222,U44,R28,2026-04-17 10:36:00,783
ORD1223,U820,R100,2026-04-17 15:00:00,558
ORD1224,U410,R56,2026-04-17 13:57:00,172
ORD1225,U815,R10,2026-04-17 19:23:00,749
ORD1226,U897,R45,2026-04-17 15:55:00,337
ORD1227,U138,R7,2026-04-17 15:38:00,555
ORD1228,U184,R129,2026-04-17 15:08:00,146
ORD1229,U379,R32,2026-04-17 12:30:00,210
ORD1230,U380,R83,2026-04-17 15:36:00,258
ORD1231,U762,R103,2026-04-17 18:18:00,589
ORD1232,U201,R80,2026-04-17 19:24:00,677
ORD1233,U179,R190,2026-04-17 16:44:00,638
ORD1234,U992,R83,2026-04-17 18:29:00,383
ORD1235,U313,R140,2026-04-17 14:11:00,525
ORD1236,U975,R40,2026-04-17 15:29:00,605
ORD1237,U939,R35,2026-04-17 13:03:00,557
ORD1238,U713,R198,2026-04-17 18:11:00,125
ORD1239,U522,R143,2026-04-17 19:07:00,518
ORD1240,U493,R188,2026-04-17 12:31:00,168
ORD1241,U998,R96,2026-04-17 14:49:00,447
ORD1242,U343,R110,2026-04-17 19:27:00,749
ORD1243,U448,R5,2026-04-17 11:13:00,212
ORD1244,U395,R193,2026-04-17 16:16:00,637
ORD1245,U805,R137,2026-04-17 15:02:00,424
ORD1246,U322,R63,2026-04-17 12:12:00,374
ORD1247,U111,R193,2026-04-17 12:34:00,325
ORD1248,U211,R101,2026-04-17 15:37:00,488
ORD1249,U220,R138,2026-04-17 16:49:00,344
ORD1250,U201,R20,2026-04-17 19:26:00,722
ORD1251,U488,R164,2026-04-17 14:22:00,781
ORD1252,U348,R69,2026-04-17 15:18:00,464
ORD1253,U22,R200,2026-04-17 14:27:00,479
ORD1254,U534,R20,2026-04-17 17:37:00,637
ORD1255,U953,R8,2026-04-17 17:24:00,150
ORD1256,U70,R42,2026-04-17 17:16:00,581
ORD1257,U726,R112,2026-04-17 16:30:00,254
ORD1258,U527,R22,2026-04-17 14:32:00,409
ORD1259,U485,R74,2026-04-17 17:08:00,304
ORD1260,U628,R169,2026-04-17 12:23:00,480
ORD1261,U890,R115,2026-04-17 15:24:00,174
ORD1262,U103,R63,2026-04-17 11:59:00,224
ORD1263,U569,R99,2026-04-17 19:26:00,352
ORD1264,U177,R143,2026-04-17 12:03:00,328
ORD1265,U728,R200,2026-04-17 10:27:00,137
ORD1266,U1,R125,2026-04-17 17:53:00,636
ORD1267,U349,R174,2026-04-17 16:19:00,308
ORD1268,U549,R86,2026-04-17 19:58:00,228
ORD1269,U22,R178,2026-04-17 11:54:00,384
ORD1270,U308,R172,2026-04-17 12:33:00,227
ORD1271,U608,R108,2026-04-17 17:27:00,333
ORD1272,U270,R24,2026-04-17 10:51:00,317
ORD1273,U748,R189,2026-04-17 13:51:00,639
ORD1274,U773,R34,2026-04-17 14:51:00,735
ORD1275,U973,R7,2026-04-17 11:22:00,502
ORD1276,U637,R200,2026-04-17 19:45:00,166
ORD1277,U599,R39,2026-04-17 19:56:00,139
ORD1278,U734,R5,2026-04-17 18:23:00,688
ORD1279,U978,R101,2026-04-17 16:20:00,431
ORD1280,U327,R146,2026-04-17 16:51:00,320
ORD1281,U161,R43,2026-04-17 13:08:00,101
ORD1282,U270,R37,2026-04-17 12:38:00,542
ORD1283,U489,R104,2026-04-17 19:33:00,511
ORD1284,U87,R185,2026-04-17 13:22:00,781
ORD1285,U376,R174,2026-04-17 12:10:00,102
ORD1286,U692,R27,2026-04-17 11:51:00,327
ORD1287,U444,R53,2026-04-17 10:08:00,606
ORD1288,U676,R91,2026-04-17 16:09:00,340
ORD1289,U900,R68,2026-04-17 18:35:00,277
ORD1290,U129,R173,2026-04-17 16:38:00,306
ORD1291,U880,R155,2026-04-17 16:31:00,635
ORD1292,U868,R192,2026-04-17 13:37:00,755
ORD1293,U54,R145,2026-04-17 11:52:00,289
ORD1294,U69,R83,2026-04-17 14:34:00,245
ORD1295,U893,R11,2026-04-17 17:06:00,726
ORD1296,U366,R114,2026-04-17 18:24:00,666
ORD1297,U77,R195,2026-04-17 17:13:00,186
ORD1298,U92,R82,2026-04-17 18:27:00,136
ORD1299,U857,R152,2026-04-17 10:10:00,143
ORD1300,U924,R116,2026-04-17 11:28:00,586
ORD1301,U336,R162,2026-04-17 19:22:00,620
ORD1302,U524,R22,2026-04-17 19:58:00,746
ORD1303,U210,R11,2026-04-17 11:34:00,532
ORD1304,U289,R40,2026-04-17 14:58:00,288
ORD1305,U148,R92,2026-04-17 15:11:00,599
ORD1306,U283,R66,2026-04-17 15:41:00,103
ORD1307,U955,R81,2026-04-17 17:44:00,409
ORD1308,U688,R183,2026-04-17 10:07:00,616
ORD1309,U696,R82,2026-04-17 12:41:00,615
ORD1310,U363,R49,2026-04-17 10:22:00,623
ORD1311,U664,R193,2026-04-17 10:28:00,793
ORD1312,U302,R21,2026-04-17 12:05:00,619
ORD1313,U196,R9,2026-04-17 14:31:00,554
ORD1314,U590,R47,2026-04-17 14:36:00,665
ORD1315,U220,R194,2026-04-17 18:00:00,662
ORD1316,U80,R165,2026-04-17 14:28:00,394
ORD1317,U631,R75,2026-04-17 11:51:00,486
ORD1318,U490,R121,2026-04-17 12:01:00,497
ORD1319,U841,R70,2026-04-17 17:33:00,390
ORD1320,U584,R61,2026-04-17 10:46:00,796
ORD1321,U335,R15,2026-04-17 18:31:00,173
ORD1322,U465,R158,2026-04-17 13:27:00,138
ORD1323,U131,R87,2026-04-17 10:42:00,663
ORD1324,U146,R9,2026-04-17 11:11:00,309
ORD1325,U71,R118,2026-04-17 10:51:00,791
ORD1326,U253,R173,2026-04-17 16:21:00,499
ORD1327,U227,R187,2026-04-17 11:47:00,295
ORD1328,U435,R110,2026-04-17 18:27:00,510
ORD1329,U838,R135,2026-04-17 13:15:00,749
ORD1330,U773,R104,2026-04-17 13:57:00,162
ORD1331,U156,R166,2026-04-17 19:44:00,133
ORD1332,U107,R1,2026-04-17 17:23:00,732
ORD1333,U53,R26,2026-04-17 13:36:00,712
ORD1334,U354,R58,2026-04-17 11:22:00,761
ORD1335,U667,R26,2026-04-17 18:14:00,786
ORD1336,U854,R96,2026-04-17 19:37:00,407
ORD1337,U64,R47,2026-04-17 16:28:00,179
ORD1338,U425,R149,2026-04-17 16:46:00,167
ORD1339,U125,R10,2026-04-17 16:46:00,261
ORD1340,U928,R15,2026-04-17 14:13:00,465
ORD1341,U907,R196,2026-04-17 16:47:00,310
ORD1342,U924,R168,2026-04-17 12:38:00,227
ORD1343,U393,R63,2026-04-17 12:23:00,312
ORD1344,U867,R29,2026-04-17 15:37:00,780
ORD1345,U150,R74,2026-04-17 10:55:00,581
ORD1346,U640,R167,2026-04-17 17:19:00,713
ORD1347,U539,R142,2026-04-17 15:20:00,500
ORD1348,U871,R21,2026-04-17 17:22:00,436
ORD1349,U587,R127,2026-04-17 17:44:00,202
ORD1350,U966,R130,2026-04-17 16:49:00,766
ORD1351,U793,R53,2026-04-17 18:06:00,622
ORD1352,U782,R71,2026-04-17 16:42:00,712
ORD1353,U364,R28,2026-04-17 13:47:00,167
ORD1354,U308,R112,2026-04-17 19:35:00,297
ORD1355,U683,R165,2026-04-17 10:48:00,751
ORD1356,U888,R13,2026-04-17 18:49:00,484
ORD1357,U144,R195,2026-04-17 10:47:00,435
ORD1358,U548,R98,2026-04-17 18:04:00,421
ORD1359,U986,R68,2026-04-17 19:47:00,737
ORD1360,U101,R108,2026-04-17 12:47:00,596
ORD1361,U554,R24,2026-04-17 10:00:00,456
ORD1362,U939,R181,2026-04-17 17:42:00,232
ORD1363,U940,R73,2026-04-17 10:36:00,779
ORD1364,U597,R142,2026-04-17 17:54:00,441
ORD1365,U588,R135,2026-04-17 14:08:00,493
ORD1366,U431,R184,2026-04-17 19:01:00,502
ORD1367,U42,R40,2026-04-17 14:44:00,206
ORD1368,U722,R127,2026-04-17 15:19:00,501
ORD1369,U878,R8,2026-04-17 16:08:00,350
ORD1370,U901,R89,2026-04-17 13:48:00,625
ORD1371,U23,R191,2026-04-17 19:28:00,354
ORD1372,U17,R101,2026-04-17 10:53:00,399
ORD1373,U820,R111,2026-04-17 19:36:00,171
ORD1374,U548,R165,2026-04-17 17:34:00,386
ORD1375,U239,R144,2026-04-17 10:39:00,730
ORD1376,U733,R151,2026-04-17 16:34:00,243
ORD1377,U931,R141,2026-04-17 15:47:00,498
ORD1378,U773,R138,2026-04-17 16:03:00,776
ORD1379,U773,R192,2026-04-17 17:07:00,580
ORD1380,U616,R199,2026-04-17 10:17:00,141
ORD1381,U867,R144,2026-04-17 12:15:00,415
ORD1382,U797,R59,2026-04-17 12:01:00,460
ORD1383,U421,R115,2026-04-17 17:18:00,598
ORD1384,U178,R122,2026-04-17 17:53:00,387
ORD1385,U983,R103,2026-04-17 12:23:00,209
ORD1386,U35,R106,2026-04-17 15:02:00,576
ORD1387,U235,R39,2026-04-17 10:14:00,472
ORD1388,U580,R31,2026-04-17 11:36:00,676
ORD1389,U735,R172,2026-04-17 19:05:00,281
ORD1390,U370,R113,2026-04-17 11:14:00,556
ORD1391,U722,R146,2026-04-17 14:40:00,612
ORD1392,U755,R99,2026-04-17 19:33:00,321
ORD1393,U643,R162,2026-04-17 15:29:00,195
ORD1394,U476,R72,2026-04-17 19:23:00,166
ORD1395,U166,R66,2026-04-17 19:22:00,252
ORD1396,U262,R139,2026-04-17 11:44:00,229
ORD1397,U518,R163,2026-04-17 19:04:00,394
ORD1398,U7,R62,2026-04-17 10:49:00,511
ORD1399,U288,R114,2026-04-17 13:32:00,600
ORD1400,U530,R160,2026-04-17 18:31:00,614
ORD1401,U688,R43,2026-04-17 18:58:00,522
ORD1402,U891,R14,2026-04-17 12:17:00,177
ORD1403,U992,R144,2026-04-17 17:54:00,136
ORD1404,U960,R139,2026-04-17 19:35:00,133
ORD1405,U305,R64,2026-04-17 19:49:00,470
ORD1406,U328,R130,2026-04-17 13:29:00,796
ORD1407,U981,R141,2026-04-17 18:15:00,583
ORD1408,U870,R54,2026-04-17 15:44:00,115
ORD1409,U174,R15,2026-04-17 10:32:00,530
ORD1410,U366,R21,2026-04-17 11:48:00,461
ORD1411,U527,R35,2026-04-17 18:46:00,405
ORD1412,U78,R138,2026-04-17 13:42:00,276
ORD1413,U84,R68,2026-04-17 18:48:00,751
ORD1414,U789,R79,2026-04-17 18:34:00,398
ORD1415,U569,R119,2026-04-17 14:01:00,517
ORD1416,U264,R46,2026-04-17 11:03:00,777
ORD1417,U344,R131,2026-04-17 18:06:00,263
ORD1418,U900,R71,2026-04-17 14:48:00,251
ORD1419,U106,R188,2026-04-17 17:50:00,508
ORD1420,U905,R109,2026-04-17 19:21:00,274
ORD1421,U627,R191,2026-04-17 18:29:00,543
ORD1422,U718,R158,2026-04-17 16:13:00,487
ORD1423,U52,R148,2026-04-17 18:54:00,506
ORD1424,U871,R181,2026-04-17 15:01:00,346
ORD1425,U17,R159,2026-04-17 13:45:00,401
ORD1426,U755,R65,2026-04-17 13:53:00,282
ORD1427,U850,R77,2026-04-17 19:49:00,774
ORD1428,U362,R138,2026-04-17 16:18:00,385
ORD1429,U891,R169,2026-04-17 10:18:00,206
ORD1430,U90,R44,2026-04-17 13:43:00,568
ORD1431,U572,R115,2026-04-17 12:53:00,793
ORD1432,U2,R85,2026-04-17 14:02:00,406
ORD1433,U547,R111,2026-04-17 11:04:00,462
ORD1434,U250,R105,2026-04-17 14:45:00,619
ORD1435,U113,R113,2026-04-17 10:33:00,388
ORD1436,U203,R153,2026-04-17 11:40:00,421
ORD1437,U596,R101,2026-04-17 14:29:00,508
ORD1438,U208,R7,2026-04-17 18:38:00,304
ORD1439,U497,R51,2026-04-17 11:26:00,218
ORD1440,U624,R180,2026-04-17 11:30:00,576
ORD1441,U107,R63,2026-04-17 13:00:00,579
ORD1442,U963,R119,2026-04-17 14:07:00,297
ORD1443,U544,R193,2026-04-17 15:47:00,341
ORD1444,U483,R185,2026-04-17 16:45:00,568
ORD1445,U324,R43,2026-04-17 14:27:00,446
ORD1446,U113,R170,2026-04-17 13:42:00,471
ORD1447,U739,R132,2026-04-17 19:00:00,644
ORD1448,U410,R131,2026-04-17 16:15:00,149
ORD1449,U64,R86,2026-04-17 17:55:00,480
ORD1450,U386,R28,2026-04-17 13:35:00,718
ORD1451,U632,R24,2026-04-17 18:40:00,506
ORD1452,U261,R111,2026-04-17 17:13:00,647
ORD1453,U501,R8,2026-04-17 12:36:00,301
ORD1454,U125,R122,2026-04-17 13:01:00,471
ORD1455,U863,R138,2026-04-17 17:28:00,358
ORD1456,U124,R165,2026-04-17 13:06:00,397
ORD1457,U691,R9,2026-04-17 13:56:00,426
ORD1458,U575,R158,2026-04-17 15:49:00,149
ORD1459,U510,R82,2026-04-17 17:13:00,158
ORD1460,U304,R6,2026-04-17 17:59:00,484
ORD1461,U602,R22,2026-04-17 18:41:00,563
ORD1462,U936,R140,2026-04-17 11:23:00,500
ORD1463,U980,R132,2026-04-17 13:25:00,780
ORD1464,U193,R168,2026-04-17 10:08:00,216
ORD1465,U683,R55,2026-04-17 19:24:00,497
ORD1466,U672,R48,2026-04-17 12:29:00,283
ORD1467,U608,R48,2026-04-17 13:43:00,133
ORD1468,U525,R150,2026-04-17 13:01:00,681
ORD1469,U162,R195,2026-04-17 17:32:00,228
ORD1470,U832,R23,2026-04-17 16:14:00,795
ORD1471,U370,R59,2026-04-17 10:17:00,534
ORD1472,U107,R36,2026-04-17 17:20:00,530
ORD1473,U586,R165,2026-04-17 12:25:00,290
ORD1474,U653,R96,2026-04-17 10:31:00,272
ORD1475,U43,R30,2026-04-17 12:20:00,322
ORD1476,U853,R127,2026-04-17 12:04:00,426
ORD1477,U524,R123,2026-04-17 11:20:00,435
ORD1478,U839,R135,2026-04-17 11:45:00,457
ORD1479,U792,R162,2026-04-17 17:42:00,608
ORD1480,U870,R119,2026-04-17 13:31:00,113
ORD1481,U736,R153,2026-04-17 15:30:00,429
ORD1482,U591,R29,2026-04-17 10:47:00,379
ORD1483,U549,R121,2026-04-17 17:50:00,706
ORD1484,U993,R184,2026-04-17 16:37:00,145
ORD1485,U101,R111,2026-04-17 12:06:00,107
ORD1486,U89,R152,2026-04-17 18:58:00,695
ORD1487,U114,R192,2026-04-17 18:18:00,263
ORD1488,U28,R144,2026-04-17 19:53:00,244
ORD1489,U462,R192,2026-04-17 17:56:00,622
ORD1490,U33,R38,2026-04-17 15:55:00,424
ORD1491,U557,R20,2026-04-17 17:17:00,307
ORD1492,U905,R119,2026-04-17 14:32:00,758
ORD1493,U175,R200,2026-04-17 13:15:00,597
ORD1494,U339,R124,2026-04-17 11:00:00,335
ORD1495,U783,R137,2026-04-17 12:36:00,405
ORD1496,U732,R145,2026-04-17 14:10:00,677
ORD1497,U387,R79,2026-04-17 12:43:00,640
ORD1498,U751,R27,2026-04-17 12:30:00,678
ORD1499,U678,R14,2026-04-17 10:20:00,778
ORD1500,U297,R131,2026-04-17 18:43:00,630
ORD1501,U650,R22,2026-04-17 14:11:00,704
ORD1502,U344,R122,2026-04-17 19:16:00,226
ORD1503,U69,R175,2026-04-17 11:44:00,390
ORD1504,U875,R166,2026-04-17 13:26:00,559
ORD1505,U286,R3,2026-04-17 15:00:00,580
ORD1506,U954,R125,2026-04-17 19:15:00,341
ORD1507,U992,R178,2026-04-17 18:48:00,619
ORD1508,U224,R69,2026-04-17 13:01:00,468
ORD1509,U839,R143,2026-04-17 16:48:00,354
ORD1510,U601,R30,2026-04-17 18:46:00,416
ORD1511,U824,R30,2026-04-17 17:00:00,615
ORD1512,U181,R24,2026-04-17 12:32:00,202
ORD1513,U683,R165,2026-04-17 10:13:00,792
ORD1514,U452,R3,2026-04-17 19:41:00,124
ORD1515,U239,R66,2026-04-17 17:30:00,401
ORD1516,U954,R117,2026-04-17 15:38:00,148
ORD1517,U637,R50,2026-04-17 18:21:00,532
ORD1518,U662,R55,2026-04-17 13:18:00,621
ORD1519,U649,R63,2026-04-17 13:05:00,620
ORD1520,U800,R35,2026-04-17 15:10:00,744
ORD1521,U666,R181,2026-04-17 11:50:00,106
ORD1522,U617,R171,2026-04-17 14:51:00,520
ORD1523,U401,R175,2026-04-17 15:02:00,557
ORD1524,U434,R92,2026-04-17 15:27:00,504
ORD1525,U771,R93,2026-04-17 13:23:00,503
ORD1526,U761,R126,2026-04-17 19:43:00,796
ORD1527,U46,R89,2026-04-17 11:27:00,567
ORD1528,U946,R164,2026-04-17 18:45:00,611
ORD1529,U271,R157,2026-04-17 12:53:00,119
ORD1530,U276,R105,2026-04-17 16:04:00,274
ORD1531,U950,R30,2026-04-17 16:36:00,512
ORD1532,U426,R131,2026-04-17 13:03:00,573
ORD1533,U802,R121,2026-04-17 10:17:00,636
ORD1534,U468,R173,2026-04-17 17:47:00,619
ORD1535,U371,R144,2026-04-17 15:08:00,162
ORD1536,U847,R152,2026-04-17 14:31:00,139
ORD1537,U728,R38,2026-04-17 15:02:00,578
ORD1538,U124,R189,2026-04-17 17:32:00,699
ORD1539,U581,R71,2026-04-17 12:19:00,429
ORD1540,U588,R9,2026-04-17 13:08:00,444
ORD1541,U920,R81,2026-04-17 15:05:00,633
ORD1542,U11,R195,2026-04-17 13:05:00,716
ORD1543,U452,R9,2026-04-17 17:58:00,638
ORD1544,U546,R30,2026-04-17 17:56:00,517
ORD1545,U381,R112,2026-04-17 13:48:00,393
ORD1546,U27,R161,2026-04-17 13:21:00,239
ORD1547,U120,R43,2026-04-17 14:53:00,181
ORD1548,U351,R30,2026-04-17 19:29:00,379
ORD1549,U854,R61,2026-04-17 13:59:00,702
ORD1550,U133,R100,2026-04-17 17:45:00,750
ORD1551,U534,R120,2026-04-17 12:36:00,352
ORD1552,U894,R120,2026-04-17 16:33:00,313
ORD1553,U503,R114,2026-04-17 12:02:00,192
ORD1554,U885,R182,2026-04-17 14:06:00,357
ORD1555,U277,R40,2026-04-17 14:11:00,687
ORD1556,U876,R160,2026-04-17 19:21:00,463
ORD1557,U730,R58,2026-04-17 19:55:00,230
ORD1558,U994,R198,2026-04-17 12:21:00,455
ORD1559,U22,R31,2026-04-17 13:56:00,723
ORD1560,U333,R84,2026-04-17 14:30:00,479
ORD1561,U196,R70,2026-04-17 19:13:00,160
ORD1562,U507,R47,2026-04-17 19:32:00,422
ORD1563,U471,R84,2026-04-17 12:38:00,680
ORD1564,U991,R125,2026-04-17 13:13:00,483
ORD1565,U613,R195,2026-04-17 17:07:00,762
ORD1566,U524,R165,2026-04-17 14:30:00,774
ORD1567,U272,R167,2026-04-17 15:03:00,213
ORD1568,U724,R70,2026-04-17 17:12:00,444
ORD1569,U196,R77,2026-04-17 10:02:00,337
ORD1570,U211,R57,2026-04-17 10:38:00,474
ORD1571,U334,R29,2026-04-17 14:45:00,394
ORD1572,U776,R186,2026-04-17 16:25:00,778
ORD1573,U169,R107,2026-04-17 14:44:00,314
ORD1574,U854,R97,2026-04-17 12:50:00,382
ORD1575,U342,R19,2026-04-17 18:03:00,706
ORD1576,U170,R175,2026-04-17 10:55:00,566
ORD1577,U17,R49,2026-04-17 10:07:00,574
ORD1578,U284,R43,2026-04-17 15:18:00,288
ORD1579,U847,R55,2026-04-17 14:11:00,271
ORD1580,U293,R159,2026-04-17 12:58:00,136
ORD1581,U455,R27,2026-04-17 19:06:00,160
ORD1582,U513,R175,2026-04-17 18:53:00,761
ORD1583,U702,R19,2026-04-17 14:14:00,370
ORD1584,U797,R85,2026-04-17 10:32:00,566
ORD1585,U47,R168,2026-04-17 17:15:00,403
ORD1586,U752,R171,2026-04-17 18:16:00,513
ORD1587,U183,R134,2026-04-17 18:20:00,669
ORD1588,U933,R153,2026-04-17 15:09:00,310
ORD1589,U1,R91,2026-04-17 11:20:00,613
ORD1590,U242,R151,2026-04-17 11:34:00,131
ORD1591,U979,R158,2026-04-17 18:05:00,475
ORD1592,U875,R31,2026-04-17 17:39:00,460
ORD1593,U113,R195,2026-04-17 14:53:00,618
ORD1594,U556,R130,2026-04-17 18:18:00,412
ORD1595,U452,R57,2026-04-17 11:46:00,380
ORD1596,U488,R46,2026-04-17 13:13:00,578
ORD1597,U403,R187,2026-04-17 12:16:00,296
ORD1598,U778,R64,2026-04-17 16:28:00,509
ORD1599,U267,R47,2026-04-17 10:28:00,641
ORD1600,U245,R165,2026-04-17 13:26:00,791
ORD1601,U914,R56,2026-04-17 13:38:00,574
ORD1602,U943,R122,2026-04-17 18:22:00,269
ORD1603,U850,R5,2026-04-17 10:12:00,148
ORD1604,U180,R109,2026-04-17 16:11:00,571
ORD1605,U865,R140,2026-04-17 11:54:00,449
ORD1606,U809,R110,2026-04-17 16:28:00,554
ORD1607,U249,R1,2026-04-17 17:32:00,208
ORD1608,U464,R131,2026-04-17 14:02:00,334
ORD1609,U248,R67,2026-04-17 10:41:00,688
ORD1610,U843,R30,2026-04-17 13:38:00,118
ORD1611,U779,R48,2026-04-17 11:47:00,401
ORD1612,U328,R74,2026-04-17 14:23:00,152
ORD1613,U261,R54,2026-04-17 17:43:00,432
ORD1614,U837,R30,2026-04-17 12:31:00,312
ORD1615,U244,R106,2026-04-17 16:01:00,721
ORD1616,U935,R58,2026-04-17 19:01:00,248
ORD1617,U763,R25,2026-04-17 16:58:00,183
ORD1618,U628,R170,2026-04-17 15:28:00,462
ORD1619,U40,R110,2026-04-17 10:35:00,349
ORD1620,U931,R125,2026-04-17 13:43:00,123
ORD1621,U67,R20,2026-04-17 10:35:00,353
ORD1622,U880,R2,2026-04-17 16:25:00,636
ORD1623,U723,R148,2026-04-17 11:30:00,120
ORD1624,U348,R125,2026-04-17 18:29:00,622
ORD1625,U86,R176,2026-04-17 10:31:00,127
ORD1626,U566,R101,2026-04-17 19:35:00,378
ORD1627,U473,R166,2026-04-17 16:15:00,390
ORD1628,U635,R183,2026-04-17 14:37:00,515
ORD1629,U435,R67,2026-04-17 18:27:00,383
ORD1630,U326,R16,2026-04-17 11:13:00,584
ORD1631,U842,R144,2026-04-17 17:40:00,212
ORD1632,U396,R121,2026-04-17 10:54:00,171
ORD1633,U38,R46,2026-04-17 15:01:00,262
ORD1634,U265,R49,2026-04-17 13:07:00,601
ORD1635,U246,R190,2026-04-17 17:16:00,680
ORD1636,U615,R140,2026-04-17 11:23:00,705
ORD1637,U332,R76,2026-04-17 10:47:00,321
ORD1638,U683,R166,2026-04-17 16:16:00,515
ORD1639,U235,R40,2026-04-17 11:18:00,127
ORD1640,U603,R13,2026-04-17 12:31:00,379
ORD1641,U174,R189,2026-04-17 15:31:00,326
ORD1642,U264,R169,2026-04-17 12:27:00,555
ORD1643,U749,R27,2026-04-17 12:32:00,284
ORD1644,U224,R127,2026-04-17 12:17:00,217
ORD1645,U185,R127,2026-04-17 18:49:00,501
ORD1646,U425,R175,2026-04-17 10:49:00,334
ORD1647,U436,R179,2026-04-17 12:41:00,441
ORD1648,U604,R52,2026-04-17 17:54:00,578
ORD1649,U869,R169,2026-04-17 11:35:00,204
ORD1650,U966,R183,2026-04-17 12:03:00,177
ORD1651,U43,R111,2026-04-17 19:46:00,107
ORD1652,U89,R66,2026-04-17 16:36:00,451
ORD1653,U797,R144,2026-04-17 10:11:00,266
ORD1654,U311,R82,2026-04-17 13:26:00,621
ORD1655,U182,R198,2026-04-17 13:19:00,249
ORD1656,U481,R104,2026-04-17 19:49:00,650
ORD1657,U204,R165,2026-04-17 16:30:00,161
ORD1658,U329,R183,2026-04-17 10:47:00,797
ORD1659,U505,R194,2026-04-17 15:47:00,281
ORD1660,U129,R185,2026-04-17 11:02:00,372
ORD1661,U964,R146,2026-04-17 19:44:00,749
ORD1662,U867,R73,2026-04-17 11:15:00,265
ORD1663,U661,R118,2026-04-17 13:08:00,383
ORD1664,U151,R147,2026-04-17 10:41:00,403
ORD1665,U794,R165,2026-04-17 19:59:00,732
ORD1666,U56,R69,2026-04-17 10:16:00,126
ORD1667,U214,R180,2026-04-17 12:46:00,549
ORD1668,U343,R3,2026-04-17 15:55:00,390
ORD1669,U968,R93,2026-04-17 10:20:00,741
ORD1670,U436,R91,2026-04-17 11:29:00,755
ORD1671,U598,R113,2026-04-17 16:41:00,158
ORD1672,U97,R64,2026-04-17 10:33:00,467
ORD1673,U983,R179,2026-04-17 17:54:00,254
ORD1674,U795,R6,2026-04-17 13:58:00,209
ORD1675,U633,R119,2026-04-17 17:25:00,647
ORD1676,U494,R173,2026-04-17 19:04:00,273
ORD1677,U326,R120,2026-04-17 15:29:00,664
ORD1678,U167,R63,2026-04-17 19:56:00,171
ORD1679,U365,R29,2026-04-17 15:53:00,796
ORD1680,U712,R40,2026-04-17 18:07:00,240
ORD1681,U937,R18,2026-04-17 12:28:00,784
ORD1682,U781,R129,2026-04-17 10:25:00,362
ORD1683,U352,R125,2026-04-17 12:47:00,517
ORD1684,U837,R178,2026-04-17 19:40:00,518
ORD1685,U848,R155,2026-04-17 17:49:00,338
ORD1686,U1000,R184,2026-04-17 18:44:00,117
ORD1687,U663,R184,2026-04-17 14:40:00,428
ORD1688,U758,R38,2026-04-17 16:21:00,271
ORD1689,U924,R24,2026-04-17 13:50:00,478
ORD1690,U1000,R81,2026-04-17 19:57:00,224
ORD1691,U884,R44,2026-04-17 19:51:00,731
ORD1692,U562,R29,2026-04-17 17:51:00,369
ORD1693,U22,R159,2026-04-17 11:52:00,716
ORD1694,U241,R57,2026-04-17 15:16:00,601
ORD1695,U339,R124,2026-04-17 17:22:00,154
ORD1696,U684,R143,2026-04-17 13:39:00,768
ORD1697,U577,R123,2026-04-17 13:22:00,645
ORD1698,U368,R148,2026-04-17 14:47:00,771
ORD1699,U833,R65,2026-04-17 11:13:00,769
ORD1700,U294,R188,2026-04-17 13:39:00,535
ORD1701,U603,R199,2026-04-17 11:16:00,631
ORD1702,U232,R147,2026-04-17 17:14:00,201
ORD1703,U898,R176,2026-04-17 11:06:00,627
ORD1704,U378,R45,2026-04-17 11:53:00,379
ORD1705,U981,R71,2026-04-17 12:44:00,730
ORD1706,U420,R105,2026-04-17 13:45:00,247
ORD1707,U724,R175,2026-04-17 17:44:00,525
ORD1708,U500,R29,2026-04-17 19:25:00,189
ORD1709,U98,R8,2026-04-17 15:58:00,102
ORD1710,U377,R45,2026-04-17 13:10:00,138
ORD1711,U28,R139,2026-04-17 14:00:00,639
ORD1712,U902,R135,2026-04-17 11:49:00,701
ORD1713,U558,R130,2026-04-17 17:11:00,295
ORD1714,U890,R74,2026-04-17 14:46:00,687
ORD1715,U142,R139,2026-04-17 14:18:00,405
ORD1716,U14,R51,2026-04-17 18:17:00,493
ORD1717,U630,R137,2026-04-17 17:48:00,571
ORD1718,U460,R176,2026-04-17 18:28:00,696
ORD1719,U569,R67,2026-04-17 11:06:00,501
ORD1720,U637,R134,2026-04-17 11:18:00,799
ORD1721,U540,R81,2026-04-17 11:23:00,621
ORD1722,U182,R36,2026-04-17 10:27:00,288
ORD1723,U788,R50,2026-04-17 17:32:00,445
ORD1724,U980,R184,2026-04-17 14:33:00,576
ORD1725,U379,R87,2026-04-17 13:52:00,633
ORD1726,U914,R102,2026-04-17 11:19:00,679
ORD1727,U388,R189,2026-04-17 17:51:00,781
ORD1728,U463,R132,2026-04-17 15:24:00,114
ORD1729,U27,R95,2026-04-17 10:52:00,772
ORD1730,U15,R82,2026-04-17 12:14:00,724
ORD1731,U923,R110,2026-04-17 12:58:00,634
ORD1732,U184,R198,2026-04-17 18:24:00,405
ORD1733,U94,R91,2026-04-17 12:13:00,601
ORD1734,U539,R14,2026-04-17 11:58:00,267
ORD1735,U107,R49,2026-04-17 18:34:00,778
ORD1736,U400,R154,2026-04-17 16:55:00,295
ORD1737,U104,R121,2026-04-17 12:33:00,211
ORD1738,U506,R137,2026-04-17 11:23:00,508
ORD1739,U624,R47,2026-04-17 15:23:00,180
ORD1740,U234,R135,2026-04-17 19:08:00,306
ORD1741,U263,R17,2026-04-17 17:01:00,502
ORD1742,U18,R165,2026-04-17 19:40:00,246
ORD1743,U63,R8,2026-04-17 19:34:00,422
ORD1744,U341,R93,2026-04-17 13:59:00,466
ORD1745,U546,R62,2026-04-17 18:35:00,341
ORD1746,U701,R29,2026-04-17 19:43:00,127
ORD1747,U360,R180,2026-04-17 13:40:00,584
ORD1748,U773,R83,2026-04-17 11:35:00,777
ORD1749,U895,R148,2026-04-17 11:17:00,415
ORD1750,U253,R143,2026-04-17 16:58:00,442
ORD1751,U841,R65,2026-04-17 19:25:00,516
ORD1752,U769,R44,2026-04-17 11:37:00,790
ORD1753,U944,R6,2026-04-17 11:51:00,786
ORD1754,U43,R121,2026-04-17 17:20:00,108
ORD1755,U648,R151,2026-04-17 10:46:00,749
ORD1756,U263,R93,2026-04-17 17:42:00,612
ORD1757,U842,R122,2026-04-17 14:57:00,636
ORD1758,U784,R106,2026-04-17 17:24:00,306
ORD1759,U322,R108,2026-04-17 16:25:00,484
ORD1760,U30,R129,2026-04-17 11:30:00,362
ORD1761,U677,R83,2026-04-17 13:48:00,415
ORD1762,U206,R150,2026-04-17 12:44:00,703
ORD1763,U398,R66,2026-04-17 18:40:00,460
ORD1764,U12,R34,2026-04-17 14:46:00,169
ORD1765,U473,R42,2026-04-17 12:33:00,428
ORD1766,U262,R180,2026-04-17 17:14:00,122
ORD1767,U863,R140,2026-04-17 17:05:00,135
ORD1768,U146,R72,2026-04-17 11:08:00,211
ORD1769,U862,R99,2026-04-17 16:58:00,624
ORD1770,U238,R175,2026-04-17 12:11:00,133
ORD1771,U608,R182,2026-04-17 11:08:00,358
ORD1772,U778,R24,2026-04-17 11:06:00,318
ORD1773,U224,R105,2026-04-17 14:59:00,151
ORD1774,U543,R197,2026-04-17 15:18:00,556
ORD1775,U527,R62,2026-04-17 19:32:00,137
ORD1776,U833,R119,2026-04-17 12:06:00,792
ORD1777,U540,R196,2026-04-17 16:57:00,106
ORD1778,U57,R29,2026-04-17 11:29:00,719
ORD1779,U444,R28,2026-04-17 11:14:00,189
ORD1780,U878,R18,2026-04-17 15:35:00,560
ORD1781,U102,R120,2026-04-17 10:30:00,465
ORD1782,U763,R200,2026-04-17 10:42:00,787
ORD1783,U370,R134,2026-04-17 13:52:00,324
ORD1784,U215,R107,2026-04-17 18:53:00,549
ORD1785,U522,R93,2026-04-17 15:54:00,627
ORD1786,U696,R98,2026-04-17 19:49:00,539
ORD1787,U684,R36,2026-04-17 16:41:00,402
ORD1788,U895,R12,2026-04-17 10:57:00,501
ORD1789,U480,R46,2026-04-17 18:54:00,447
ORD1790,U295,R155,2026-04-17 16:01:00,212
ORD1791,U702,R130,2026-04-17 14:42:00,440
ORD1792,U851,R108,2026-04-17 13:03:00,338
ORD1793,U53,R24,2026-04-17 14:30:00,282
ORD1794,U217,R38,2026-04-17 13:52:00,192
ORD1795,U218,R185,2026-04-17 12:58:00,123
ORD1796,U25,R24,2026-04-17 14:26:00,725
ORD1797,U37,R101,2026-04-17 13:51:00,731
ORD1798,U106,R60,2026-04-17 18:55:00,360
ORD1799,U195,R177,2026-04-17 12:33:00,471
ORD1800,U23,R191,2026-04-17 12:54:00,774
ORD1801,U465,R94,2026-04-17 10:16:00,716
ORD1802,U924,R116,2026-04-17 12:29:00,559
ORD1803,U1,R56,2026-04-17 19:31:00,433
ORD1804,U345,R181,2026-04-17 10:51:00,333
ORD1805,U844,R197,2026-04-17 11:11:00,217
ORD1806,U244,R40,2026-04-17 16:16:00,351
ORD1807,U297,R157,2026-04-17 11:28:00,508
ORD1808,U999,R47,2026-04-17 19:46:00,681
ORD1809,U160,R168,2026-04-17 10:54:00,168
ORD1810,U209,R50,2026-04-17 10:55:00,773
ORD1811,U426,R28,2026-04-17 15:28:00,682
ORD1812,U372,R127,2026-04-17 13:46:00,787
ORD1813,U178,R92,2026-04-17 16:24:00,139
ORD1814,U439,R89,2026-04-17 11:30:00,325
ORD1815,U849,R117,2026-04-17 18:35:00,786
ORD1816,U852,R65,2026-04-17 11:22:00,395
ORD1817,U8,R2,2026-04-17 13:34:00,782
ORD1818,U522,R177,2026-04-17 14:31:00,302
ORD1819,U959,R64,2026-04-17 10:23:00,404
ORD1820,U996,R78,2026-04-17 14:37:00,373
ORD1821,U654,R77,2026-04-17 14:45:00,259
ORD1822,U674,R7,2026-04-17 11:11:00,784
ORD1823,U122,R54,2026-04-17 16:17:00,113
ORD1824,U433,R113,2026-04-17 19:28:00,262
ORD1825,U458,R39,2026-04-17 14:37:00,624
ORD1826,U660,R158,2026-04-17 12:13:00,616
ORD1827,U837,R152,2026-04-17 11:24:00,432
ORD1828,U327,R30,2026-04-17 18:31:00,784
ORD1829,U713,R169,2026-04-17 19:03:00,679
ORD1830,U555,R146,2026-04-17 14:44:00,772
ORD1831,U459,R55,2026-04-17 19:44:00,527
ORD1832,U962,R173,2026-04-17 10:23:00,579
ORD1833,U158,R61,2026-04-17 15:16:00,308
ORD1834,U569,R120,2026-04-17 14:39:00,530
ORD1835,U119,R147,2026-04-17 18:36:00,217
ORD1836,U2,R63,2026-04-17 10:42:00,556
ORD1837,U693,R6,2026-04-17 12:49:00,728
ORD1838,U833,R24,2026-04-17 12:02:00,588
ORD1839,U815,R72,2026-04-17 11:29:00,234
ORD1840,U863,R47,2026-04-17 19:31:00,733
ORD1841,U882,R71,2026-04-17 11:57:00,243
ORD1842,U143,R92,2026-04-17 16:45:00,669
ORD1843,U441,R42,2026-04-17 15:14:00,470
ORD1844,U348,R95,2026-04-17 16:10:00,291
ORD1845,U667,R157,2026-04-17 14:48:00,487
ORD1846,U457,R171,2026-04-17 12:40:00,249
ORD1847,U659,R190,2026-04-17 15:15:00,360
ORD1848,U113,R188,2026-04-17 15:21:00,687
ORD1849,U311,R173,2026-04-17 13:49:00,774
ORD1850,U492,R112,2026-04-17 10:39:00,588
ORD1851,U180,R66,2026-04-17 15:24:00,712
ORD1852,U740,R99,2026-04-17 14:08:00,624
ORD1853,U115,R25,2026-04-17 18:26:00,646
ORD1854,U778,R16,2026-04-17 13:38:00,273
ORD1855,U108,R79,2026-04-17 12:24:00,583
ORD1856,U620,R3,2026-04-17 18:20:00,694
ORD1857,U278,R164,2026-04-17 15:23:00,358
ORD1858,U943,R67,2026-04-17 18:01:00,787
ORD1859,U431,R139,2026-04-17 19:33:00,747
ORD1860,U339,R105,2026-04-17 17:30:00,750
ORD1861,U643,R192,2026-04-17 12:31:00,750
ORD1862,U404,R41,2026-04-17 10:13:00,241
ORD1863,U415,R88,2026-04-17 11:19:00,691
ORD1864,U193,R10,2026-04-17 16:37:00,324
ORD1865,U221,R11,2026-04-17 12:43:00,266
ORD1866,U972,R88,2026-04-17 17:17:00,562
ORD1867,U40,R188,2026-04-17 15:20:00,501
ORD1868,U537,R8,2026-04-17 17:35:00,770
ORD1869,U548,R41,2026-04-17 15:57:00,304
ORD1870,U986,R194,2026-04-17 19:52:00,645
ORD1871,U146,R119,2026-04-17 14:04:00,451
ORD1872,U742,R33,2026-04-17 13:52:00,612
ORD1873,U683,R84,2026-04-17 18:33:00,784
ORD1874,U987,R162,2026-04-17 15:33:00,137
ORD1875,U412,R22,2026-04-17 10:51:00,290
ORD1876,U97,R98,2026-04-17 16:16:00,165
ORD1877,U80,R12,2026-04-17 19:24:00,336
ORD1878,U237,R176,2026-04-17 15:10:00,278
ORD1879,U821,R113,2026-04-17 11:44:00,683
ORD1880,U839,R119,2026-04-17 16:30:00,335
ORD1881,U136,R28,2026-04-17 14:30:00,415
ORD1882,U126,R184,2026-04-17 19:43:00,331
ORD1883,U101,R171,2026-04-17 14:38:00,218
ORD1884,U653,R123,2026-04-17 14:37:00,422
ORD1885,U938,R177,2026-04-17 17:55:00,366
ORD1886,U42,R116,2026-04-17 12:30:00,104
ORD1887,U916,R44,2026-04-17 17:21:00,427
ORD1888,U432,R38,2026-04-17 16:55:00,399
ORD1889,U215,R110,2026-04-17 11:35:00,258
ORD1890,U593,R116,2026-04-17 19:04:00,651
ORD1891,U400,R156,2026-04-17 14:08:00,371
ORD1892,U789,R58,2026-04-17 16:45:00,305
ORD1893,U713,R28,2026-04-17 18:45:00,142
ORD1894,U155,R31,2026-04-17 10:58:00,741
ORD1895,U181,R162,2026-04-17 16:44:00,570
ORD1896,U393,R161,2026-04-17 17:49:00,318
ORD1897,U74,R28,2026-04-17 17:14:00,435
ORD1898,U581,R52,2026-04-17 13:16:00,720
ORD1899,U966,R190,2026-04-17 19:26:00,357
ORD1900,U603,R149,2026-04-17 14:16:00,465
ORD1901,U644,R170,2026-04-17 12:20:00,495
ORD1902,U592,R57,2026-04-17 13:59:00,211
ORD1903,U532,R145,2026-04-17 11:11:00,719
ORD1904,U69,R99,2026-04-17 16:06:00,724
ORD1905,U884,R162,2026-04-17 18:31:00,546
ORD1906,U575,R67,2026-04-17 16:59:00,167
ORD1907,U312,R98,2026-04-17 16:42:00,762
ORD1908,U479,R152,2026-04-17 17:03:00,152
ORD1909,U929,R30,2026-04-17 18:56:00,674
ORD1910,U501,R110,2026-04-17 15:31:00,735
ORD1911,U487,R156,2026-04-17 16:33:00,382
ORD1912,U741,R38,2026-04-17 11:22:00,625
ORD1913,U30,R2,2026-04-17 18:44:00,366
ORD1914,U840,R7,2026-04-17 10:38:00,745
ORD1915,U248,R93,2026-04-17 17:00:00,720
ORD1916,U404,R87,2026-04-17 15:35:00,487
ORD1917,U840,R125,2026-04-17 11:27:00,644
ORD1918,U151,R3,2026-04-17 14:24:00,626
ORD1919,U489,R117,2026-04-17 10:01:00,378
ORD1920,U510,R186,2026-04-17 11:32:00,453
ORD1921,U162,R97,2026-04-17 12:53:00,608
ORD1922,U128,R168,2026-04-17 12:32:00,426
ORD1923,U79,R106,2026-04-17 10:35:00,378
ORD1924,U162,R131,2026-04-17 18:28:00,487
ORD1925,U188,R189,2026-04-17 14:37:00,225
ORD1926,U795,R1,2026-04-17 16:50:00,178
ORD1927,U812,R10,2026-04-17 16:47:00,195
ORD1928,U384,R37,2026-04-17 16:13:00,103
ORD1929,U727,R125,2026-04-17 16:32:00,321
ORD1930,U768,R128,2026-04-17 12:49:00,365
ORD1931,U738,R41,2026-04-17 16:23:00,104
ORD1932,U100,R4,2026-04-17 15:00:00,215
ORD1933,U515,R90,2026-04-17 12:29:00,616
ORD1934,U322,R36,2026-04-17 11:48:00,426
ORD1935,U209,R87,2026-04-17 14:08:00,347
ORD1936,U61,R102,2026-04-17 14:25:00,692
ORD1937,U271,R100,2026-04-17 18:30:00,696
ORD1938,U772,R173,2026-04-17 10:18:00,284
ORD1939,U312,R80,2026-04-17 11:11:00,162
ORD1940,U264,R82,2026-04-17 14:23:00,557
ORD1941,U144,R72,2026-04-17 19:40:00,666
ORD1942,U130,R62,2026-04-17 19:34:00,283
ORD1943,U2,R55,2026-04-17 13:38:00,788
ORD1944,U357,R110,2026-04-17 10:47:00,268
ORD1945,U526,R25,2026-04-17 13:05:00,655
ORD1946,U373,R12,2026-04-17 17:45:00,536
ORD1947,U400,R166,2026-04-17 15:16:00,201
ORD1948,U237,R72,2026-04-17 18:28:00,577
ORD1949,U607,R115,2026-04-17 14:43:00,217
ORD1950,U436,R172,2026-04-17 16:48:00,681
ORD1951,U149,R29,2026-04-17 13:57:00,485
ORD1952,U889,R179,2026-04-17 10:52:00,165
ORD1953,U602,R186,2026-04-17 15:20:00,677
ORD1954,U951,R2,2026-04-17 17:54:00,288
ORD1955,U340,R5,2026-04-17 14:00:00,673
ORD1956,U233,R27,2026-04-17 17:14:00,328
ORD1957,U171,R112,2026-04-17 17:23:00,464
ORD1958,U104,R27,2026-04-17 10:48:00,314
ORD1959,U216,R102,2026-04-17 16:16:00,571
ORD1960,U847,R90,2026-04-17 11:07:00,488
ORD1961,U945,R25,2026-04-17 11:57:00,261
ORD1962,U391,R60,2026-04-17 11:01:00,543
ORD1963,U327,R50,2026-04-17 16:48:00,429
ORD1964,U53,R155,2026-04-17 13:53:00,204
ORD1965,U515,R60,2026-04-17 13:38:00,698
ORD1966,U153,R147,2026-04-17 12:13:00,242
ORD1967,U706,R16,2026-04-17 10:04:00,745
ORD1968,U705,R50,2026-04-17 18:33:00,638
ORD1969,U295,R180,2026-04-17 19:50:00,340
ORD1970,U401,R137,2026-04-17 17:21:00,419
ORD1971,U531,R60,2026-04-17 11:24:00,108
ORD1972,U547,R88,2026-04-17 17:33:00,113
ORD1973,U295,R36,2026-04-17 13:21:00,572
ORD1974,U893,R70,2026-04-17 10:08:00,463
ORD1975,U133,R174,2026-04-17 13:05:00,344
ORD1976,U38,R92,2026-04-17 16:23:00,194
ORD1977,U684,R181,2026-04-17 19:04:00,106
ORD1978,U493,R196,2026-04-17 13:18:00,678
ORD1979,U256,R103,2026-04-17 15:11:00,412
ORD1980,U576,R72,2026-04-17 19:04:00,784
ORD1981,U406,R64,2026-04-17 16:39:00,215
ORD1982,U956,R64,2026-04-17 17:29:00,262
ORD1983,U733,R63,2026-04-17 13:49:00,379
ORD1984,U488,R51,2026-04-17 18:44:00,125
ORD1985,U627,R32,2026-04-17 16:56:00,268
ORD1986,U565,R88,2026-04-17 17:30:00,690
ORD1987,U470,R109,2026-04-17 18:50:00,265
ORD1988,U217,R113,2026-04-17 16:49:00,618
ORD1989,U560,R108,2026-04-17 12:32:00,657
ORD1990,U830,R101,2026-04-17 16:23:00,728
ORD1991,U82,R30,2026-04-17 12:56:00,408
ORD1992,U967,R187,2026-04-17 18:04:00,570
ORD1993,U990,R17,2026-04-17 11:39:00,563
ORD1994,U230,R131,2026-04-17 16:47:00,632
ORD1995,U755,R200,2026-04-17 14:13:00,601
ORD1996,U507,R49,2026-04-17 13:26:00,422
ORD1997,U32,R144,2026-04-17 18:01:00,790
ORD1998,U766,R186,2026-04-17 10:00:00,180
ORD1999,U344,R142,2026-04-17 13:20:00,738
ORD2000,U435,R108,2026-04-17 16:19:00,561
ORD2001,U336,R42,2026-04-17 13:08:00,743
ORD2002,U281,R136,2026-04-17 15:25:00,339
ORD2003,U812,R97,2026-04-17 12:36:00,167
ORD2004,U151,R83,2026-04-17 16:53:00,187
ORD2005,U66,R167,2026-04-17 10:35:00,452
ORD2006,U900,R124,2026-04-17 14:56:00,468
ORD2007,U399,R92,2026-04-17 14:28:00,598
ORD2008,U230,R188,2026-04-17 17:16:00,773
ORD2009,U350,R156,2026-04-17 14:58:00,616
ORD2010,U7,R75,2026-04-17 14:55:00,193
ORD2011,U210,R70,2026-04-17 15:11:00,727
ORD2012,U392,R58,2026-04-17 10:19:00,671
ORD2013,U256,R31,2026-04-17 17:55:00,429
ORD2014,U10,R26,2026-04-17 11:54:00,471
ORD2015,U810,R104,2026-04-17 12:17:00,148
ORD2016,U45,R170,2026-04-17 16:00:00,268
ORD2017,U724,R112,2026-04-17 15:10:00,646
ORD2018,U268,R160,2026-04-17 14:00:00,434
ORD2019,U730,R160,2026-04-17 13:36:00,651
ORD2020,U847,R28,2026-04-17 14:05:00,651
ORD2021,U924,R160,2026-04-17 17:19:00,331
ORD2022,U302,R42,2026-04-17 13:45:00,441
ORD2023,U685,R87,2026-04-17 12:33:00,738
ORD2024,U374,R6,2026-04-17 16:06:00,390
ORD2025,U893,R128,2026-04-17 13:40:00,703
ORD2026,U937,R98,2026-04-17 16:00:00,545
ORD2027,U910,R193,2026-04-17 12:59:00,162
ORD2028,U620,R53,2026-04-17 14:02:00,545
ORD2029,U636,R29,2026-04-17 15:02:00,685
ORD2030,U634,R135,2026-04-17 13:11:00,688
ORD2031,U723,R44,2026-04-17 17:26:00,112
ORD2032,U978,R169,2026-04-17 11:59:00,362
ORD2033,U932,R89,2026-04-17 16:07:00,367
ORD2034,U247,R104,2026-04-17 18:35:00,604
ORD2035,U827,R30,2026-04-17 14:27:00,338
ORD2036,U238,R106,2026-04-17 18:36:00,420
ORD2037,U446,R54,2026-04-17 17:36:00,694
ORD2038,U732,R16,2026-04-17 16:17:00,495
ORD2039,U427,R26,2026-04-17 11:44:00,534
ORD2040,U226,R160,2026-04-17 17:12:00,536
ORD2041,U5,R142,2026-04-17 17:45:00,313
ORD2042,U521,R142,2026-04-17 14:16:00,712
ORD2043,U788,R42,2026-04-17 11:10:00,198
ORD2044,U331,R135,2026-04-17 14:33:00,229
ORD2045,U977,R67,2026-04-17 19:26:00,577
ORD2046,U103,R168,2026-04-17 15:04:00,219
ORD2047,U333,R30,2026-04-17 12:20:00,773
ORD2048,U944,R57,2026-04-17 15:43:00,386
ORD2049,U33,R6,2026-04-17 10:08:00,339
ORD2050,U493,R139,2026-04-17 11:50:00,357
ORD2051,U876,R5,2026-04-17 13:26:00,764
ORD2052,U948,R116,2026-04-17 13:14:00,781
ORD2053,U155,R131,2026-04-17 11:05:00,124
ORD2054,U445,R125,2026-04-17 19:57:00,179
ORD2055,U223,R123,2026-04-17 16:49:00,209
ORD2056,U371,R126,2026-04-17 18:40:00,152
ORD2057,U666,R4,2026-04-17 17:14:00,486
ORD2058,U847,R155,2026-04-17 18:30:00,754
ORD2059,U339,R114,2026-04-17 10:13:00,487
ORD2060,U237,R53,2026-04-17 15:58:00,657
ORD2061,U272,R170,2026-04-17 14:49:00,269
ORD2062,U255,R130,2026-04-17 14:20:00,551
ORD2063,U734,R83,2026-04-17 10:13:00,726
ORD2064,U496,R146,2026-04-17 12:08:00,117
ORD2065,U548,R149,2026-04-17 16:39:00,610
ORD2066,U513,R45,2026-04-17 15:16:00,471
ORD2067,U104,R87,2026-04-17 15:17:00,552
ORD2068,U466,R11,2026-04-17 16:55:00,382
ORD2069,U678,R195,2026-04-17 14:07:00,458
ORD2070,U715,R198,2026-04-17 17:54:00,336
ORD2071,U211,R81,2026-04-17 10:58:00,523
ORD2072,U250,R120,2026-04-17 18:31:00,750
ORD2073,U818,R184,2026-04-17 17:35:00,689
ORD2074,U337,R27,2026-04-17 16:59:00,227
ORD2075,U346,R189,2026-04-17 18:34:00,206
ORD2076,U149,R55,2026-04-17 11:33:00,778
ORD2077,U559,R142,2026-04-17 11:47:00,193
ORD2078,U385,R18,2026-04-17 12:55:00,563
ORD2079,U74,R77,2026-04-17 16:01:00,345
ORD2080,U584,R16,2026-04-17 19:47:00,727
ORD2081,U521,R197,2026-04-17 16:29:00,320
ORD2082,U385,R48,2026-04-17 10:49:00,344
ORD2083,U348,R70,2026-04-17 14:50:00,244
ORD2084,U921,R11,2026-04-17 15:54:00,558
ORD2085,U457,R184,2026-04-17 18:15:00,133
ORD2086,U890,R69,2026-04-17 10:14:00,467
ORD2087,U486,R172,2026-04-17 19:39:00,518
ORD2088,U727,R35,2026-04-17 13:42:00,657
ORD2089,U844,R59,2026-04-17 17:55:00,495
ORD2090,U490,R23,2026-04-17 14:01:00,338
ORD2091,U491,R128,2026-04-17 12:11:00,403
ORD2092,U789,R87,2026-04-17 12:09:00,570
ORD2093,U771,R66,2026-04-17 11:11:00,119
ORD2094,U241,R123,2026-04-17 12:15:00,624
ORD2095,U234,R2,2026-04-17 17:35:00,326
ORD2096,U188,R19,2026-04-17 12:53:00,106
ORD2097,U130,R92,2026-04-17 18:01:00,632
ORD2098,U404,R166,2026-04-17 17:14:00,665
ORD2099,U422,R79,2026-04-17 14:19:00,737
ORD2100,U825,R19,2026-04-17 16:33:00,520
ORD2101,U40,R61,2026-04-17 11:13:00,578
ORD2102,U280,R137,2026-04-17 13:26:00,428
ORD2103,U540,R82,2026-04-17 18:44:00,586
ORD2104,U306,R100,2026-04-17 13:17:00,161
ORD2105,U701,R135,2026-04-17 10:24:00,268
ORD2106,U462,R28,2026-04-17 11:40:00,214
ORD2107,U125,R75,2026-04-17 12:02:00,476
ORD2108,U998,R85,2026-04-17 13:14:00,164
ORD2109,U529,R107,2026-04-17 14:05:00,108
ORD2110,U181,R129,2026-04-17 16:28:00,613
ORD2111,U747,R63,2026-04-17 10:34:00,601
ORD2112,U210,R90,2026-04-17 17:21:00,481
ORD2113,U549,R91,2026-04-17 18:01:00,118
ORD2114,U74,R14,2026-04-17 17:15:00,682
ORD2115,U647,R16,2026-04-17 18:31:00,507
ORD2116,U257,R139,2026-04-17 20:00:00,663
ORD2117,U967,R163,2026-04-17 11:56:00,643
ORD2118,U85,R102,2026-04-17 18:21:00,303
ORD2119,U161,R4,2026-04-17 16:14:00,443
ORD2120,U563,R89,2026-04-17 19:15:00,273
ORD2121,U727,R88,2026-04-17 14:56:00,704
ORD2122,U215,R24,2026-04-17 10:15:00,655
ORD2123,U395,R140,2026-04-17 17:01:00,125
ORD2124,U421,R62,2026-04-17 16:29:00,313
ORD2125,U965,R138,2026-04-17 10:36:00,458
ORD2126,U978,R183,2026-04-17 14:49:00,228
ORD2127,U788,R50,2026-04-17 19:36:00,263
ORD2128,U285,R107,2026-04-17 17:11:00,609
ORD2129,U990,R90,2026-04-17 17:41:00,360
ORD2130,U766,R152,2026-04-17 16:52:00,699
ORD2131,U447,R100,2026-04-17 11:04:00,227
ORD2132,U471,R4,2026-04-17 15:49:00,515
ORD2133,U830,R136,2026-04-17 14:38:00,496
ORD2134,U783,R132,2026-04-17 10:56:00,286
ORD2135,U272,R8,2026-04-17 18:35:00,599
ORD2136,U749,R49,2026-04-17 16:16:00,172
ORD2137,U831,R116,2026-04-17 13:11:00,621
ORD2138,U628,R172,2026-04-17 11:12:00,283
ORD2139,U509,R50,2026-04-17 18:43:00,175
ORD2140,U208,R169,2026-04-17 18:16:00,135
ORD2141,U489,R74,2026-04-17 10:18:00,515
ORD2142,U294,R197,2026-04-17 12:58:00,551
ORD2143,U269,R57,2026-04-17 16:05:00,709
ORD2144,U232,R157,2026-04-17 12:29:00,578
ORD2145,U16,R157,2026-04-17 19:53:00,581
ORD2146,U796,R82,2026-04-17 14:58:00,177
ORD2147,U600,R27,2026-04-17 17:42:00,494
ORD2148,U886,R16,2026-04-17 19:15:00,453
ORD2149,U611,R18,2026-04-17 16:20:00,494
ORD2150,U454,R135,2026-04-17 17:21:00,557
ORD2151,U613,R111,2026-04-17 19:52:00,527
ORD2152,U827,R30,2026-04-17 10:05:00,600
ORD2153,U862,R110,2026-04-17 11:09:00,620
ORD2154,U816,R76,2026-04-17 13:38:00,315
ORD2155,U237,R100,2026-04-17 15:50:00,392
ORD2156,U204,R166,2026-04-17 17:57:00,320
ORD2157,U102,R42,2026-04-17 12:22:00,406
ORD2158,U457,R84,2026-04-17 16:34:00,424
ORD2159,U421,R19,2026-04-17 13:18:00,662
ORD2160,U74,R99,2026-04-17 12:14:00,434
ORD2161,U562,R10,2026-04-17 15:13:00,401
ORD2162,U446,R79,2026-04-17 15:26:00,310
ORD2163,U93,R28,2026-04-17 16:19:00,138
ORD2164,U17,R23,2026-04-17 12:37:00,598
ORD2165,U192,R131,2026-04-17 15:32:00,775
ORD2166,U916,R195,2026-04-17 14:23:00,664
ORD2167,U410,R72,2026-04-17 10:34:00,182
ORD2168,U87,R183,2026-04-17 16:06:00,561
ORD2169,U941,R110,2026-04-17 14:59:00,669
ORD2170,U345,R66,2026-04-17 15:50:00,279
ORD2171,U244,R63,2026-04-17 15:34:00,142
ORD2172,U148,R186,2026-04-17 18:21:00,130
ORD2173,U512,R116,2026-04-17 13:24:00,637
ORD2174,U184,R144,2026-04-17 18:07:00,213
ORD2175,U490,R68,2026-04-17 17:08:00,768
ORD2176,U716,R130,2026-04-17 19:23:00,420
ORD2177,U63,R96,2026-04-17 14:57:00,724
ORD2178,U31,R21,2026-04-17 17:32:00,531
ORD2179,U433,R112,2026-04-17 12:01:00,356
ORD2180,U443,R175,2026-04-17 14:12:00,156
ORD2181,U347,R139,2026-04-17 13:50:00,178
ORD2182,U414,R134,2026-04-17 16:46:00,404
ORD2183,U780,R57,2026-04-17 13:21:00,166
ORD2184,U549,R137,2026-04-17 16:24:00,599
ORD2185,U4,R185,2026-04-17 16:36:00,520
ORD2186,U309,R132,2026-04-17 14:15:00,192
ORD2187,U966,R187,2026-04-17 18:27:00,647
ORD2188,U900,R41,2026-04-17 16:51:00,102
ORD2189,U975,R144,2026-04-17 15:48:00,619
ORD2190,U592,R12,2026-04-17 14:02:00,732
ORD2191,U444,R145,2026-04-17 18:37:00,627
ORD2192,U763,R137,2026-04-17 12:35:00,795
ORD2193,U293,R146,2026-04-17 11:35:00,114
ORD2194,U458,R128,2026-04-17 16:10:00,661
ORD2195,U527,R45,2026-04-17 11:39:00,274
ORD2196,U269,R72,2026-04-17 13:34:00,711
ORD2197,U558,R50,2026-04-17 19:36:00,690
ORD2198,U732,R179,2026-04-17 12:12:00,511
ORD2199,U169,R80,2026-04-17 12:18:00,197
ORD2200,U802,R18,2026-04-17 14:51:00,231
ORD2201,U925,R178,2026-04-17 16:03:00,692
ORD2202,U870,R181,2026-04-17 19:02:00,371
ORD2203,U417,R3,2026-04-17 13:20:00,251
ORD2204,U860,R153,2026-04-17 14:47:00,711
ORD2205,U860,R117,2026-04-17 11:33:00,457
ORD2206,U906,R45,2026-04-17 18:03:00,188
ORD2207,U478,R51,2026-04-17 17:30:00,536
ORD2208,U89,R162,2026-04-17 16:06:00,355
ORD2209,U760,R3,2026-04-17 14:36:00,730
ORD2210,U279,R106,2026-04-17 13:12:00,162
ORD2211,U883,R157,2026-04-17 10:45:00,619
ORD2212,U968,R172,2026-04-17 10:30:00,686
ORD2213,U615,R72,2026-04-17 15:31:00,462
ORD2214,U177,R3,2026-04-17 16:29:00,643
ORD2215,U366,R200,2026-04-17 14:18:00,790
ORD2216,U18,R104,2026-04-17 14:39:00,187
ORD2217,U461,R13,2026-04-17 19:36:00,217
ORD2218,U55,R17,2026-04-17 18:01:00,726
ORD2219,U453,R2,2026-04-17 10:38:00,737
ORD2220,U545,R12,2026-04-17 12:20:00,556
ORD2221,U158,R114,2026-04-17 10:27:00,610
ORD2222,U542,R53,2026-04-17 17:54:00,325
ORD2223,U186,R84,2026-04-17 17:44:00,461
ORD2224,U26,R60,2026-04-17 19:41:00,634
ORD2225,U857,R21,2026-04-17 11:28:00,748
ORD2226,U664,R118,2026-04-17 11:24:00,201
ORD2227,U640,R192,2026-04-17 14:41:00,186
ORD2228,U912,R147,2026-04-17 14:29:00,147
ORD2229,U165,R58,2026-04-17 16:30:00,545
ORD2230,U303,R188,2026-04-17 16:14:00,744
ORD2231,U200,R30,2026-04-17 10:45:00,686
ORD2232,U318,R114,2026-04-17 10:12:00,448
ORD2233,U793,R113,2026-04-17 16:09:00,508
ORD2234,U473,R78,2026-04-17 17:45:00,524
ORD2235,U60,R130,2026-04-17 17:58:00,616
ORD2236,U300,R1,2026-04-17 11:33:00,476
ORD2237,U115,R196,2026-04-17 18:50:00,377
ORD2238,U163,R84,2026-04-17 11:06:00,656
ORD2239,U888,R41,2026-04-17 12:26:00,756
ORD2240,U937,R175,2026-04-17 10:59:00,406
ORD2241,U611,R13,2026-04-17 14:10:00,708
ORD2242,U95,R22,2026-04-17 12:22:00,744
ORD2243,U45,R195,2026-04-17 11:26:00,177
ORD2244,U316,R146,2026-04-17 13:48:00,385
ORD2245,U485,R95,2026-04-17 11:14:00,669
ORD2246,U99,R165,2026-04-17 11:18:00,103
ORD2247,U208,R121,2026-04-17 16:55:00,184
ORD2248,U593,R20,2026-04-17 15:09:00,221
ORD2249,U324,R106,2026-04-17 13:23:00,581
ORD2250,U809,R18,2026-04-17 10:55:00,288
ORD2251,U953,R162,2026-04-17 13:21:00,328
ORD2252,U951,R178,2026-04-17 11:18:00,161
ORD2253,U227,R160,2026-04-17 16:53:00,211
ORD2254,U26,R156,2026-04-17 15:17:00,449
ORD2255,U254,R8,2026-04-17 11:15:00,607
ORD2256,U695,R81,2026-04-17 13:42:00,387
ORD2257,U349,R85,2026-04-17 16:10:00,454
ORD2258,U911,R14,2026-04-17 11:19:00,796
ORD2259,U394,R107,2026-04-17 14:55:00,383
ORD2260,U877,R189,2026-04-17 14:23:00,538
ORD2261,U167,R146,2026-04-17 14:25:00,292
ORD2262,U739,R67,2026-04-17 17:51:00,320
ORD2263,U656,R23,2026-04-17 12:05:00,537
ORD2264,U820,R45,2026-04-17 10:47:00,754
ORD2265,U239,R171,2026-04-17 15:24:00,557
ORD2266,U453,R9,2026-04-17 17:14:00,115
ORD2267,U600,R23,2026-04-17 17:45:00,200
ORD2268,U408,R87,2026-04-17 10:36:00,134
ORD2269,U660,R107,2026-04-17 11:58:00,353
ORD2270,U491,R193,2026-04-17 14:33:00,785
ORD2271,U361,R161,2026-04-17 17:28:00,206
ORD2272,U298,R164,2026-04-17 10:53:00,473
ORD2273,U235,R140,2026-04-17 17:30:00,327
ORD2274,U856,R93,2026-04-17 15:15:00,306
ORD2275,U705,R35,2026-04-17 19:08:00,645
ORD2276,U767,R137,2026-04-17 11:44:00,142
ORD2277,U268,R140,2026-04-17 17:42:00,632
ORD2278,U234,R176,2026-04-17 15:09:00,728
ORD2279,U689,R184,2026-04-17 19:34:00,696
ORD2280,U923,R58,2026-04-17 18:16:00,565
ORD2281,U268,R161,2026-04-17 14:04:00,625
ORD2282,U650,R80,2026-04-17 19:08:00,192
ORD2283,U349,R7,2026-04-17 18:52:00,548
ORD2284,U598,R117,2026-04-17 16:53:00,275
ORD2285,U799,R139,2026-04-17 12:40:00,567
ORD2286,U301,R31,2026-04-17 10:17:00,700
ORD2287,U841,R150,2026-04-17 18:12:00,502
ORD2288,U177,R45,2026-04-17 12:01:00,332
ORD2289,U599,R161,2026-04-17 16:22:00,431
ORD2290,U475,R85,2026-04-17 12:35:00,611
ORD2291,U667,R140,2026-04-17 12:37:00,166
ORD2292,U111,R195,2026-04-17 16:35:00,227
ORD2293,U379,R133,2026-04-17 12:26:00,539
ORD2294,U702,R135,2026-04-17 12:19:00,520
ORD2295,U99,R125,2026-04-17 15:18:00,639
ORD2296,U828,R17,2026-04-17 18:26:00,263
ORD2297,U106,R153,2026-04-17 18:01:00,353
ORD2298,U934,R38,2026-04-17 12:22:00,395
ORD2299,U728,R7,2026-04-17 11:09:00,682
ORD2300,U833,R29,2026-04-17 18:07:00,482
ORD2301,U708,R59,2026-04-17 12:08:00,713
ORD2302,U83,R98,2026-04-17 17:55:00,491
ORD2303,U86,R136,2026-04-17 10:04:00,505
ORD2304,U766,R53,2026-04-17 11:49:00,631
ORD2305,U562,R184,2026-04-17 10:22:00,415
ORD2306,U149,R108,2026-04-17 18:56:00,549
ORD2307,U277,R199,2026-04-17 11:23:00,322
ORD2308,U25,R143,2026-04-17 10:07:00,130
ORD2309,U599,R162,2026-04-17 17:10:00,397
ORD2310,U768,R92,2026-04-17 17:23:00,345
ORD2311,U594,R113,2026-04-17 16:55:00,310
ORD2312,U271,R147,2026-04-17 16:16:00,223
ORD2313,U282,R118,2026-04-17 15:40:00,349
ORD2314,U142,R80,2026-04-17 15:11:00,313
ORD2315,U275,R59,2026-04-17 16:42:00,650
ORD2316,U512,R147,2026-04-17 15:07:00,510
ORD2317,U224,R29,2026-04-17 15:12:00,797
ORD2318,U459,R26,2026-04-17 19:22:00,456
ORD2319,U310,R33,2026-04-17 19:10:00,705
ORD2320,U548,R196,2026-04-17 12:55:00,452
ORD2321,U973,R82,2026-04-17 11:13:00,352
ORD2322,U169,R13,2026-04-17 13:28:00,787
ORD2323,U292,R74,2026-04-17 12:33:00,122
ORD2324,U790,R162,2026-04-17 11:13:00,354
ORD2325,U350,R71,2026-04-17 14:20:00,405
ORD2326,U541,R65,2026-04-17 12:36:00,701
ORD2327,U284,R85,2026-04-17 17:11:00,633
ORD2328,U357,R92,2026-04-17 12:06:00,682
ORD2329,U961,R78,2026-04-17 16:09:00,214
ORD2330,U700,R161,2026-04-17 18:36:00,170
ORD2331,U305,R78,2026-04-17 12:50:00,789
ORD2332,U22,R45,2026-04-17 16:04:00,596
ORD2333,U988,R27,2026-04-17 15:20:00,519
ORD2334,U235,R2,2026-04-17 18:36:00,264
ORD2335,U345,R18,2026-04-17 10:31:00,161
ORD2336,U880,R124,2026-04-17 17:20:00,491
ORD2337,U736,R79,2026-04-17 19:05:00,417
ORD2338,U144,R169,2026-04-17 16:55:00,146
ORD2339,U844,R113,2026-04-17 11:48:00,621
ORD2340,U560,R61,2026-04-17 14:49:00,233
ORD2341,U435,R131,2026-04-17 11:26:00,416
ORD2342,U359,R22,2026-04-17 14:57:00,474
ORD2343,U19,R72,2026-04-17 16:28:00,782
ORD2344,U695,R150,2026-04-17 14:12:00,633
ORD2345,U687,R55,2026-04-17 11:52:00,758
ORD2346,U302,R148,2026-04-17 11:28:00,476
ORD2347,U488,R190,2026-04-17 17:22:00,330
ORD2348,U253,R125,2026-04-17 13:35:00,513
ORD2349,U136,R6,2026-04-17 12:17:00,125
ORD2350,U993,R72,2026-04-17 12:30:00,504
ORD2351,U578,R165,2026-04-17 12:55:00,760
ORD2352,U345,R110,2026-04-17 14:40:00,671
ORD2353,U412,R143,2026-04-17 14:21:00,789
ORD2354,U349,R43,2026-04-17 10:50:00,168
ORD2355,U973,R58,2026-04-17 10:00:00,116
ORD2356,U535,R64,2026-04-17 11:05:00,453
ORD2357,U215,R39,2026-04-17 10:42:00,626
ORD2358,U293,R8,2026-04-17 15:20:00,221
ORD2359,U490,R32,2026-04-17 15:13:00,765
ORD2360,U735,R170,2026-04-17 13:08:00,302
ORD2361,U236,R21,2026-04-17 12:59:00,724
ORD2362,U36,R15,2026-04-17 13:01:00,632
ORD2363,U6,R71,2026-04-17 13:02:00,418
ORD2364,U916,R92,2026-04-17 16:27:00,511
ORD2365,U836,R86,2026-04-17 17:58:00,229
ORD2366,U183,R46,2026-04-17 11:57:00,228
ORD2367,U903,R55,2026-04-17 10:48:00,693
ORD2368,U829,R54,2026-04-17 10:11:00,286
ORD2369,U405,R76,2026-04-17 15:04:00,545
ORD2370,U61,R114,2026-04-17 16:54:00,278
ORD2371,U159,R27,2026-04-17 15:20:00,193
ORD2372,U719,R130,2026-04-17 19:03:00,643
ORD2373,U408,R156,2026-04-17 14:31:00,544
ORD2374,U759,R131,2026-04-17 16:16:00,623
ORD2375,U808,R9,2026-04-17 18:50:00,330
ORD2376,U32,R36,2026-04-17 16:16:00,772
ORD2377,U50,R193,2026-04-17 12:10:00,707
ORD2378,U828,R197,2026-04-17 13:49:00,313
ORD2379,U360,R62,2026-04-17 18:54:00,638
ORD2380,U66,R9,2026-04-17 13:22:00,423
ORD2381,U515,R54,2026-04-17 14:55:00,198
ORD2382,U599,R168,2026-04-17 13:13:00,359
ORD2383,U7,R167,2026-04-17 17:19:00,712
ORD2384,U662,R113,2026-04-17 16:08:00,379
ORD2385,U217,R165,2026-04-17 11:35:00,294
ORD2386,U782,R182,2026-04-17 19:07:00,500
ORD2387,U318,R63,2026-04-17 11:53:00,727
ORD2388,U467,R144,2026-04-17 11:12:00,236
ORD2389,U569,R150,2026-04-17 12:39:00,430
ORD2390,U134,R129,2026-04-17 18:23:00,289
ORD2391,U336,R98,2026-04-17 13:22:00,127
ORD2392,U62,R80,2026-04-17 18:59:00,134
ORD2393,U780,R17,2026-04-17 13:36:00,438
ORD2394,U541,R42,2026-04-17 15:53:00,323
ORD2395,U421,R139,2026-04-17 11:35:00,503
ORD2396,U758,R73,2026-04-17 13:06:00,318
ORD2397,U199,R20,2026-04-17 13:39:00,744
ORD2398,U545,R174,2026-04-17 15:59:00,732
ORD2399,U157,R93,2026-04-17 13:11:00,759
ORD2400,U47,R189,2026-04-17 18:23:00,535
ORD2401,U912,R66,2026-04-17 10:33:00,642
ORD2402,U145,R105,2026-04-17 18:40:00,430
ORD2403,U484,R135,2026-04-17 18:45:00,145
ORD2404,U197,R87,2026-04-17 18:39:00,761
ORD2405,U560,R171,2026-04-17 18:13:00,396
ORD2406,U146,R46,2026-04-17 11:06:00,735
ORD2407,U195,R129,2026-04-17 16:20:00,363
ORD2408,U723,R170,2026-04-17 12:50:00,524
ORD2409,U436,R12,2026-04-17 19:54:00,224
ORD2410,U389,R144,2026-04-17 17:37:00,641
ORD2411,U828,R176,2026-04-17 16:11:00,456
ORD2412,U342,R130,2026-04-17 15:43:00,121
ORD2413,U504,R73,2026-04-17 11:37:00,366
ORD2414,U93,R126,2026-04-17 15:53:00,703
ORD2415,U977,R117,2026-04-17 13:11:00,539
ORD2416,U655,R156,2026-04-17 17:39:00,298
ORD2417,U696,R51,2026-04-17 16:44:00,286
ORD2418,U450,R189,2026-04-17 14:19:00,327
ORD2419,U878,R75,2026-04-17 14:06:00,350
ORD2420,U205,R158,2026-04-17 10:42:00,576
ORD2421,U44,R95,2026-04-17 15:23:00,565
ORD2422,U712,R69,2026-04-17 15:29:00,687
ORD2423,U710,R173,2026-04-17 12:58:00,324
ORD2424,U941,R34,2026-04-17 18:34:00,398
ORD2425,U396,R46,2026-04-17 14:35:00,440
ORD2426,U565,R44,2026-04-17 12:49:00,384
ORD2427,U789,R103,2026-04-17 19:46:00,117
ORD2428,U193,R105,2026-04-17 19:01:00,292
ORD2429,U532,R47,2026-04-17 10:23:00,311
ORD2430,U247,R112,2026-04-17 13:17:00,307
ORD2431,U224,R145,2026-04-17 16:12:00,437
ORD2432,U92,R127,2026-04-17 14:24:00,555
ORD2433,U928,R186,2026-04-17 10:21:00,306
ORD2434,U191,R75,2026-04-17 16:08:00,609
ORD2435,U178,R178,2026-04-17 19:15:00,377
ORD2436,U719,R44,2026-04-17 10:04:00,771
ORD2437,U88,R143,2026-04-17 14:36:00,697
ORD2438,U779,R13,2026-04-17 12:24:00,181
ORD2439,U341,R32,2026-04-17 19:33:00,198
ORD2440,U665,R72,2026-04-17 11:41:00,122
ORD2441,U43,R164,2026-04-17 17:56:00,349
ORD2442,U565,R138,2026-04-17 12:25:00,451
ORD2443,U215,R78,2026-04-17 19:40:00,350
ORD2444,U200,R140,2026-04-17 16:27:00,264
ORD2445,U56,R196,2026-04-17 10:15:00,517
ORD2446,U761,R63,2026-04-17 11:36:00,123
ORD2447,U495,R175,2026-04-17 12:33:00,800
ORD2448,U946,R114,2026-04-17 14:31:00,423
ORD2449,U129,R180,2026-04-17 16:30:00,113
ORD2450,U674,R44,2026-04-17 19:30:00,687
ORD2451,U899,R40,2026-04-17 11:59:00,613
ORD2452,U278,R181,2026-04-17 10:22:00,502
ORD2453,U804,R22,2026-04-17 14:49:00,187
ORD2454,U753,R125,2026-04-17 19:39:00,694
ORD2455,U494,R129,2026-04-17 13:20:00,351
ORD2456,U600,R189,2026-04-17 10:40:00,643
ORD2457,U951,R62,2026-04-17 17:02:00,527
ORD2458,U240,R108,2026-04-17 15:21:00,663
ORD2459,U183,R43,2026-04-17 17:00:00,684
ORD2460,U488,R31,2026-04-17 13:28:00,580
ORD2461,U22,R122,2026-04-17 15:03:00,462
ORD2462,U141,R199,2026-04-17 18:49:00,712
ORD2463,U723,R129,2026-04-17 10:43:00,388
ORD2464,U381,R28,2026-04-17 10:56:00,591
ORD2465,U273,R2,2026-04-17 15:39:00,729
ORD2466,U216,R186,2026-04-17 14:35:00,540
ORD2467,U73,R92,2026-04-17 13:51:00,783
ORD2468,U153,R35,2026-04-17 10:58:00,251
ORD2469,U876,R19,2026-04-17 17:55:00,463
ORD2470,U606,R149,2026-04-17 11:21:00,117
ORD2471,U2,R40,2026-04-17 11:12:00,486
ORD2472,U689,R58,2026-04-17 10:19:00,314
ORD2473,U543,R121,2026-04-17 11:26:00,639
ORD2474,U956,R190,2026-04-17 17:27:00,265
ORD2475,U719,R29,2026-04-17 18:11:00,371
ORD2476,U670,R51,2026-04-17 13:49:00,290
ORD2477,U719,R10,2026-04-17 12:14:00,730
ORD2478,U844,R84,2026-04-17 12:09:00,576
ORD2479,U106,R179,2026-04-17 19:35:00,654
ORD2480,U895,R77,2026-04-17 12:20:00,721
ORD2481,U374,R155,2026-04-17 17:38:00,510
ORD2482,U197,R131,2026-04-17 12:06:00,208
ORD2483,U549,R132,2026-04-17 14:55:00,452
ORD2484,U908,R150,2026-04-17 11:21:00,309
ORD2485,U962,R25,2026-04-17 12:18:00,777
ORD2486,U250,R188,2026-04-17 11:22:00,796
ORD2487,U206,R164,2026-04-17 11:34:00,342
ORD2488,U976,R76,2026-04-17 16:03:00,554
ORD2489,U85,R67,2026-04-17 13:01:00,607
ORD2490,U970,R17,2026-04-17 11:00:00,489
ORD2491,U541,R152,2026-04-17 12:36:00,361
ORD2492,U375,R46,2026-04-17 11:15:00,344
ORD2493,U400,R173,2026-04-17 16:59:00,311
ORD2494,U134,R172,2026-04-17 19:35:00,191
ORD2495,U5,R67,2026-04-17 10:31:00,728
ORD2496,U905,R52,2026-04-17 18:35:00,659
ORD2497,U596,R118,2026-04-17 19:42:00,798
ORD2498,U826,R122,2026-04-17 16:49:00,658
ORD2499,U360,R145,2026-04-17 16:41:00,727
ORD2500,U339,R99,2026-04-17 11:31:00,333
ORD2501,U425,R161,2026-04-17 12:16:00,245
ORD2502,U669,R172,2026-04-17 17:13:00,419
ORD2503,U164,R18,2026-04-17 19:11:00,441
ORD2504,U526,R134,2026-04-17 14:59:00,296
ORD2505,U361,R70,2026-04-17 19:18:00,556
ORD2506,U741,R22,2026-04-17 14:13:00,279
ORD2507,U676,R63,2026-04-17 10:16:00,721
ORD2508,U938,R198,2026-04-17 15:49:00,783
ORD2509,U379,R106,2026-04-17 19:52:00,384
ORD2510,U516,R85,2026-04-17 12:04:00,131
ORD2511,U205,R66,2026-04-17 16:03:00,410
ORD2512,U629,R75,2026-04-17 11:18:00,534
ORD2513,U770,R71,2026-04-17 14:48:00,433
ORD2514,U241,R56,2026-04-17 14:48:00,522
ORD2515,U90,R162,2026-04-17 11:53:00,717
ORD2516,U55,R184,2026-04-17 19:41:00,133
ORD2517,U570,R132,2026-04-17 11:39:00,186
ORD2518,U375,R6,2026-04-17 11:11:00,632
ORD2519,U533,R130,2026-04-17 19:25:00,350
ORD2520,U383,R80,2026-04-17 10:15:00,701
ORD2521,U375,R74,2026-04-17 16:13:00,536
ORD2522,U749,R120,2026-04-17 16:36:00,742
ORD2523,U483,R61,2026-04-17 11:57:00,388
ORD2524,U551,R38,2026-04-17 13:35:00,578
ORD2525,U405,R64,2026-04-17 13:45:00,211
ORD2526,U823,R125,2026-04-17 15:13:00,639
ORD2527,U174,R44,2026-04-17 11:44:00,360
ORD2528,U608,R192,2026-04-17 15:14:00,103
ORD2529,U970,R136,2026-04-17 17:16:00,288
ORD2530,U73,R46,2026-04-17 13:09:00,142
ORD2531,U983,R179,2026-04-17 13:47:00,660
ORD2532,U103,R180,2026-04-17 15:28:00,687
ORD2533,U997,R147,2026-04-17 13:55:00,250
ORD2534,U844,R171,2026-04-17 17:22:00,520
ORD2535,U656,R103,2026-04-17 11:26:00,142
ORD2536,U470,R77,2026-04-17 12:48:00,502
ORD2537,U319,R179,2026-04-17 19:36:00,322
ORD2538,U715,R34,2026-04-17 14:34:00,177
ORD2539,U282,R198,2026-04-17 14:07:00,627
ORD2540,U786,R113,2026-04-17 14:19:00,284
ORD2541,U517,R68,2026-04-17 10:20:00,449
ORD2542,U329,R125,2026-04-17 18:19:00,131
ORD2543,U682,R40,2026-04-17 19:24:00,101
ORD2544,U492,R195,2026-04-17 15:48:00,797
ORD2545,U507,R132,2026-04-17 10:17:00,595
ORD2546,U938,R142,2026-04-17 12:11:00,327
ORD2547,U541,R60,2026-04-17 12:12:00,100
ORD2548,U501,R188,2026-04-17 18:09:00,790
ORD2549,U533,R57,2026-04-17 14:13:00,242
ORD2550,U525,R104,2026-04-17 16:02:00,148
ORD2551,U825,R112,2026-04-17 16:48:00,498
ORD2552,U31,R34,2026-04-17 19:32:00,594
ORD2553,U693,R135,2026-04-17 14:09:00,657
ORD2554,U327,R170,2026-04-17 15:21:00,622
ORD2555,U792,R23,2026-04-17 16:23:00,210
ORD2556,U747,R109,2026-04-17 19:57:00,564
ORD2557,U88,R137,2026-04-17 18:59:00,681
ORD2558,U471,R70,2026-04-17 17:39:00,636
ORD2559,U945,R78,2026-04-17 17:37:00,575
ORD2560,U495,R55,2026-04-17 16:00:00,500
ORD2561,U758,R33,2026-04-17 16:10:00,647
ORD2562,U1,R27,2026-04-17 18:15:00,768
ORD2563,U801,R34,2026-04-17 14:43:00,764
ORD2564,U371,R68,2026-04-17 15:02:00,407
ORD2565,U661,R110,2026-04-17 10:14:00,106
ORD2566,U301,R117,2026-04-17 13:10:00,544
ORD2567,U730,R109,2026-04-17 15:15:00,104
ORD2568,U500,R61,2026-04-17 14:05:00,538
ORD2569,U372,R38,2026-04-17 15:44:00,489
ORD2570,U668,R22,2026-04-17 16:50:00,620
ORD2571,U43,R175,2026-04-17 14:26:00,139
ORD2572,U995,R176,2026-04-17 11:08:00,340
ORD2573,U955,R23,2026-04-17 11:46:00,657
ORD2574,U281,R48,2026-04-17 17:34:00,631
ORD2575,U422,R144,2026-04-17 16:56:00,555
ORD2576,U517,R100,2026-04-17 13:51:00,648
ORD2577,U639,R65,2026-04-17 19:44:00,745
ORD2578,U621,R171,2026-04-17 19:05:00,800
ORD2579,U416,R95,2026-04-17 15:48:00,357
ORD2580,U824,R80,2026-04-17 19:44:00,153
ORD2581,U227,R200,2026-04-17 15:23:00,351
ORD2582,U613,R173,2026-04-17 10:50:00,208
ORD2583,U894,R121,2026-04-17 16:02:00,303
ORD2584,U718,R34,2026-04-17 19:23:00,380
ORD2585,U965,R82,2026-04-17 12:38:00,677
ORD2586,U779,R113,2026-04-17 19:04:00,723
ORD2587,U840,R118,2026-04-17 17:27:00,619
ORD2588,U927,R144,2026-04-17 15:17:00,697
ORD2589,U567,R152,2026-04-17 19:47:00,424
ORD2590,U812,R167,2026-04-17 14:01:00,363
ORD2591,U958,R174,2026-04-17 17:28:00,394
ORD2592,U543,R24,2026-04-17 16:18:00,188
ORD2593,U845,R44,2026-04-17 17:28:00,356
ORD2594,U328,R5,2026-04-17 16:36:00,483
ORD2595,U932,R59,2026-04-17 16:07:00,690
ORD2596,U983,R14,2026-04-17 15:12:00,429
ORD2597,U145,R7,2026-04-17 19:32:00,642
ORD2598,U560,R121,2026-04-17 19:59:00,787
ORD2599,U665,R142,2026-04-17 17:41:00,182
ORD2600,U912,R124,2026-04-17 14:59:00,343
ORD2601,U530,R73,2026-04-17 17:32:00,698
ORD2602,U558,R66,2026-04-17 11:26:00,763
ORD2603,U371,R182,2026-04-17 15:00:00,230
ORD2604,U769,R182,2026-04-17 14:52:00,675
ORD2605,U458,R41,2026-04-17 12:03:00,388
ORD2606,U711,R16,2026-04-17 16:28:00,182
ORD2607,U986,R128,2026-04-17 10:14:00,326
ORD2608,U306,R155,2026-04-17 10:35:00,604
ORD2609,U643,R152,2026-04-17 18:02:00,198
ORD2610,U174,R105,2026-04-17 16:07:00,692
ORD2611,U216,R2,2026-04-17 12:48:00,442
ORD2612,U255,R130,2026-04-17 13:29:00,472
ORD2613,U72,R44,2026-04-17 11:56:00,656
ORD2614,U500,R150,2026-04-17 19:41:00,120
ORD2615,U620,R156,2026-04-17 12:55:00,572
ORD2616,U70,R26,2026-04-17 16:32:00,600
ORD2617,U215,R7,2026-04-17 17:01:00,397
ORD2618,U935,R138,2026-04-17 13:46:00,692
ORD2619,U649,R49,2026-04-17 13:20:00,767
ORD2620,U36,R199,2026-04-17 10:48:00,413
ORD2621,U901,R163,2026-04-17 19:58:00,495
ORD2622,U332,R50,2026-04-17 12:55:00,205
ORD2623,U645,R43,2026-04-17 14:28:00,558
ORD2624,U431,R65,2026-04-17 13:35:00,293
ORD2625,U98,R161,2026-04-17 17:50:00,221
ORD2626,U884,R43,2026-04-17 10:14:00,346
ORD2627,U456,R176,2026-04-17 10:23:00,704
ORD2628,U746,R171,2026-04-17 14:46:00,368
ORD2629,U831,R169,2026-04-17 14:54:00,656
ORD2630,U917,R46,2026-04-17 11:22:00,509
ORD2631,U846,R81,2026-04-17 19:19:00,389
ORD2632,U255,R5,2026-04-17 19:19:00,544
ORD2633,U241,R7,2026-04-17 16:00:00,477
ORD2634,U969,R94,2026-04-17 15:30:00,232
ORD2635,U421,R54,2026-04-17 10:35:00,493
ORD2636,U149,R116,2026-04-17 13:05:00,465
ORD2637,U389,R105,2026-04-17 14:32:00,537
ORD2638,U303,R30,2026-04-17 12:48:00,733
ORD2639,U516,R187,2026-04-17 16:27:00,518
ORD2640,U67,R50,2026-04-17 17:22:00,264
ORD2641,U592,R53,2026-04-17 19:18:00,428
ORD2642,U199,R42,2026-04-17 13:15:00,103
ORD2643,U68,R122,2026-04-17 10:42:00,581
ORD2644,U84,R8,2026-04-17 12:37:00,352
ORD2645,U199,R181,2026-04-17 11:09:00,411
ORD2646,U437,R167,2026-04-17 18:07:00,599
ORD2647,U8,R153,2026-04-17 16:17:00,286
ORD2648,U651,R76,2026-04-17 18:40:00,641
ORD2649,U650,R105,2026-04-17 14:29:00,693
ORD2650,U737,R86,2026-04-17 16:32:00,301
ORD2651,U379,R195,2026-04-17 12:57:00,112
ORD2652,U308,R46,2026-04-17 15:08:00,528
ORD2653,U280,R58,2026-04-17 14:34:00,760
ORD2654,U826,R101,2026-04-17 16:05:00,497
ORD2655,U7,R191,2026-04-17 13:04:00,145
ORD2656,U615,R148,2026-04-17 16:37:00,220
ORD2657,U300,R69,2026-04-17 14:10:00,212
ORD2658,U769,R110,2026-04-17 17:30:00,747
ORD2659,U462,R124,2026-04-17 13:20:00,442
ORD2660,U484,R187,2026-04-17 10:30:00,745
ORD2661,U356,R164,2026-04-17 16:38:00,160
ORD2662,U15,R141,2026-04-17 17:16:00,258
ORD2663,U732,R89,2026-04-17 17:39:00,290
ORD2664,U74,R143,2026-04-17 16:35:00,332
ORD2665,U889,R81,2026-04-17 10:39:00,628
ORD2666,U589,R17,2026-04-17 12:19:00,694
ORD2667,U554,R105,2026-04-17 19:22:00,238
ORD2668,U303,R158,2026-04-17 17:24:00,106
ORD2669,U415,R136,2026-04-17 16:36:00,518
ORD2670,U988,R32,2026-04-17 10:28:00,317
ORD2671,U626,R80,2026-04-17 13:05:00,781
ORD2672,U846,R166,2026-04-17 15:20:00,210
ORD2673,U194,R148,2026-04-17 11:21:00,144
ORD2674,U817,R76,2026-04-17 18:26:00,364
ORD2675,U450,R87,2026-04-17 10:31:00,152
ORD2676,U180,R78,2026-04-17 14:19:00,146
ORD2677,U571,R20,2026-04-17 10:39:00,558
ORD2678,U438,R87,2026-04-17 17:16:00,270
ORD2679,U361,R72,2026-04-17 15:24:00,322
ORD2680,U232,R31,2026-04-17 13:55:00,771
ORD2681,U176,R105,2026-04-17 13:45:00,742
ORD2682,U283,R176,2026-04-17 10:17:00,708
ORD2683,U945,R66,2026-04-17 10:31:00,346
ORD2684,U704,R185,2026-04-17 12:16:00,331
ORD2685,U934,R11,2026-04-17 16:51:00,290
ORD2686,U341,R128,2026-04-17 11:51:00,337
ORD2687,U976,R86,2026-04-17 17:48:00,185
ORD2688,U509,R200,2026-04-17 11:45:00,400
ORD2689,U160,R39,2026-04-17 19:21:00,456
ORD2690,U106,R194,2026-04-17 19:23:00,174
ORD2691,U748,R40,2026-04-17 15:15:00,710
ORD2692,U391,R22,2026-04-17 17:03:00,347
ORD2693,U735,R93,2026-04-17 16:43:00,228
ORD2694,U167,R125,2026-04-17 18:13:00,140
ORD2695,U359,R187,2026-04-17 12:26:00,508
ORD2696,U755,R190,2026-04-17 15:59:00,422
ORD2697,U79,R15,2026-04-17 18:06:00,521
ORD2698,U185,R14,2026-04-17 10:58:00,175
ORD2699,U595,R144,2026-04-17 19:21:00,266
ORD2700,U719,R182,2026-04-17 17:06:00,203
ORD2701,U313,R20,2026-04-17 17:39:00,168
ORD2702,U528,R16,2026-04-17 12:36:00,751
ORD2703,U517,R76,2026-04-17 18:39:00,180
ORD2704,U217,R9,2026-04-17 10:42:00,168
ORD2705,U770,R35,2026-04-17 16:03:00,325
ORD2706,U981,R166,2026-04-17 19:30:00,302
ORD2707,U663,R160,2026-04-17 14:32:00,672
ORD2708,U641,R148,2026-04-17 10:04:00,503
ORD2709,U640,R113,2026-04-17 16:02:00,162
ORD2710,U583,R96,2026-04-17 19:00:00,636
ORD2711,U722,R131,2026-04-17 17:42:00,144
ORD2712,U645,R100,2026-04-17 19:47:00,418
ORD2713,U558,R99,2026-04-17 14:48:00,575
ORD2714,U756,R79,2026-04-17 12:06:00,186
ORD2715,U536,R109,2026-04-17 14:03:00,113
ORD2716,U447,R113,2026-04-17 19:45:00,153
ORD2717,U49,R23,2026-04-17 15:32:00,431
ORD2718,U453,R112,2026-04-17 17:45:00,566
ORD2719,U224,R163,2026-04-17 10:25:00,172
ORD2720,U585,R15,2026-04-17 11:45:00,263
ORD2721,U95,R158,2026-04-17 15:57:00,263
ORD2722,U378,R26,2026-04-17 14:09:00,375
ORD2723,U997,R84,2026-04-17 16:32:00,352
ORD2724,U782,R99,2026-04-17 14:08:00,224
ORD2725,U803,R77,2026-04-17 10:39:00,212
ORD2726,U156,R108,2026-04-17 17:46:00,125
ORD2727,U385,R75,2026-04-17 14:04:00,136
ORD2728,U534,R142,2026-04-17 16:33:00,696
ORD2729,U609,R16,2026-04-17 11:48:00,100
ORD2730,U49,R60,2026-04-17 16:50:00,155
ORD2731,U311,R7,2026-04-17 18:42:00,597
ORD2732,U950,R188,2026-04-17 18:45:00,599
ORD2733,U94,R99,2026-04-17 13:52:00,767
ORD2734,U666,R42,2026-04-17 11:05:00,584
ORD2735,U438,R178,2026-04-17 18:18:00,201
ORD2736,U772,R14,2026-04-17 10:14:00,484
ORD2737,U786,R150,2026-04-17 19:54:00,361
ORD2738,U60,R61,2026-04-17 17:55:00,759
ORD2739,U42,R79,2026-04-17 19:34:00,314
ORD2740,U427,R84,2026-04-17 13:37:00,461
ORD2741,U288,R35,2026-04-17 18:31:00,540
ORD2742,U598,R111,2026-04-17 10:53:00,434
ORD2743,U286,R184,2026-04-17 11:34:00,496
ORD2744,U416,R2,2026-04-17 12:31:00,592
ORD2745,U140,R105,2026-04-17 11:49:00,382
ORD2746,U688,R60,2026-04-17 10:45:00,620
ORD2747,U569,R199,2026-04-17 17:52:00,300
ORD2748,U558,R172,2026-04-17 10:12:00,454
ORD2749,U528,R37,2026-04-17 11:58:00,312
ORD2750,U846,R105,2026-04-17 16:13:00,259
ORD2751,U908,R163,2026-04-17 19:25:00,334
ORD2752,U873,R106,2026-04-17 15:32:00,271
ORD2753,U758,R177,2026-04-17 18:07:00,497
ORD2754,U800,R12,2026-04-17 17:24:00,116
ORD2755,U524,R48,2026-04-17 14:04:00,439
ORD2756,U392,R82,2026-04-17 13:06:00,336
ORD2757,U216,R161,2026-04-17 18:46:00,773
ORD2758,U687,R110,2026-04-17 19:00:00,790
ORD2759,U584,R181,2026-04-17 16:34:00,596
ORD2760,U452,R146,2026-04-17 19:20:00,551
ORD2761,U959,R28,2026-04-17 13:59:00,716
ORD2762,U853,R154,2026-04-17 12:21:00,122
ORD2763,U201,R74,2026-04-17 17:37:00,501
ORD2764,U358,R101,2026-04-17 16:14:00,560
ORD2765,U958,R148,2026-04-17 10:54:00,382
ORD2766,U439,R50,2026-04-17 19:42:00,382
ORD2767,U819,R92,2026-04-17 14:21:00,193
ORD2768,U495,R100,2026-04-17 19:49:00,660
ORD2769,U444,R153,2026-04-17 12:45:00,236
ORD2770,U768,R154,2026-04-17 12:28:00,763
ORD2771,U592,R171,2026-04-17 12:21:00,547
ORD2772,U702,R37,2026-04-17 13:02:00,674
ORD2773,U963,R41,2026-04-17 11:33:00,745
ORD2774,U327,R109,2026-04-17 12:28:00,396
ORD2775,U440,R36,2026-04-17 13:27:00,293
ORD2776,U402,R41,2026-04-17 19:59:00,398
ORD2777,U589,R35,2026-04-17 11:50:00,517
ORD2778,U330,R46,2026-04-17 11:36:00,103
ORD2779,U642,R100,2026-04-17 14:43:00,127
ORD2780,U408,R99,2026-04-17 13:51:00,420
ORD2781,U216,R93,2026-04-17 16:01:00,285
ORD2782,U782,R48,2026-04-17 16:42:00,120
ORD2783,U127,R194,2026-04-17 16:40:00,484
ORD2784,U687,R117,2026-04-17 19:35:00,314
ORD2785,U605,R69,2026-04-17 10:27:00,354
ORD2786,U427,R192,2026-04-17 12:42:00,481
ORD2787,U400,R107,2026-04-17 17:30:00,657
ORD2788,U217,R37,2026-04-17 17:40:00,326
ORD2789,U241,R169,2026-04-17 12:53:00,260
ORD2790,U132,R86,2026-04-17 16:01:00,218
ORD2791,U880,R161,2026-04-17 16:41:00,609
ORD2792,U678,R39,2026-04-17 14:58:00,523
ORD2793,U893,R134,2026-04-17 13:05:00,352
ORD2794,U277,R119,2026-04-17 11:47:00,675
ORD2795,U472,R144,2026-04-17 10:08:00,108
ORD2796,U561,R54,2026-04-17 19:22:00,289
ORD2797,U221,R21,2026-04-17 16:39:00,201
ORD2798,U229,R60,2026-04-17 12:43:00,766
ORD2799,U412,R119,2026-04-17 18:19:00,448
ORD2800,U992,R16,2026-04-17 18:04:00,523
ORD2801,U144,R94,2026-04-17 16:43:00,676
ORD2802,U488,R22,2026-04-17 17:31:00,378
ORD2803,U98,R95,2026-04-17 10:20:00,482
ORD2804,U185,R46,2026-04-17 12:50:00,455
ORD2805,U102,R165,2026-04-17 17:26:00,369
ORD2806,U359,R70,2026-04-17 13:05:00,359
ORD2807,U696,R168,2026-04-17 16:50:00,453
ORD2808,U200,R109,2026-04-17 18:04:00,385
ORD2809,U515,R150,2026-04-17 18:51:00,670
ORD2810,U289,R142,2026-04-17 16:48:00,185
ORD2811,U874,R110,2026-04-17 12:56:00,388
ORD2812,U899,R68,2026-04-17 15:26:00,558
ORD2813,U866,R104,2026-04-17 18:12:00,367
ORD2814,U802,R171,2026-04-17 16:56:00,758
ORD2815,U243,R15,2026-04-17 10:55:00,234
ORD2816,U597,R104,2026-04-17 15:37:00,604
ORD2817,U338,R64,2026-04-17 13:20:00,419
ORD2818,U50,R5,2026-04-17 17:06:00,706
ORD2819,U571,R125,2026-04-17 18:45:00,610
ORD2820,U293,R54,2026-04-17 10:00:00,263
ORD2821,U828,R147,2026-04-17 19:24:00,206
ORD2822,U589,R95,2026-04-17 19:01:00,213
ORD2823,U821,R111,2026-04-17 15:43:00,483
ORD2824,U256,R122,2026-04-17 12:56:00,661
ORD2825,U528,R169,2026-04-17 19:37:00,567
ORD2826,U420,R177,2026-04-17 13:53:00,752
ORD2827,U810,R198,2026-04-17 14:47:00,765
ORD2828,U698,R169,2026-04-17 19:49:00,150
ORD2829,U642,R166,2026-04-17 19:32:00,466
ORD2830,U817,R144,2026-04-17 14:03:00,419
ORD2831,U809,R197,2026-04-17 11:35:00,325
ORD2832,U787,R94,2026-04-17 13:55:00,276
ORD2833,U566,R164,2026-04-17 18:03:00,564
ORD2834,U565,R184,2026-04-17 10:28:00,103
ORD2835,U255,R84,2026-04-17 14:19:00,171
ORD2836,U506,R98,2026-04-17 15:05:00,699
ORD2837,U783,R46,2026-04-17 18:28:00,386
ORD2838,U329,R22,2026-04-17 17:39:00,608
ORD2839,U656,R195,2026-04-17 18:16:00,209
ORD2840,U9,R197,2026-04-17 16:22:00,426
ORD2841,U564,R73,2026-04-17 12:39:00,693
ORD2842,U509,R88,2026-04-17 16:39:00,560
ORD2843,U799,R88,2026-04-17 14:11:00,775
ORD2844,U330,R24,2026-04-17 10:06:00,707
ORD2845,U592,R110,2026-04-17 19:10:00,117
ORD2846,U834,R182,2026-04-17 17:01:00,107
ORD2847,U225,R17,2026-04-17 17:28:00,680
ORD2848,U186,R103,2026-04-17 15:53:00,724
ORD2849,U247,R163,2026-04-17 17:04:00,180
ORD2850,U859,R55,2026-04-17 15:25:00,443
ORD2851,U282,R23,2026-04-17 10:24:00,177
ORD2852,U184,R141,2026-04-17 12:43:00,633
ORD2853,U633,R72,2026-04-17 18:00:00,205
ORD2854,U508,R200,2026-04-17 15:49:00,572
ORD2855,U701,R195,2026-04-17 13:58:00,498
ORD2856,U131,R148,2026-04-17 17:20:00,462
ORD2857,U444,R161,2026-04-17 18:37:00,429
ORD2858,U160,R110,2026-04-17 18:46:00,260
ORD2859,U865,R84,2026-04-17 16:03:00,193
ORD2860,U276,R139,2026-04-17 14:45:00,701
ORD2861,U718,R113,2026-04-17 17:02:00,611
ORD2862,U195,R193,2026-04-17 17:31:00,579
ORD2863,U792,R168,2026-04-17 18:49:00,316
ORD2864,U794,R32,2026-04-17 10:53:00,426
ORD2865,U571,R3,2026-04-17 13:39:00,388
ORD2866,U172,R114,2026-04-17 17:22:00,433
ORD2867,U917,R199,2026-04-17 18:58:00,531
ORD2868,U511,R38,2026-04-17 16:01:00,761
ORD2869,U722,R129,2026-04-17 14:17:00,434
ORD2870,U723,R77,2026-04-17 10:26:00,409
ORD2871,U562,R173,2026-04-17 18:52:00,375
ORD2872,U146,R110,2026-04-17 18:23:00,179
ORD2873,U84,R139,2026-04-17 17:45:00,179
ORD2874,U466,R37,2026-04-17 13:24:00,721
ORD2875,U692,R12,2026-04-17 19:33:00,731
ORD2876,U438,R74,2026-04-17 13:50:00,663
ORD2877,U389,R81,2026-04-17 18:23:00,692
ORD2878,U312,R7,2026-04-17 14:48:00,283
ORD2879,U982,R49,2026-04-17 16:26:00,198
ORD2880,U703,R48,2026-04-17 14:43:00,327
ORD2881,U458,R14,2026-04-17 17:21:00,406
ORD2882,U482,R6,2026-04-17 11:40:00,447
ORD2883,U676,R167,2026-04-17 15:44:00,739
ORD2884,U382,R27,2026-04-17 16:48:00,501
ORD2885,U349,R73,2026-04-17 17:45:00,617
ORD2886,U397,R172,2026-04-17 12:07:00,214
ORD2887,U193,R24,2026-04-17 18:10:00,301
ORD2888,U598,R12,2026-04-17 18:50:00,450
ORD2889,U974,R74,2026-04-17 19:46:00,313
ORD2890,U133,R17,2026-04-17 16:09:00,795
ORD2891,U586,R189,2026-04-17 18:44:00,634
ORD2892,U925,R171,2026-04-17 16:21:00,491
ORD2893,U127,R26,2026-04-17 10:11:00,183
ORD2894,U61,R46,2026-04-17 14:28:00,139
ORD2895,U63,R114,2026-04-17 18:49:00,566
ORD2896,U612,R68,2026-04-17 12:32:00,680
ORD2897,U990,R45,2026-04-17 12:54:00,452
ORD2898,U350,R64,2026-04-17 10:07:00,274
ORD2899,U331,R86,2026-04-17 15:34:00,217
ORD2900,U1000,R50,2026-04-17 15:40:00,403
ORD2901,U50,R69,2026-04-17 18:12:00,300
ORD2902,U218,R111,2026-04-17 11:46:00,594
ORD2903,U487,R159,2026-04-17 11:45:00,455
ORD2904,U510,R114,2026-04-17 16:04:00,170
ORD2905,U114,R183,2026-04-17 13:33:00,218
ORD2906,U476,R93,2026-04-17 12:47:00,784
ORD2907,U476,R129,2026-04-17 19:10:00,223
ORD2908,U387,R11,2026-04-17 16:01:00,189
ORD2909,U953,R43,2026-04-17 15:41:00,783
ORD2910,U250,R147,2026-04-17 10:21:00,101
ORD2911,U507,R1,2026-04-17 19:55:00,268
ORD2912,U404,R68,2026-04-17 10:00:00,564
ORD2913,U957,R65,2026-04-17 16:31:00,428
ORD2914,U13,R22,2026-04-17 13:12:00,502
ORD2915,U622,R61,2026-04-17 15:34:00,251
ORD2916,U924,R185,2026-04-17 18:38:00,626
ORD2917,U208,R60,2026-04-17 10:48:00,252
ORD2918,U968,R91,2026-04-17 12:13:00,629
ORD2919,U808,R156,2026-04-17 16:07:00,423
ORD2920,U481,R160,2026-04-17 14:50:00,459
ORD2921,U760,R161,2026-04-17 10:40:00,414
ORD2922,U66,R61,2026-04-17 13:11:00,725
ORD2923,U854,R98,2026-04-17 13:52:00,634
ORD2924,U720,R90,2026-04-17 15:34:00,694
ORD2925,U715,R79,2026-04-17 11:51:00,293
ORD2926,U140,R143,2026-04-17 11:58:00,547
ORD2927,U638,R130,2026-04-17 11:30:00,236
ORD2928,U984,R5,2026-04-17 11:53:00,416
ORD2929,U506,R8,2026-04-17 12:41:00,209
ORD2930,U176,R129,2026-04-17 12:51:00,726
ORD2931,U699,R62,2026-04-17 18:39:00,556
ORD2932,U578,R2,2026-04-17 14:28:00,655
ORD2933,U979,R94,2026-04-17 15:39:00,103
ORD2934,U752,R30,2026-04-17 12:18:00,118
ORD2935,U923,R74,2026-04-17 10:01:00,667
ORD2936,U859,R130,2026-04-17 16:32:00,768
ORD2937,U388,R168,2026-04-17 19:51:00,256
ORD2938,U999,R167,2026-04-17 17:35:00,471
ORD2939,U446,R144,2026-04-17 14:48:00,322
ORD2940,U792,R164,2026-04-17 12:39:00,610
ORD2941,U227,R4,2026-04-17 17:09:00,627
ORD2942,U800,R113,2026-04-17 18:16:00,186
ORD2943,U856,R114,2026-04-17 11:51:00,587
ORD2944,U729,R47,2026-04-17 15:11:00,115
ORD2945,U408,R1,2026-04-17 14:13:00,669
ORD2946,U376,R130,2026-04-17 10:07:00,261
ORD2947,U826,R43,2026-04-17 12:16:00,142
ORD2948,U629,R195,2026-04-17 15:33:00,504
ORD2949,U140,R181,2026-04-17 13:52:00,586
ORD2950,U767,R81,2026-04-17 13:59:00,380
ORD2951,U201,R139,2026-04-17 18:37:00,579
ORD2952,U24,R125,2026-04-17 11:30:00,653
ORD2953,U630,R184,2026-04-17 18:10:00,604
ORD2954,U72,R55,2026-04-17 13:21:00,771
ORD2955,U261,R76,2026-04-17 14:05:00,405
ORD2956,U253,R187,2026-04-17 12:59:00,374
ORD2957,U754,R59,2026-04-17 19:37:00,125
ORD2958,U158,R38,2026-04-17 15:51:00,139
ORD2959,U596,R55,2026-04-17 15:15:00,688
ORD2960,U226,R130,2026-04-17 10:52:00,167
ORD2961,U245,R133,2026-04-17 11:11:00,613
ORD2962,U47,R134,2026-04-17 18:56:00,137
ORD2963,U258,R169,2026-04-17 16:24:00,726
ORD2964,U287,R161,2026-04-17 16:46:00,375
ORD2965,U765,R65,2026-04-17 10:05:00,772
ORD2966,U922,R25,2026-04-17 12:28:00,378
ORD2967,U869,R181,2026-04-17 10:50:00,799
ORD2968,U83,R181,2026-04-17 14:46:00,583
ORD2969,U933,R178,2026-04-17 17:15:00,133
ORD2970,U421,R172,2026-04-17 11:34:00,538
ORD2971,U737,R107,2026-04-17 14:04:00,288
ORD2972,U917,R111,2026-04-17 17:07:00,280
ORD2973,U991,R24,2026-04-17 13:11:00,664
ORD2974,U668,R122,2026-04-17 12:05:00,355
ORD2975,U676,R8,2026-04-17 18:39:00,737
ORD2976,U830,R23,2026-04-17 10:21:00,495
ORD2977,U161,R181,2026-04-17 12:46:00,679
ORD2978,U718,R172,2026-04-17 19:29:00,351
ORD2979,U889,R82,2026-04-17 10:03:00,349
ORD2980,U893,R38,2026-04-17 12:29:00,317
ORD2981,U723,R103,2026-04-17 14:39:00,256
ORD2982,U507,R118,2026-04-17 14:47:00,426
ORD2983,U975,R101,2026-04-17 18:17:00,694
ORD2984,U70,R160,2026-04-17 15:57:00,434
ORD2985,U669,R125,2026-04-17 13:20:00,161
ORD2986,U511,R120,2026-04-17 13:32:00,469
ORD2987,U19,R149,2026-04-17 14:33:00,153
ORD2988,U817,R26,2026-04-17 14:51:00,350
ORD2989,U667,R98,2026-04-17 16:46:00,161
ORD2990,U364,R44,2026-04-17 14:01:00,552
ORD2991,U868,R80,2026-04-17 17:36:00,347
ORD2992,U834,R161,2026-04-17 12:10:00,774
ORD2993,U410,R106,2026-04-17 18:10:00,327
ORD2994,U173,R105,2026-04-17 18:31:00,579
ORD2995,U710,R36,2026-04-17 17:35:00,672
ORD2996,U332,R72,2026-04-17 15:53:00,356
ORD2997,U472,R65,2026-04-17 10:34:00,255
ORD2998,U938,R102,2026-04-17 13:00:00,173
ORD2999,U308,R103,2026-04-17 18:46:00,245
ORD3000,U782,R169,2026-04-17 10:37:00,562
ORD3001,U353,R43,2026-04-17 14:26:00,193
ORD3002,U185,R86,2026-04-17 16:31:00,634
ORD3003,U621,R174,2026-04-17 19:38:00,293
ORD3004,U777,R99,2026-04-17 18:11:00,139
ORD3005,U814,R192,2026-04-17 15:40:00,553
ORD3006,U64,R185,2026-04-17 12:47:00,377
ORD3007,U155,R9,2026-04-17 10:38:00,369
ORD3008,U887,R87,2026-04-17 18:05:00,373
ORD3009,U623,R159,2026-04-17 15:24:00,356
ORD3010,U501,R95,2026-04-17 11:50:00,152
ORD3011,U785,R23,2026-04-17 19:04:00,505
ORD3012,U555,R39,2026-04-17 19:00:00,735
ORD3013,U743,R60,2026-04-17 11:03:00,204
ORD3014,U219,R196,2026-04-17 11:29:00,495
ORD3015,U380,R195,2026-04-17 10:32:00,476
ORD3016,U91,R43,2026-04-17 10:23:00,511
ORD3017,U283,R68,2026-04-17 14:14:00,475
ORD3018,U589,R91,2026-04-17 19:30:00,361
ORD3019,U975,R142,2026-04-17 13:28:00,353
ORD3020,U557,R144,2026-04-17 19:21:00,267
ORD3021,U962,R175,2026-04-17 16:57:00,274
ORD3022,U790,R171,2026-04-17 16:09:00,336
ORD3023,U281,R159,2026-04-17 17:51:00,705
ORD3024,U200,R171,2026-04-17 12:13:00,672
ORD3025,U154,R17,2026-04-17 15:30:00,268
ORD3026,U177,R67,2026-04-17 17:54:00,248
ORD3027,U238,R50,2026-04-17 12:50:00,323
ORD3028,U774,R154,2026-04-17 10:48:00,408
ORD3029,U344,R141,2026-04-17 12:34:00,502
ORD3030,U766,R170,2026-04-17 17:36:00,660
ORD3031,U230,R33,2026-04-17 16:54:00,662
ORD3032,U163,R93,2026-04-17 16:51:00,223
ORD3033,U431,R47,2026-04-17 16:18:00,392
ORD3034,U309,R69,2026-04-17 17:17:00,525
ORD3035,U632,R14,2026-04-17 11:10:00,699
ORD3036,U795,R108,2026-04-17 19:20:00,429
ORD3037,U53,R163,2026-04-17 18:04:00,710
ORD3038,U394,R3,2026-04-17 12:35:00,390
ORD3039,U341,R68,2026-04-17 19:25:00,513
ORD3040,U187,R125,2026-04-17 15:45:00,502
ORD3041,U249,R172,2026-04-17 19:08:00,120
ORD3042,U801,R8,2026-04-17 12:12:00,733
ORD3043,U613,R121,2026-04-17 19:19:00,637
ORD3044,U874,R92,2026-04-17 16:19:00,300
ORD3045,U764,R29,2026-04-17 19:48:00,629
ORD3046,U457,R8,2026-04-17 14:15:00,369
ORD3047,U385,R31,2026-04-17 18:43:00,701
ORD3048,U749,R124,2026-04-17 10:30:00,282
ORD3049,U891,R38,2026-04-17 11:02:00,579
ORD3050,U377,R151,2026-04-17 13:54:00,716
ORD3051,U191,R179,2026-04-17 10:07:00,136
ORD3052,U704,R73,2026-04-17 14:24:00,114
ORD3053,U952,R183,2026-04-17 15:04:00,183
ORD3054,U94,R67,2026-04-17 10:31:00,194
ORD3055,U9,R185,2026-04-17 16:33:00,303
ORD3056,U475,R169,2026-04-17 19:24:00,793
ORD3057,U380,R78,2026-04-17 15:02:00,122
ORD3058,U897,R16,2026-04-17 16:15:00,758
ORD3059,U260,R177,2026-04-17 12:31:00,598
ORD3060,U634,R76,2026-04-17 10:35:00,157
ORD3061,U386,R1,2026-04-17 16:34:00,757
ORD3062,U687,R97,2026-04-17 18:52:00,240
ORD3063,U624,R34,2026-04-17 17:34:00,734
ORD3064,U419,R35,2026-04-17 11:34:00,614
ORD3065,U688,R40,2026-04-17 11:11:00,149
ORD3066,U248,R168,2026-04-17 16:17:00,708
ORD3067,U751,R144,2026-04-17 19:16:00,247
ORD3068,U180,R32,2026-04-17 17:39:00,430
ORD3069,U623,R113,2026-04-17 17:20:00,727
ORD3070,U762,R1,2026-04-17 17:46:00,202
ORD3071,U981,R89,2026-04-17 14:25:00,255
ORD3072,U136,R41,2026-04-17 16:48:00,306
ORD3073,U100,R31,2026-04-17 14:30:00,549
ORD3074,U361,R64,2026-04-17 15:11:00,613
ORD3075,U687,R30,2026-04-17 15:08:00,503
ORD3076,U852,R154,2026-04-17 19:18:00,438
ORD3077,U745,R120,2026-04-17 12:06:00,703
ORD3078,U20,R166,2026-04-17 12:21:00,160
ORD3079,U512,R67,2026-04-17 17:47:00,517
ORD3080,U946,R113,2026-04-17 15:14:00,298
ORD3081,U730,R10,2026-04-17 10:34:00,423
ORD3082,U440,R67,2026-04-17 10:41:00,392
ORD3083,U150,R92,2026-04-17 10:07:00,665
ORD3084,U530,R186,2026-04-17 10:04:00,653
ORD3085,U289,R196,2026-04-17 13:23:00,482
ORD3086,U325,R57,2026-04-17 13:32:00,492
ORD3087,U16,R61,2026-04-17 10:59:00,490
ORD3088,U9,R164,2026-04-17 11:20:00,674
ORD3089,U429,R114,2026-04-17 14:02:00,394
ORD3090,U30,R148,2026-04-17 16:22:00,442
ORD3091,U983,R98,2026-04-17 10:11:00,776
ORD3092,U254,R100,2026-04-17 18:16:00,510
ORD3093,U263,R15,2026-04-17 16:14:00,197
ORD3094,U424,R121,2026-04-17 19:39:00,511
ORD3095,U515,R152,2026-04-17 19:49:00,322
ORD3096,U242,R56,2026-04-17 15:05:00,326
ORD3097,U971,R34,2026-04-17 16:48:00,230
ORD3098,U23,R96,2026-04-17 11:39:00,795
ORD3099,U296,R70,2026-04-17 19:08:00,394
ORD3100,U743,R184,2026-04-17 15:51:00,245
ORD3101,U187,R121,2026-04-17 11:41:00,694
ORD3102,U845,R50,2026-04-17 16:26:00,220
ORD3103,U121,R41,2026-04-17 19:40:00,357
ORD3104,U261,R180,2026-04-17 12:12:00,523
ORD3105,U851,R141,2026-04-17 15:45:00,218
ORD3106,U739,R7,2026-04-17 11:54:00,658
ORD3107,U454,R12,2026-04-17 12:00:00,347
ORD3108,U964,R86,2026-04-17 15:47:00,764
ORD3109,U53,R42,2026-04-17 14:14:00,371
ORD3110,U675,R18,2026-04-17 17:57:00,711
ORD3111,U519,R183,2026-04-17 10:29:00,768
ORD3112,U589,R152,2026-04-17 19:33:00,799
ORD3113,U546,R97,2026-04-17 13:46:00,320
ORD3114,U342,R102,2026-04-17 17:21:00,722
ORD3115,U63,R69,2026-04-17 12:17:00,706
ORD3116,U473,R16,2026-04-17 10:41:00,528
ORD3117,U604,R71,2026-04-17 19:13:00,599
ORD3118,U534,R30,2026-04-17 17:10:00,172
ORD3119,U94,R162,2026-04-17 13:47:00,104
ORD3120,U356,R65,2026-04-17 15:51:00,559
ORD3121,U561,R112,2026-04-17 19:43:00,774
ORD3122,U357,R139,2026-04-17 11:59:00,470
ORD3123,U32,R166,2026-04-17 19:22:00,126
ORD3124,U221,R138,2026-04-17 16:10:00,462
ORD3125,U354,R175,2026-04-17 19:34:00,792
ORD3126,U733,R115,2026-04-17 18:44:00,554
ORD3127,U341,R160,2026-04-17 10:38:00,416
ORD3128,U671,R59,2026-04-17 12:09:00,737
ORD3129,U767,R4,2026-04-17 19:31:00,785
ORD3130,U10,R197,2026-04-17 15:51:00,595
ORD3131,U74,R127,2026-04-17 10:34:00,772
ORD3132,U483,R111,2026-04-17 19:20:00,213
ORD3133,U605,R165,2026-04-17 15:41:00,531
ORD3134,U376,R183,2026-04-17 12:55:00,382
ORD3135,U512,R77,2026-04-17 18:03:00,491
ORD3136,U946,R19,2026-04-17 13:14:00,228
ORD3137,U803,R76,2026-04-17 13:16:00,553
ORD3138,U983,R153,2026-04-17 10:40:00,362
ORD3139,U84,R82,2026-04-17 16:37:00,652
ORD3140,U850,R122,2026-04-17 15:26:00,293
ORD3141,U972,R17,2026-04-17 13:22:00,312
ORD3142,U54,R51,2026-04-17 14:46:00,317
ORD3143,U1,R113,2026-04-17 10:05:00,571
ORD3144,U924,R196,2026-04-17 19:00:00,306
ORD3145,U875,R190,2026-04-17 14:33:00,146
ORD3146,U894,R60,2026-04-17 10:16:00,587
ORD3147,U812,R51,2026-04-17 15:22:00,616
ORD3148,U278,R29,2026-04-17 11:38:00,425
ORD3149,U184,R69,2026-04-17 17:17:00,715
ORD3150,U623,R49,2026-04-17 12:56:00,311
ORD3151,U280,R197,2026-04-17 19:43:00,576
ORD3152,U696,R39,2026-04-17 13:51:00,649
ORD3153,U13,R105,2026-04-17 16:42:00,747
ORD3154,U123,R122,2026-04-17 14:56:00,796
ORD3155,U334,R45,2026-04-17 10:14:00,232
ORD3156,U709,R157,2026-04-17 14:22:00,672
ORD3157,U46,R24,2026-04-17 16:53:00,236
ORD3158,U349,R10,2026-04-17 14:46:00,352
ORD3159,U289,R188,2026-04-17 19:15:00,141
ORD3160,U995,R36,2026-04-17 17:48:00,371
ORD3161,U43,R193,2026-04-17 10:34:00,530
ORD3162,U363,R65,2026-04-17 18:14:00,444
ORD3163,U219,R86,2026-04-17 19:09:00,290
ORD3164,U369,R130,2026-04-17 17:05:00,773
ORD3165,U266,R125,2026-04-17 11:36:00,734
ORD3166,U606,R156,2026-04-17 12:34:00,585
ORD3167,U792,R191,2026-04-17 10:05:00,412
ORD3168,U541,R12,2026-04-17 10:32:00,788
ORD3169,U879,R23,2026-04-17 19:21:00,440
ORD3170,U892,R156,2026-04-17 15:23:00,450
ORD3171,U749,R138,2026-04-17 13:19:00,116
ORD3172,U549,R190,2026-04-17 14:00:00,228
ORD3173,U390,R110,2026-04-17 12:35:00,109
ORD3174,U42,R125,2026-04-17 19:59:00,650
ORD3175,U833,R77,2026-04-17 15:38:00,340
ORD3176,U51,R173,2026-04-17 17:37:00,450
ORD3177,U180,R195,2026-04-17 19:13:00,148
ORD3178,U614,R36,2026-04-17 18:32:00,561
ORD3179,U724,R70,2026-04-17 19:40:00,527
ORD3180,U779,R161,2026-04-17 16:21:00,115
ORD3181,U419,R67,2026-04-17 17:10:00,702
ORD3182,U550,R105,2026-04-17 18:31:00,683
ORD3183,U451,R96,2026-04-17 19:51:00,320
ORD3184,U261,R39,2026-04-17 18:04:00,642
ORD3185,U608,R47,2026-04-17 11:42:00,510
ORD3186,U269,R196,2026-04-17 16:21:00,318
ORD3187,U588,R123,2026-04-17 11:24:00,152
ORD3188,U454,R136,2026-04-17 11:56:00,445
ORD3189,U898,R49,2026-04-17 19:37:00,157
ORD3190,U892,R40,2026-04-17 13:05:00,759
ORD3191,U842,R158,2026-04-17 10:07:00,584
ORD3192,U127,R185,2026-04-17 17:47:00,409
ORD3193,U892,R125,2026-04-17 13:17:00,129
ORD3194,U928,R17,2026-04-17 17:45:00,742
ORD3195,U447,R61,2026-04-17 16:17:00,746
ORD3196,U712,R156,2026-04-17 19:07:00,656
ORD3197,U776,R26,2026-04-17 19:21:00,381
ORD3198,U722,R127,2026-04-17 12:04:00,155
ORD3199,U396,R119,2026-04-17 17:38:00,468
ORD3200,U767,R193,2026-04-17 16:45:00,216
ORD3201,U816,R44,2026-04-17 14:59:00,635
ORD3202,U624,R90,2026-04-17 19:36:00,677
ORD3203,U793,R60,2026-04-17 13:56:00,511
ORD3204,U479,R74,2026-04-17 14:07:00,556
ORD3205,U71,R110,2026-04-17 16:36:00,621
ORD3206,U211,R171,2026-04-17 11:31:00,464
ORD3207,U939,R123,2026-04-17 13:02:00,564
ORD3208,U881,R52,2026-04-17 19:32:00,156
ORD3209,U621,R110,2026-04-17 17:46:00,310
ORD3210,U590,R44,2026-04-17 12:32:00,140
ORD3211,U777,R170,2026-04-17 19:29:00,468
ORD3212,U302,R91,2026-04-17 14:37:00,421
ORD3213,U879,R30,2026-04-17 17:36:00,557
ORD3214,U242,R154,2026-04-17 13:44:00,701
ORD3215,U919,R52,2026-04-17 18:46:00,229
ORD3216,U229,R43,2026-04-17 16:58:00,698
ORD3217,U529,R152,2026-04-17 14:18:00,498
ORD3218,U410,R89,2026-04-17 18:23:00,111
ORD3219,U61,R192,2026-04-17 14:52:00,535
ORD3220,U958,R73,2026-04-17 17:53:00,388
ORD3221,U757,R20,2026-04-17 18:23:00,635
ORD3222,U512,R12,2026-04-17 12:08:00,734
ORD3223,U721,R180,2026-04-17 12:47:00,724
ORD3224,U447,R48,2026-04-17 16:09:00,599
ORD3225,U711,R115,2026-04-17 19:25:00,576
ORD3226,U294,R138,2026-04-17 13:38:00,636
ORD3227,U618,R108,2026-04-17 13:45:00,606
ORD3228,U761,R14,2026-04-17 18:57:00,349
ORD3229,U169,R162,2026-04-17 16:48:00,318
ORD3230,U433,R126,2026-04-17 16:30:00,310
ORD3231,U989,R90,2026-04-17 15:50:00,122
ORD3232,U827,R137,2026-04-17 14:27:00,416
ORD3233,U722,R160,2026-04-17 13:44:00,787
ORD3234,U442,R200,2026-04-17 13:11:00,139
ORD3235,U139,R33,2026-04-17 14:07:00,433
ORD3236,U415,R170,2026-04-17 19:50:00,350
ORD3237,U286,R53,2026-04-17 11:11:00,406
ORD3238,U335,R68,2026-04-17 15:56:00,370
ORD3239,U230,R13,2026-04-17 13:11:00,202
ORD3240,U914,R28,2026-04-17 11:58:00,404
ORD3241,U281,R42,2026-04-17 12:01:00,783
ORD3242,U38,R98,2026-04-17 17:11:00,357
ORD3243,U34,R4,2026-04-17 14:28:00,386
ORD3244,U68,R30,2026-04-17 19:54:00,756
ORD3245,U662,R190,2026-04-17 14:55:00,249
ORD3246,U429,R143,2026-04-17 17:20:00,154
ORD3247,U721,R38,2026-04-17 12:32:00,581
ORD3248,U672,R11,2026-04-17 18:53:00,645
ORD3249,U992,R84,2026-04-17 17:52:00,360
ORD3250,U351,R158,2026-04-17 18:09:00,204
ORD3251,U493,R9,2026-04-17 11:11:00,788
ORD3252,U414,R152,2026-04-17 11:46:00,508
ORD3253,U809,R168,2026-04-17 19:50:00,548
ORD3254,U684,R124,2026-04-17 12:04:00,737
ORD3255,U929,R80,2026-04-17 17:16:00,369
ORD3256,U854,R11,2026-04-17 14:00:00,777
ORD3257,U890,R70,2026-04-17 18:15:00,325
ORD3258,U922,R159,2026-04-17 11:27:00,623
ORD3259,U572,R71,2026-04-17 16:35:00,227
ORD3260,U426,R104,2026-04-17 10:43:00,510
ORD3261,U751,R98,2026-04-17 12:10:00,235
ORD3262,U532,R69,2026-04-17 13:12:00,120
ORD3263,U445,R157,2026-04-17 12:37:00,562
ORD3264,U947,R130,2026-04-17 12:31:00,747
ORD3265,U531,R50,2026-04-17 16:14:00,306
ORD3266,U902,R185,2026-04-17 10:47:00,566
ORD3267,U353,R139,2026-04-17 16:49:00,557
ORD3268,U563,R78,2026-04-17 14:56:00,575
ORD3269,U404,R157,2026-04-17 14:02:00,264
ORD3270,U175,R142,2026-04-17 18:45:00,583
ORD3271,U764,R133,2026-04-17 10:37:00,207
ORD3272,U751,R73,2026-04-17 19:46:00,247
ORD3273,U793,R170,2026-04-17 18:52:00,539
ORD3274,U440,R44,2026-04-17 13:06:00,710
ORD3275,U949,R25,2026-04-17 19:01:00,604
ORD3276,U856,R9,2026-04-17 19:08:00,442
ORD3277,U553,R103,2026-04-17 17:48:00,710
ORD3278,U753,R144,2026-04-17 16:33:00,543
ORD3279,U661,R71,2026-04-17 13:32:00,547
ORD3280,U995,R126,2026-04-17 11:50:00,484
ORD3281,U344,R147,2026-04-17 17:35:00,496
ORD3282,U631,R125,2026-04-17 12:22:00,576
ORD3283,U301,R36,2026-04-17 12:17:00,563
ORD3284,U180,R70,2026-04-17 17:09:00,170
ORD3285,U772,R13,2026-04-17 14:28:00,336
ORD3286,U551,R167,2026-04-17 13:28:00,657
ORD3287,U361,R23,2026-04-17 13:19:00,174
ORD3288,U789,R49,2026-04-17 11:59:00,722
ORD3289,U379,R128,2026-04-17 11:39:00,412
ORD3290,U317,R57,2026-04-17 15:02:00,671
ORD3291,U999,R33,2026-04-17 19:27:00,150
ORD3292,U995,R8,2026-04-17 16:05:00,535
ORD3293,U121,R97,2026-04-17 19:13:00,460
ORD3294,U312,R54,2026-04-17 18:35:00,492
ORD3295,U887,R157,2026-04-17 15:07:00,710
ORD3296,U925,R108,2026-04-17 15:20:00,621
ORD3297,U330,R75,2026-04-17 16:04:00,783
ORD3298,U872,R200,2026-04-17 18:23:00,678
ORD3299,U596,R102,2026-04-17 17:23:00,375
ORD3300,U257,R174,2026-04-17 12:45:00,279
ORD3301,U843,R110,2026-04-17 19:36:00,605
ORD3302,U235,R159,2026-04-17 10:51:00,457
ORD3303,U73,R125,2026-04-17 17:51:00,722
ORD3304,U627,R51,2026-04-17 13:30:00,646
ORD3305,U699,R165,2026-04-17 13:10:00,433
ORD3306,U536,R104,2026-04-17 16:39:00,227
ORD3307,U802,R85,2026-04-17 12:30:00,187
ORD3308,U86,R21,2026-04-17 14:25:00,356
ORD3309,U795,R134,2026-04-17 14:55:00,591
ORD3310,U798,R172,2026-04-17 18:39:00,451
ORD3311,U628,R180,2026-04-17 19:29:00,350
ORD3312,U394,R178,2026-04-17 14:54:00,772
ORD3313,U962,R200,2026-04-17 16:23:00,336
ORD3314,U313,R139,2026-04-17 17:18:00,726
ORD3315,U581,R26,2026-04-17 17:02:00,594
ORD3316,U851,R116,2026-04-17 15:14:00,435
ORD3317,U952,R171,2026-04-17 16:18:00,183
ORD3318,U872,R181,2026-04-17 18:04:00,676
ORD3319,U118,R19,2026-04-17 13:59:00,113
ORD3320,U250,R38,2026-04-17 10:08:00,511
ORD3321,U856,R123,2026-04-17 17:57:00,243
ORD3322,U699,R29,2026-04-17 18:57:00,338
ORD3323,U659,R3,2026-04-17 15:11:00,349
ORD3324,U336,R159,2026-04-17 16:32:00,104
ORD3325,U293,R180,2026-04-17 18:40:00,721
ORD3326,U274,R37,2026-04-17 10:10:00,487
ORD3327,U414,R34,2026-04-17 12:37:00,318
ORD3328,U753,R54,2026-04-17 11:11:00,444
ORD3329,U480,R66,2026-04-17 16:09:00,710
ORD3330,U108,R109,2026-04-17 14:54:00,112
ORD3331,U516,R56,2026-04-17 10:41:00,789
ORD3332,U648,R111,2026-04-17 17:31:00,556
ORD3333,U862,R74,2026-04-17 18:03:00,240
ORD3334,U554,R7,2026-04-17 12:05:00,327
ORD3335,U693,R181,2026-04-17 12:16:00,421
ORD3336,U528,R164,2026-04-17 14:55:00,233
ORD3337,U272,R122,2026-04-17 15:54:00,370
ORD3338,U190,R123,2026-04-17 19:17:00,699
ORD3339,U806,R75,2026-04-17 12:01:00,213
ORD3340,U305,R89,2026-04-17 13:48:00,324
ORD3341,U742,R61,2026-04-17 16:12:00,413
ORD3342,U782,R142,2026-04-17 13:57:00,572
ORD3343,U130,R100,2026-04-17 19:27:00,717
ORD3344,U321,R48,2026-04-17 17:32:00,239
ORD3345,U95,R160,2026-04-17 17:27:00,202
ORD3346,U467,R11,2026-04-17 10:45:00,479
ORD3347,U448,R107,2026-04-17 12:34:00,133
ORD3348,U123,R150,2026-04-17 10:19:00,303
ORD3349,U573,R126,2026-04-17 13:56:00,232
ORD3350,U995,R200,2026-04-17 14:15:00,159
ORD3351,U549,R41,2026-04-17 14:57:00,798
ORD3352,U789,R98,2026-04-17 19:01:00,614
ORD3353,U18,R116,2026-04-17 15:03:00,551
ORD3354,U328,R154,2026-04-17 10:33:00,781
ORD3355,U674,R175,2026-04-17 10:22:00,159
ORD3356,U233,R6,2026-04-17 12:08:00,291
ORD3357,U18,R145,2026-04-17 11:18:00,515
ORD3358,U111,R150,2026-04-17 12:36:00,246
ORD3359,U508,R85,2026-04-17 14:07:00,662
ORD3360,U905,R120,2026-04-17 19:59:00,473
ORD3361,U679,R21,2026-04-17 17:57:00,520
ORD3362,U713,R127,2026-04-17 11:41:00,549
ORD3363,U187,R160,2026-04-17 17:22:00,465
ORD3364,U1000,R121,2026-04-17 18:02:00,264
ORD3365,U402,R88,2026-04-17 16:05:00,312
ORD3366,U690,R85,2026-04-17 14:23:00,552
ORD3367,U836,R92,2026-04-17 17:20:00,626
ORD3368,U168,R63,2026-04-17 19:04:00,759
ORD3369,U458,R1,2026-04-17 19:37:00,256
ORD3370,U166,R14,2026-04-17 17:21:00,185
ORD3371,U669,R102,2026-04-17 14:58:00,759
ORD3372,U600,R26,2026-04-17 16:09:00,442
ORD3373,U553,R48,2026-04-17 16:03:00,501
ORD3374,U639,R31,2026-04-17 11:00:00,499
ORD3375,U460,R71,2026-04-17 14:53:00,480
ORD3376,U91,R161,2026-04-17 17:45:00,719
ORD3377,U548,R51,2026-04-17 13:27:00,206
ORD3378,U55,R100,2026-04-17 10:31:00,280
ORD3379,U410,R196,2026-04-17 14:33:00,675
ORD3380,U142,R62,2026-04-17 15:08:00,607
ORD3381,U617,R78,2026-04-17 17:38:00,531
ORD3382,U378,R136,2026-04-17 14:57:00,107
ORD3383,U342,R19,2026-04-17 15:44:00,658
ORD3384,U640,R76,2026-04-17 10:18:00,574
ORD3385,U181,R73,2026-04-17 15:41:00,725
ORD3386,U682,R98,2026-04-17 12:05:00,519
ORD3387,U660,R175,2026-04-17 12:19:00,633
ORD3388,U40,R17,2026-04-17 14:43:00,761
ORD3389,U494,R96,2026-04-17 13:46:00,542
ORD3390,U332,R87,2026-04-17 13:56:00,460
ORD3391,U992,R182,2026-04-17 14:25:00,128
ORD3392,U750,R34,2026-04-17 17:40:00,654
ORD3393,U586,R68,2026-04-17 13:23:00,294
ORD3394,U77,R30,2026-04-17 19:32:00,572
ORD3395,U641,R131,2026-04-17 10:20:00,628
ORD3396,U178,R190,2026-04-17 11:57:00,403
ORD3397,U900,R157,2026-04-17 19:06:00,732
ORD3398,U282,R66,2026-04-17 13:34:00,421
ORD3399,U858,R126,2026-04-17 12:47:00,787
ORD3400,U329,R110,2026-04-17 13:39:00,521
ORD3401,U173,R22,2026-04-17 18:07:00,169
ORD3402,U933,R125,2026-04-17 18:54:00,690
ORD3403,U352,R149,2026-04-17 13:07:00,734
ORD3404,U480,R71,2026-04-17 11:07:00,463
ORD3405,U855,R60,2026-04-17 15:25:00,481
ORD3406,U846,R178,2026-04-17 18:39:00,379
ORD3407,U861,R143,2026-04-17 11:29:00,684
ORD3408,U716,R155,2026-04-17 11:10:00,331
ORD3409,U900,R93,2026-04-17 11:38:00,710
ORD3410,U780,R32,2026-04-17 18:02:00,104
ORD3411,U314,R147,2026-04-17 12:24:00,118
ORD3412,U772,R35,2026-04-17 17:05:00,694
ORD3413,U634,R178,2026-04-17 12:38:00,154
ORD3414,U687,R103,2026-04-17 19:58:00,655
ORD3415,U811,R187,2026-04-17 16:10:00,597
ORD3416,U108,R124,2026-04-17 17:15:00,667
ORD3417,U95,R185,2026-04-17 12:42:00,504
ORD3418,U269,R187,2026-04-17 13:30:00,204
ORD3419,U760,R153,2026-04-17 17:31:00,249
ORD3420,U337,R166,2026-04-17 19:35:00,165
ORD3421,U332,R141,2026-04-17 16:18:00,313
ORD3422,U625,R13,2026-04-17 17:01:00,518
ORD3423,U86,R125,2026-04-17 10:22:00,362
ORD3424,U977,R90,2026-04-17 11:37:00,518
ORD3425,U544,R152,2026-04-17 16:37:00,349
ORD3426,U849,R121,2026-04-17 12:46:00,292
ORD3427,U688,R16,2026-04-17 19:32:00,561
ORD3428,U900,R193,2026-04-17 14:32:00,676
ORD3429,U730,R98,2026-04-17 18:09:00,714
ORD3430,U297,R124,2026-04-17 10:48:00,396
ORD3431,U917,R8,2026-04-17 10:41:00,674
ORD3432,U274,R140,2026-04-17 17:25:00,348
ORD3433,U285,R74,2026-04-17 16:00:00,683
ORD3434,U81,R35,2026-04-17 19:38:00,238
ORD3435,U382,R52,2026-04-17 17:38:00,208
ORD3436,U241,R157,2026-04-17 15:21:00,651
ORD3437,U363,R143,2026-04-17 16:47:00,633
ORD3438,U232,R194,2026-04-17 14:26:00,126
ORD3439,U381,R181,2026-04-17 16:48:00,516
ORD3440,U409,R47,2026-04-17 13:17:00,451
ORD3441,U761,R193,2026-04-17 13:03:00,598
ORD3442,U852,R120,2026-04-17 15:05:00,594
ORD3443,U436,R115,2026-04-17 10:47:00,204
ORD3444,U847,R34,2026-04-17 10:28:00,631
ORD3445,U868,R112,2026-04-17 17:21:00,240
ORD3446,U764,R41,2026-04-17 19:57:00,240
ORD3447,U991,R66,2026-04-17 19:39:00,203
ORD3448,U42,R139,2026-04-17 17:53:00,433
ORD3449,U200,R150,2026-04-17 16:40:00,231
ORD3450,U448,R78,2026-04-17 17:46:00,317
ORD3451,U954,R5,2026-04-17 11:34:00,127
ORD3452,U845,R39,2026-04-17 11:10:00,318
ORD3453,U874,R171,2026-04-17 19:44:00,267
ORD3454,U457,R85,2026-04-17 11:33:00,117
ORD3455,U729,R103,2026-04-17 10:56:00,305
ORD3456,U282,R41,2026-04-17 17:56:00,101
ORD3457,U743,R37,2026-04-17 17:22:00,434
ORD3458,U796,R165,2026-04-17 10:14:00,680
ORD3459,U640,R30,2026-04-17 18:02:00,265
ORD3460,U692,R13,2026-04-17 18:47:00,614
ORD3461,U436,R18,2026-04-17 16:57:00,221
ORD3462,U290,R43,2026-04-17 14:27:00,124
ORD3463,U379,R90,2026-04-17 18:38:00,660
ORD3464,U226,R176,2026-04-17 15:38:00,670
ORD3465,U25,R146,2026-04-17 18:44:00,364
ORD3466,U410,R65,2026-04-17 10:21:00,583
ORD3467,U811,R122,2026-04-17 11:05:00,651
ORD3468,U35,R53,2026-04-17 13:49:00,168
ORD3469,U676,R72,2026-04-17 16:15:00,553
ORD3470,U486,R59,2026-04-17 14:47:00,130
ORD3471,U608,R16,2026-04-17 13:22:00,133
ORD3472,U936,R44,2026-04-17 10:51:00,543
ORD3473,U561,R195,2026-04-17 19:44:00,376
ORD3474,U909,R99,2026-04-17 11:46:00,714
ORD3475,U199,R9,2026-04-17 19:39:00,259
ORD3476,U433,R95,2026-04-17 10:20:00,564
ORD3477,U961,R122,2026-04-17 10:33:00,452
ORD3478,U301,R122,2026-04-17 11:11:00,152
ORD3479,U517,R181,2026-04-17 14:29:00,513
ORD3480,U521,R87,2026-04-17 12:49:00,185
ORD3481,U627,R126,2026-04-17 11:19:00,633
ORD3482,U236,R190,2026-04-17 12:21:00,658
ORD3483,U711,R9,2026-04-17 11:07:00,635
ORD3484,U289,R133,2026-04-17 11:29:00,470
ORD3485,U584,R17,2026-04-17 11:27:00,156
ORD3486,U743,R115,2026-04-17 11:23:00,171
ORD3487,U524,R193,2026-04-17 13:02:00,103
ORD3488,U35,R94,2026-04-17 14:55:00,149
ORD3489,U11,R185,2026-04-17 11:21:00,377
ORD3490,U540,R82,2026-04-17 14:21:00,262
ORD3491,U161,R124,2026-04-17 10:59:00,297
ORD3492,U521,R2,2026-04-17 12:02:00,562
ORD3493,U761,R167,2026-04-17 15:28:00,636
ORD3494,U749,R36,2026-04-17 16:29:00,768
ORD3495,U299,R130,2026-04-17 18:07:00,363
ORD3496,U614,R44,2026-04-17 15:43:00,519
ORD3497,U899,R162,2026-04-17 16:40:00,688
ORD3498,U983,R94,2026-04-17 19:22:00,535
ORD3499,U549,R136,2026-04-17 11:55:00,176
ORD3500,U591,R9,2026-04-17 19:15:00,368
ORD3501,U877,R106,2026-04-17 17:45:00,438
ORD3502,U546,R115,2026-04-17 10:10:00,429
ORD3503,U512,R59,2026-04-17 11:56:00,329
ORD3504,U116,R44,2026-04-17 10:29:00,111
ORD3505,U315,R6,2026-04-17 13:46:00,319
ORD3506,U54,R35,2026-04-17 10:55:00,553
ORD3507,U774,R122,2026-04-17 17:57:00,452
ORD3508,U661,R144,2026-04-17 11:01:00,480
ORD3509,U967,R100,2026-04-17 16:40:00,681
ORD3510,U732,R80,2026-04-17 12:56:00,187
ORD3511,U952,R98,2026-04-17 15:13:00,277
ORD3512,U264,R123,2026-04-17 18:58:00,650
ORD3513,U121,R107,2026-04-17 16:01:00,176
ORD3514,U157,R181,2026-04-17 13:44:00,360
ORD3515,U957,R34,2026-04-17 12:38:00,651
ORD3516,U775,R103,2026-04-17 10:02:00,524
ORD3517,U419,R82,2026-04-17 11:12:00,661
ORD3518,U532,R170,2026-04-17 13:58:00,436
ORD3519,U645,R102,2026-04-17 15:45:00,644
ORD3520,U25,R188,2026-04-17 11:34:00,267
ORD3521,U917,R139,2026-04-17 12:41:00,112
ORD3522,U890,R193,2026-04-17 16:13:00,389
ORD3523,U227,R95,2026-04-17 14:34:00,348
ORD3524,U812,R181,2026-04-17 17:43:00,799
ORD3525,U922,R184,2026-04-17 17:46:00,518
ORD3526,U51,R22,2026-04-17 12:54:00,793
ORD3527,U980,R110,2026-04-17 18:16:00,334
ORD3528,U1,R120,2026-04-17 13:39:00,582
ORD3529,U59,R158,2026-04-17 13:23:00,661
ORD3530,U503,R27,2026-04-17 17:00:00,288
ORD3531,U306,R31,2026-04-17 17:18:00,342
ORD3532,U704,R118,2026-04-17 18:10:00,548
ORD3533,U611,R71,2026-04-17 11:47:00,325
ORD3534,U257,R63,2026-04-17 13:03:00,726
ORD3535,U224,R197,2026-04-17 13:59:00,454
ORD3536,U616,R76,2026-04-17 16:11:00,197
ORD3537,U844,R28,2026-04-17 14:12:00,454
ORD3538,U397,R125,2026-04-17 15:07:00,281
ORD3539,U905,R125,2026-04-17 10:29:00,409
ORD3540,U720,R77,2026-04-17 18:51:00,447
ORD3541,U713,R137,2026-04-17 11:13:00,645
ORD3542,U208,R9,2026-04-17 18:57:00,623
ORD3543,U818,R72,2026-04-17 19:20:00,625
ORD3544,U545,R14,2026-04-17 18:14:00,506
ORD3545,U592,R71,2026-04-17 16:59:00,168
ORD3546,U150,R51,2026-04-17 17:13:00,117
ORD3547,U553,R18,2026-04-17 15:37:00,608
ORD3548,U166,R22,2026-04-17 19:06:00,778
ORD3549,U245,R65,2026-04-17 11:39:00,401
ORD3550,U734,R178,2026-04-17 15:22:00,471
ORD3551,U835,R54,2026-04-17 17:02:00,667
ORD3552,U913,R128,2026-04-17 13:28:00,138
ORD3553,U371,R122,2026-04-17 18:34:00,376
ORD3554,U4,R163,2026-04-17 15:50:00,467
ORD3555,U215,R178,2026-04-17 11:30:00,553
ORD3556,U364,R156,2026-04-17 10:20:00,134
ORD3557,U100,R86,2026-04-17 13:26:00,665
ORD3558,U629,R130,2026-04-17 17:21:00,264
ORD3559,U917,R166,2026-04-17 16:14:00,585
ORD3560,U159,R104,2026-04-17 11:56:00,110
ORD3561,U905,R175,2026-04-17 14:31:00,719
ORD3562,U263,R7,2026-04-17 17:04:00,393
ORD3563,U953,R136,2026-04-17 16:47:00,265
ORD3564,U948,R104,2026-04-17 17:18:00,302
ORD3565,U664,R8,2026-04-17 16:19:00,429
ORD3566,U423,R53,2026-04-17 10:15:00,406
ORD3567,U605,R102,2026-04-17 19:05:00,671
ORD3568,U497,R73,2026-04-17 14:08:00,796
ORD3569,U417,R83,2026-04-17 14:43:00,560
ORD3570,U866,R160,2026-04-17 10:10:00,150
ORD3571,U757,R179,2026-04-17 18:43:00,256
ORD3572,U402,R6,2026-04-17 17:40:00,281
ORD3573,U195,R30,2026-04-17 16:00:00,151
ORD3574,U208,R44,2026-04-17 18:13:00,128
ORD3575,U165,R16,2026-04-17 11:21:00,545
ORD3576,U245,R45,2026-04-17 15:15:00,448
ORD3577,U577,R186,2026-04-17 12:52:00,154
ORD3578,U815,R140,2026-04-17 15:16:00,764
ORD3579,U585,R183,2026-04-17 15:51:00,458
ORD3580,U398,R195,2026-04-17 19:49:00,593
ORD3581,U426,R89,2026-04-17 15:40:00,587
ORD3582,U41,R46,2026-04-17 12:10:00,320
ORD3583,U959,R157,2026-04-17 12:56:00,535
ORD3584,U829,R184,2026-04-17 13:58:00,773
ORD3585,U874,R109,2026-04-17 10:41:00,686
ORD3586,U998,R183,2026-04-17 15:53:00,323
ORD3587,U977,R48,2026-04-17 19:25:00,697
ORD3588,U494,R189,2026-04-17 18:25:00,767
ORD3589,U690,R146,2026-04-17 16:06:00,321
ORD3590,U820,R154,2026-04-17 13:57:00,297
ORD3591,U502,R104,2026-04-17 16:38:00,343
ORD3592,U36,R146,2026-04-17 10:57:00,650
ORD3593,U340,R1,2026-04-17 15:55:00,344
ORD3594,U198,R62,2026-04-17 13:03:00,409
ORD3595,U626,R12,2026-04-17 10:18:00,308
ORD3596,U824,R18,2026-04-17 14:54:00,293
ORD3597,U21,R8,2026-04-17 14:10:00,766
ORD3598,U840,R127,2026-04-17 19:13:00,627
ORD3599,U634,R116,2026-04-17 10:19:00,346
ORD3600,U824,R66,2026-04-17 10:47:00,250
ORD3601,U786,R142,2026-04-17 11:27:00,799
ORD3602,U212,R115,2026-04-17 18:15:00,354
ORD3603,U484,R53,2026-04-17 15:54:00,498
ORD3604,U905,R190,2026-04-17 12:44:00,600
ORD3605,U461,R151,2026-04-17 17:25:00,410
ORD3606,U602,R84,2026-04-17 14:49:00,613
ORD3607,U876,R68,2026-04-17 10:24:00,441
ORD3608,U536,R120,2026-04-17 15:41:00,519
ORD3609,U336,R187,2026-04-17 12:55:00,245
ORD3610,U120,R161,2026-04-17 12:26:00,715
ORD3611,U795,R117,2026-04-17 10:45:00,101
ORD3612,U650,R155,2026-04-17 10:34:00,550
ORD3613,U567,R189,2026-04-17 10:28:00,661
ORD3614,U680,R167,2026-04-17 14:14:00,246
ORD3615,U191,R195,2026-04-17 15:05:00,561
ORD3616,U10,R45,2026-04-17 15:14:00,660
ORD3617,U121,R2,2026-04-17 10:23:00,266
ORD3618,U57,R181,2026-04-17 19:02:00,415
ORD3619,U827,R30,2026-04-17 10:25:00,570
ORD3620,U264,R178,2026-04-17 19:17:00,408
ORD3621,U239,R25,2026-04-17 20:00:00,361
ORD3622,U336,R16,2026-04-17 12:48:00,755
ORD3623,U212,R94,2026-04-17 17:40:00,712
ORD3624,U519,R106,2026-04-17 19:33:00,274
ORD3625,U452,R53,2026-04-17 12:00:00,271
ORD3626,U236,R73,2026-04-17 11:03:00,451
ORD3627,U226,R106,2026-04-17 16:46:00,673
ORD3628,U10,R151,2026-04-17 14:15:00,508
ORD3629,U590,R82,2026-04-17 15:53:00,257
ORD3630,U320,R3,2026-04-17 15:44:00,150
ORD3631,U817,R160,2026-04-17 19:48:00,521
ORD3632,U898,R77,2026-04-17 18:35:00,409
ORD3633,U633,R78,2026-04-17 16:15:00,674
ORD3634,U504,R192,2026-04-17 12:38:00,282
ORD3635,U737,R123,2026-04-17 10:28:00,734
ORD3636,U485,R174,2026-04-17 15:04:00,124
ORD3637,U818,R190,2026-04-17 10:45:00,519
ORD3638,U186,R48,2026-04-17 17:56:00,626
ORD3639,U422,R178,2026-04-17 15:10:00,722
ORD3640,U215,R195,2026-04-17 14:22:00,207
ORD3641,U155,R168,2026-04-17 18:02:00,171
ORD3642,U630,R125,2026-04-17 13:26:00,683
ORD3643,U219,R79,2026-04-17 17:48:00,658
ORD3644,U793,R33,2026-04-17 12:32:00,391
ORD3645,U332,R37,2026-04-17 16:07:00,315
ORD3646,U785,R126,2026-04-17 16:00:00,762
ORD3647,U155,R197,2026-04-17 15:10:00,649
ORD3648,U989,R84,2026-04-17 16:57:00,569
ORD3649,U314,R24,2026-04-17 16:32:00,556
ORD3650,U651,R87,2026-04-17 15:42:00,502
ORD3651,U746,R76,2026-04-17 17:51:00,117
ORD3652,U249,R48,2026-04-17 12:41:00,475
ORD3653,U271,R165,2026-04-17 19:34:00,470
ORD3654,U480,R185,2026-04-17 11:59:00,108
ORD3655,U871,R96,2026-04-17 13:27:00,106
ORD3656,U572,R145,2026-04-17 12:22:00,439
ORD3657,U552,R112,2026-04-17 16:04:00,637
ORD3658,U966,R87,2026-04-17 19:40:00,155
ORD3659,U28,R67,2026-04-17 19:33:00,135
ORD3660,U534,R172,2026-04-17 13:22:00,770
ORD3661,U658,R72,2026-04-17 18:23:00,773
ORD3662,U794,R143,2026-04-17 19:57:00,736
ORD3663,U989,R21,2026-04-17 13:40:00,582
ORD3664,U145,R188,2026-04-17 19:40:00,401
ORD3665,U401,R6,2026-04-17 12:16:00,701
ORD3666,U247,R191,2026-04-17 16:34:00,312
ORD3667,U864,R139,2026-04-17 12:36:00,388
ORD3668,U294,R183,2026-04-17 14:14:00,609
ORD3669,U699,R50,2026-04-17 13:29:00,759
ORD3670,U535,R121,2026-04-17 10:24:00,122
ORD3671,U787,R27,2026-04-17 10:45:00,552
ORD3672,U178,R35,2026-04-17 10:05:00,508
ORD3673,U238,R13,2026-04-17 17:49:00,398
ORD3674,U791,R74,2026-04-17 14:13:00,366
ORD3675,U888,R140,2026-04-17 15:01:00,312
ORD3676,U931,R14,2026-04-17 10:56:00,487
ORD3677,U195,R182,2026-04-17 18:31:00,608
ORD3678,U358,R43,2026-04-17 17:04:00,511
ORD3679,U849,R187,2026-04-17 15:00:00,688
ORD3680,U46,R57,2026-04-17 17:32:00,384
ORD3681,U328,R114,2026-04-17 19:25:00,750
ORD3682,U517,R31,2026-04-17 18:06:00,121
ORD3683,U47,R140,2026-04-17 18:39:00,145
ORD3684,U39,R111,2026-04-17 18:09:00,635
ORD3685,U248,R101,2026-04-17 15:54:00,687
ORD3686,U324,R177,2026-04-17 15:42:00,611
ORD3687,U140,R74,2026-04-17 18:43:00,710
ORD3688,U982,R194,2026-04-17 11:01:00,764
ORD3689,U245,R54,2026-04-17 13:20:00,177
ORD3690,U812,R78,2026-04-17 12:17:00,557
ORD3691,U919,R23,2026-04-17 11:03:00,736
ORD3692,U839,R161,2026-04-17 13:09:00,366
ORD3693,U993,R99,2026-04-17 18:38:00,320
ORD3694,U633,R170,2026-04-17 15:58:00,115
ORD3695,U682,R52,2026-04-17 17:38:00,722
ORD3696,U206,R86,2026-04-17 20:00:00,324
ORD3697,U842,R73,2026-04-17 18:55:00,624
ORD3698,U952,R177,2026-04-17 16:27:00,522
ORD3699,U638,R129,2026-04-17 15:58:00,122
ORD3700,U976,R78,2026-04-17 12:48:00,177
ORD3701,U97,R85,2026-04-17 16:52:00,692
ORD3702,U820,R169,2026-04-17 11:27:00,431
ORD3703,U202,R30,2026-04-17 16:08:00,555
ORD3704,U259,R162,2026-04-17 16:29:00,585
ORD3705,U9,R58,2026-04-17 14:53:00,180
ORD3706,U613,R152,2026-04-17 10:06:00,171
ORD3707,U596,R39,2026-04-17 11:45:00,761
ORD3708,U770,R106,2026-04-17 14:29:00,640
ORD3709,U782,R28,2026-04-17 19:47:00,216
ORD3710,U515,R137,2026-04-17 19:37:00,353
ORD3711,U782,R8,2026-04-17 17:48:00,386
ORD3712,U913,R47,2026-04-17 12:58:00,133
ORD3713,U609,R90,2026-04-17 19:33:00,156
ORD3714,U451,R73,2026-04-17 11:32:00,594
ORD3715,U258,R116,2026-04-17 14:43:00,660
ORD3716,U38,R194,2026-04-17 18:46:00,613
ORD3717,U238,R70,2026-04-17 11:53:00,303
ORD3718,U780,R147,2026-04-17 10:42:00,699
ORD3719,U564,R23,2026-04-17 12:30:00,474
ORD3720,U292,R12,2026-04-17 17:23:00,637
ORD3721,U567,R117,2026-04-17 14:02:00,481
ORD3722,U90,R138,2026-04-17 13:39:00,497
ORD3723,U39,R27,2026-04-17 14:33:00,172
ORD3724,U81,R24,2026-04-17 17:31:00,477
ORD3725,U546,R184,2026-04-17 16:16:00,286
ORD3726,U890,R16,2026-04-17 13:48:00,639
ORD3727,U826,R38,2026-04-17 19:41:00,126
ORD3728,U241,R58,2026-04-17 14:33:00,234
ORD3729,U412,R8,2026-04-17 15:53:00,345
ORD3730,U571,R49,2026-04-17 16:49:00,189
ORD3731,U952,R37,2026-04-17 11:42:00,415
ORD3732,U571,R61,2026-04-17 16:23:00,260
ORD3733,U522,R81,2026-04-17 14:55:00,737
ORD3734,U982,R172,2026-04-17 10:00:00,346
ORD3735,U268,R59,2026-04-17 15:11:00,211
ORD3736,U707,R181,2026-04-17 11:19:00,512
ORD3737,U120,R140,2026-04-17 11:42:00,590
ORD3738,U137,R148,2026-04-17 19:37:00,438
ORD3739,U702,R83,2026-04-17 12:14:00,256
ORD3740,U930,R158,2026-04-17 10:51:00,706
ORD3741,U802,R108,2026-04-17 16:20:00,531
ORD3742,U29,R51,2026-04-17 11:34:00,274
ORD3743,U57,R97,2026-04-17 10:56:00,155
ORD3744,U122,R61,2026-04-17 18:08:00,645
ORD3745,U290,R2,2026-04-17 19:52:00,111
ORD3746,U253,R169,2026-04-17 15:49:00,396
ORD3747,U635,R88,2026-04-17 18:43:00,430
ORD3748,U899,R146,2026-04-17 17:56:00,182
ORD3749,U416,R53,2026-04-17 11:23:00,557
ORD3750,U768,R106,2026-04-17 15:16:00,304
ORD3751,U303,R149,2026-04-17 10:47:00,390
ORD3752,U860,R2,2026-04-17 13:36:00,468
ORD3753,U575,R104,2026-04-17 16:52:00,427
ORD3754,U49,R14,2026-04-17 17:36:00,114
ORD3755,U812,R37,2026-04-17 16:46:00,525
ORD3756,U899,R8,2026-04-17 16:55:00,156
ORD3757,U380,R74,2026-04-17 15:01:00,687
ORD3758,U837,R161,2026-04-17 19:25:00,201
ORD3759,U182,R137,2026-04-17 14:03:00,690
ORD3760,U152,R157,2026-04-17 19:25:00,796
ORD3761,U125,R20,2026-04-17 12:20:00,122
ORD3762,U897,R144,2026-04-17 16:45:00,543
ORD3763,U984,R18,2026-04-17 12:36:00,128
ORD3764,U178,R103,2026-04-17 19:30:00,162
ORD3765,U313,R157,2026-04-17 16:48:00,412
ORD3766,U306,R116,2026-04-17 12:47:00,108
ORD3767,U575,R169,2026-04-17 18:13:00,567
ORD3768,U806,R92,2026-04-17 12:37:00,758
ORD3769,U207,R199,2026-04-17 17:26:00,260
ORD3770,U183,R77,2026-04-17 19:59:00,724
ORD3771,U149,R68,2026-04-17 17:11:00,345
ORD3772,U472,R44,2026-04-17 10:03:00,704
ORD3773,U674,R125,2026-04-17 15:24:00,775
ORD3774,U339,R152,2026-04-17 10:02:00,319
ORD3775,U148,R110,2026-04-17 14:23:00,780
ORD3776,U76,R54,2026-04-17 11:50:00,551
ORD3777,U507,R178,2026-04-17 18:39:00,497
ORD3778,U128,R85,2026-04-17 13:12:00,418
ORD3779,U565,R67,2026-04-17 13:05:00,646
ORD3780,U948,R1,2026-04-17 10:41:00,558
ORD3781,U298,R99,2026-04-17 14:30:00,176
ORD3782,U713,R168,2026-04-17 18:54:00,170
ORD3783,U629,R101,2026-04-17 10:26:00,303
ORD3784,U419,R42,2026-04-17 12:47:00,214
ORD3785,U27,R96,2026-04-17 15:45:00,125
ORD3786,U454,R159,2026-04-17 16:04:00,247
ORD3787,U28,R135,2026-04-17 18:20:00,564
ORD3788,U518,R28,2026-04-17 19:11:00,130
ORD3789,U497,R67,2026-04-17 13:55:00,674
ORD3790,U606,R80,2026-04-17 17:22:00,374
ORD3791,U915,R133,2026-04-17 12:13:00,500
ORD3792,U327,R73,2026-04-17 15:56:00,702
ORD3793,U484,R175,2026-04-17 11:13:00,133
ORD3794,U170,R47,2026-04-17 16:18:00,769
ORD3795,U587,R86,2026-04-17 10:26:00,206
ORD3796,U23,R30,2026-04-17 19:32:00,163
ORD3797,U523,R15,2026-04-17 19:33:00,290
ORD3798,U450,R121,2026-04-17 19:32:00,393
ORD3799,U808,R142,2026-04-17 18:12:00,393
ORD3800,U882,R158,2026-04-17 15:56:00,198
ORD3801,U481,R29,2026-04-17 10:33:00,677
ORD3802,U729,R129,2026-04-17 18:50:00,476
ORD3803,U260,R134,2026-04-17 14:47:00,420
ORD3804,U52,R13,2026-04-17 12:29:00,423
ORD3805,U4,R46,2026-04-17 13:25:00,583
ORD3806,U100,R91,2026-04-17 13:33:00,407
ORD3807,U534,R162,2026-04-17 19:26:00,185
ORD3808,U743,R15,2026-04-17 13:51:00,772
ORD3809,U522,R187,2026-04-17 17:57:00,541
ORD3810,U291,R47,2026-04-17 19:21:00,350
ORD3811,U67,R199,2026-04-17 15:36:00,757
ORD3812,U152,R123,2026-04-17 17:36:00,509
ORD3813,U263,R12,2026-04-17 15:26:00,305
ORD3814,U448,R106,2026-04-17 14:20:00,423
ORD3815,U388,R115,2026-04-17 12:30:00,202
ORD3816,U230,R10,2026-04-17 14:30:00,372
ORD3817,U485,R63,2026-04-17 14:51:00,203
ORD3818,U373,R6,2026-04-17 11:49:00,605
ORD3819,U801,R30,2026-04-17 17:49:00,246
ORD3820,U218,R13,2026-04-17 11:21:00,381
ORD3821,U766,R61,2026-04-17 17:37:00,304
ORD3822,U888,R85,2026-04-17 19:14:00,191
ORD3823,U544,R35,2026-04-17 15:34:00,326
ORD3824,U754,R113,2026-04-17 10:17:00,165
ORD3825,U878,R146,2026-04-17 18:25:00,367
ORD3826,U35,R170,2026-04-17 18:26:00,540
ORD3827,U819,R38,2026-04-17 17:46:00,316
ORD3828,U712,R13,2026-04-17 18:27:00,515
ORD3829,U307,R36,2026-04-17 14:58:00,383
ORD3830,U523,R162,2026-04-17 13:42:00,775
ORD3831,U654,R75,2026-04-17 19:12:00,692
ORD3832,U870,R145,2026-04-17 17:02:00,627
ORD3833,U284,R125,2026-04-17 16:00:00,248
ORD3834,U64,R38,2026-04-17 13:33:00,514
ORD3835,U284,R27,2026-04-17 12:28:00,168
ORD3836,U244,R72,2026-04-17 14:57:00,411
ORD3837,U910,R134,2026-04-17 10:19:00,752
ORD3838,U888,R168,2026-04-17 17:29:00,746
ORD3839,U227,R100,2026-04-17 14:08:00,109
ORD3840,U933,R14,2026-04-17 19:47:00,744
ORD3841,U428,R91,2026-04-17 10:56:00,237
ORD3842,U531,R197,2026-04-17 18:51:00,362
ORD3843,U540,R188,2026-04-17 14:41:00,375
ORD3844,U563,R128,2026-04-17 11:07:00,703
ORD3845,U613,R141,2026-04-17 19:26:00,674
ORD3846,U874,R121,2026-04-17 11:21:00,107
ORD3847,U226,R180,2026-04-17 14:51:00,765
ORD3848,U28,R63,2026-04-17 15:17:00,184
ORD3849,U873,R10,2026-04-17 17:02:00,691
ORD3850,U35,R43,2026-04-17 16:55:00,242
ORD3851,U696,R22,2026-04-17 16:55:00,607
ORD3852,U889,R199,2026-04-17 19:25:00,746
ORD3853,U112,R159,2026-04-17 10:13:00,620
ORD3854,U382,R165,2026-04-17 13:03:00,789
ORD3855,U717,R5,2026-04-17 15:34:00,406
ORD3856,U967,R179,2026-04-17 18:01:00,570
ORD3857,U212,R161,2026-04-17 14:04:00,709
ORD3858,U416,R145,2026-04-17 18:08:00,732
ORD3859,U518,R39,2026-04-17 13:30:00,167
ORD3860,U363,R92,2026-04-17 17:51:00,343
ORD3861,U123,R109,2026-04-17 11:13:00,328
ORD3862,U383,R119,2026-04-17 19:08:00,346
ORD3863,U626,R74,2026-04-17 12:59:00,701
ORD3864,U471,R73,2026-04-17 16:11:00,742
ORD3865,U69,R26,2026-04-17 19:33:00,455
ORD3866,U217,R103,2026-04-17 17:58:00,242
ORD3867,U905,R24,2026-04-17 16:27:00,766
ORD3868,U68,R81,2026-04-17 12:42:00,465
ORD3869,U257,R50,2026-04-17 13:18:00,545
ORD3870,U860,R46,2026-04-17 16:01:00,180
ORD3871,U289,R177,2026-04-17 11:22:00,742
ORD3872,U350,R168,2026-04-17 19:27:00,156
ORD3873,U6,R133,2026-04-17 18:49:00,297
ORD3874,U421,R39,2026-04-17 18:15:00,571
ORD3875,U256,R183,2026-04-17 12:20:00,173
ORD3876,U928,R6,2026-04-17 10:07:00,379
ORD3877,U497,R73,2026-04-17 14:27:00,190
ORD3878,U130,R109,2026-04-17 17:17:00,753
ORD3879,U62,R185,2026-04-17 16:40:00,564
ORD3880,U6,R172,2026-04-17 17:54:00,526
ORD3881,U935,R111,2026-04-17 18:05:00,630
ORD3882,U384,R117,2026-04-17 13:32:00,481
ORD3883,U131,R98,2026-04-17 16:46:00,359
ORD3884,U143,R91,2026-04-17 18:18:00,150
ORD3885,U909,R55,2026-04-17 16:53:00,680
ORD3886,U763,R180,2026-04-17 10:51:00,421
ORD3887,U254,R127,2026-04-17 10:46:00,618
ORD3888,U58,R185,2026-04-17 14:56:00,355
ORD3889,U216,R34,2026-04-17 19:09:00,443
ORD3890,U791,R116,2026-04-17 10:39:00,471
ORD3891,U854,R67,2026-04-17 12:34:00,530
ORD3892,U442,R8,2026-04-17 14:40:00,577
ORD3893,U589,R43,2026-04-17 17:21:00,209
ORD3894,U742,R167,2026-04-17 13:34:00,745
ORD3895,U633,R123,2026-04-17 12:21:00,539
ORD3896,U173,R109,2026-04-17 18:08:00,727
ORD3897,U36,R38,2026-04-17 11:39:00,771
ORD3898,U744,R3,2026-04-17 11:16:00,333
ORD3899,U955,R114,2026-04-17 15:20:00,450
ORD3900,U665,R43,2026-04-17 16:24:00,475
ORD3901,U211,R174,2026-04-17 16:50:00,117
ORD3902,U228,R156,2026-04-17 17:08:00,726
ORD3903,U755,R72,2026-04-17 17:39:00,774
ORD3904,U402,R17,2026-04-17 16:44:00,504
ORD3905,U404,R135,2026-04-17 15:48:00,720
ORD3906,U157,R64,2026-04-17 12:29:00,672
ORD3907,U692,R50,2026-04-17 13:42:00,649
ORD3908,U487,R3,2026-04-17 10:59:00,652
ORD3909,U14,R81,2026-04-17 13:15:00,768
ORD3910,U393,R129,2026-04-17 16:04:00,138
ORD3911,U375,R143,2026-04-17 17:48:00,355
ORD3912,U147,R30,2026-04-17 16:48:00,450
ORD3913,U740,R185,2026-04-17 12:45:00,194
ORD3914,U300,R171,2026-04-17 13:06:00,285
ORD3915,U32,R114,2026-04-17 10:42:00,749
ORD3916,U167,R162,2026-04-17 12:18:00,269
ORD3917,U280,R177,2026-04-17 10:32:00,537
ORD3918,U720,R88,2026-04-17 10:57:00,185
ORD3919,U357,R99,2026-04-17 11:21:00,660
ORD3920,U636,R153,2026-04-17 17:20:00,109
ORD3921,U336,R44,2026-04-17 14:03:00,132
ORD3922,U121,R85,2026-04-17 16:16:00,646
ORD3923,U826,R62,2026-04-17 12:50:00,617
ORD3924,U213,R190,2026-04-17 14:35:00,724
ORD3925,U216,R78,2026-04-17 16:14:00,523
ORD3926,U855,R138,2026-04-17 10:16:00,466
ORD3927,U623,R199,2026-04-17 13:18:00,398
ORD3928,U716,R40,2026-04-17 15:34:00,419
ORD3929,U291,R69,2026-04-17 11:50:00,770
ORD3930,U128,R70,2026-04-17 13:11:00,685
ORD3931,U543,R87,2026-04-17 11:54:00,264
ORD3932,U845,R78,2026-04-17 10:37:00,127
ORD3933,U515,R102,2026-04-17 12:18:00,546
ORD3934,U8,R17,2026-04-17 10:28:00,526
ORD3935,U914,R180,2026-04-17 11:18:00,520
ORD3936,U639,R145,2026-04-17 14:15:00,354
ORD3937,U138,R67,2026-04-17 12:40:00,332
ORD3938,U474,R129,2026-04-17 17:14:00,437
ORD3939,U603,R79,2026-04-17 19:37:00,556
ORD3940,U750,R68,2026-04-17 10:53:00,461
ORD3941,U659,R99,2026-04-17 13:50:00,415
ORD3942,U454,R109,2026-04-17 14:36:00,663
ORD3943,U808,R9,2026-04-17 15:14:00,233
ORD3944,U985,R170,2026-04-17 12:28:00,485
ORD3945,U46,R26,2026-04-17 19:21:00,667
ORD3946,U320,R84,2026-04-17 10:54:00,619
ORD3947,U281,R124,2026-04-17 14:41:00,770
ORD3948,U441,R151,2026-04-17 11:40:00,488
ORD3949,U291,R195,2026-04-17 17:09:00,462
ORD3950,U724,R197,2026-04-17 12:03:00,253
ORD3951,U67,R138,2026-04-17 17:04:00,405
ORD3952,U707,R164,2026-04-17 15:17:00,241
ORD3953,U28,R69,2026-04-17 16:57:00,589
ORD3954,U406,R17,2026-04-17 17:03:00,479
ORD3955,U864,R73,2026-04-17 14:03:00,387
ORD3956,U962,R178,2026-04-17 10:38:00,607
ORD3957,U133,R168,2026-04-17 14:54:00,624
ORD3958,U178,R36,2026-04-17 17:48:00,239
ORD3959,U638,R127,2026-04-17 18:06:00,782
ORD3960,U541,R2,2026-04-17 13:43:00,686
ORD3961,U68,R164,2026-04-17 10:28:00,126
ORD3962,U512,R26,2026-04-17 14:32:00,370
ORD3963,U961,R162,2026-04-17 15:28:00,767
ORD3964,U129,R64,2026-04-17 19:09:00,796
ORD3965,U674,R126,2026-04-17 15:57:00,435
ORD3966,U764,R157,2026-04-17 18:26:00,287
ORD3967,U537,R160,2026-04-17 13:31:00,376
ORD3968,U436,R140,2026-04-17 17:52:00,324
ORD3969,U938,R72,2026-04-17 18:46:00,696
ORD3970,U473,R184,2026-04-17 16:17:00,180
ORD3971,U433,R138,2026-04-17 10:21:00,585
ORD3972,U690,R161,2026-04-17 10:18:00,399
ORD3973,U956,R33,2026-04-17 11:34:00,561
ORD3974,U423,R192,2026-04-17 14:48:00,577
ORD3975,U463,R101,2026-04-17 13:51:00,427
ORD3976,U172,R45,2026-04-17 16:23:00,418
ORD3977,U958,R45,2026-04-17 19:28:00,372
ORD3978,U624,R31,2026-04-17 14:28:00,226
ORD3979,U226,R193,2026-04-17 12:38:00,492
ORD3980,U372,R21,2026-04-17 10:14:00,333
ORD3981,U695,R198,2026-04-17 17:35:00,634
ORD3982,U732,R118,2026-04-17 13:36:00,625
ORD3983,U918,R4,2026-04-17 17:16:00,708
ORD3984,U618,R59,2026-04-17 16:58:00,571
ORD3985,U363,R117,2026-04-17 18:04:00,641
ORD3986,U565,R172,2026-04-17 17:53:00,225
ORD3987,U534,R121,2026-04-17 10:21:00,723
ORD3988,U229,R7,2026-04-17 15:07:00,635
ORD3989,U607,R83,2026-04-17 19:30:00,511
ORD3990,U926,R9,2026-04-17 13:37:00,365
ORD3991,U921,R180,2026-04-17 12:56:00,301
ORD3992,U111,R192,2026-04-17 18:52:00,426
ORD3993,U207,R86,2026-04-17 15:52:00,607
ORD3994,U219,R199,2026-04-17 14:48:00,189
ORD3995,U818,R32,2026-04-17 13:50:00,384
ORD3996,U389,R108,2026-04-17 13:53:00,660
ORD3997,U578,R140,2026-04-17 18:05:00,486
ORD3998,U129,R72,2026-04-17 18:59:00,565
ORD3999,U335,R162,2026-04-17 10:35:00,399
ORD4000,U87,R172,2026-04-17 15:15:00,275
ORD4001,U103,R138,2026-04-17 17:24:00,471
ORD4002,U140,R100,2026-04-17 15:46:00,271
ORD4003,U354,R53,2026-04-17 11:10:00,690
ORD4004,U263,R142,2026-04-17 16:44:00,376
ORD4005,U407,R111,2026-04-17 17:50:00,488
ORD4006,U649,R130,2026-04-17 12:26:00,524
ORD4007,U426,R84,2026-04-17 11:08:00,529
ORD4008,U522,R170,2026-04-17 14:32:00,199
ORD4009,U684,R14,2026-04-17 10:31:00,189
ORD4010,U429,R175,2026-04-17 18:23:00,130
ORD4011,U364,R49,2026-04-17 11:36:00,120
ORD4012,U16,R177,2026-04-17 16:53:00,651
ORD4013,U455,R30,2026-04-17 19:22:00,348
ORD4014,U228,R92,2026-04-17 11:26:00,404
ORD4015,U621,R83,2026-04-17 15:42:00,744
ORD4016,U820,R82,2026-04-17 18:23:00,262
ORD4017,U768,R154,2026-04-17 19:21:00,789
ORD4018,U754,R88,2026-04-17 12:48:00,114
ORD4019,U912,R107,2026-04-17 13:59:00,585
ORD4020,U442,R146,2026-04-17 15:15:00,402
ORD4021,U622,R22,2026-04-17 15:43:00,197
ORD4022,U605,R5,2026-04-17 10:55:00,312
ORD4023,U247,R72,2026-04-17 13:20:00,436
ORD4024,U621,R160,2026-04-17 16:59:00,617
ORD4025,U731,R24,2026-04-17 14:18:00,162
ORD4026,U175,R140,2026-04-17 16:59:00,784
ORD4027,U730,R52,2026-04-17 12:35:00,433
ORD4028,U847,R4,2026-04-17 11:23:00,143
ORD4029,U209,R61,2026-04-17 13:45:00,265
ORD4030,U741,R187,2026-04-17 19:31:00,241
ORD4031,U80,R39,2026-04-17 15:35:00,130
ORD4032,U243,R161,2026-04-17 19:51:00,752
ORD4033,U245,R183,2026-04-17 15:41:00,626
ORD4034,U1000,R44,2026-04-17 12:39:00,724
ORD4035,U896,R119,2026-04-17 17:24:00,339
ORD4036,U137,R51,2026-04-17 19:45:00,473
ORD4037,U515,R113,2026-04-17 14:36:00,555
ORD4038,U827,R184,2026-04-17 14:34:00,736
ORD4039,U969,R117,2026-04-17 10:57:00,651
ORD4040,U39,R23,2026-04-17 16:50:00,764
ORD4041,U220,R113,2026-04-17 19:00:00,167
ORD4042,U881,R160,2026-04-17 13:07:00,355
ORD4043,U331,R147,2026-04-17 10:40:00,291
ORD4044,U82,R132,2026-04-17 13:53:00,608
ORD4045,U712,R64,2026-04-17 16:11:00,724
ORD4046,U344,R96,2026-04-17 17:54:00,661
ORD4047,U252,R199,2026-04-17 18:57:00,317
ORD4048,U625,R147,2026-04-17 18:01:00,585
ORD4049,U859,R101,2026-04-17 17:38:00,325
ORD4050,U232,R124,2026-04-17 16:26:00,315
ORD4051,U478,R141,2026-04-17 16:43:00,451
ORD4052,U861,R100,2026-04-17 17:19:00,619
ORD4053,U824,R80,2026-04-17 17:33:00,378
ORD4054,U945,R128,2026-04-17 16:59:00,410
ORD4055,U744,R114,2026-04-17 13:04:00,614
ORD4056,U613,R156,2026-04-17 12:52:00,459
ORD4057,U852,R26,2026-04-17 10:07:00,525
ORD4058,U939,R69,2026-04-17 13:28:00,468
ORD4059,U766,R166,2026-04-17 10:33:00,204
ORD4060,U918,R140,2026-04-17 19:46:00,259
ORD4061,U167,R170,2026-04-17 18:55:00,671
ORD4062,U87,R35,2026-04-17 13:05:00,459
ORD4063,U863,R147,2026-04-17 10:53:00,186
ORD4064,U823,R83,2026-04-17 11:07:00,217
ORD4065,U369,R97,2026-04-17 15:09:00,425
ORD4066,U468,R185,2026-04-17 18:39:00,372
ORD4067,U456,R1,2026-04-17 15:25:00,402
ORD4068,U847,R187,2026-04-17 13:57:00,229
ORD4069,U432,R155,2026-04-17 15:21:00,401
ORD4070,U127,R2,2026-04-17 13:09:00,323
ORD4071,U376,R178,2026-04-17 19:15:00,443
ORD4072,U679,R94,2026-04-17 18:11:00,390
ORD4073,U919,R29,2026-04-17 10:19:00,360
ORD4074,U492,R168,2026-04-17 14:52:00,534
ORD4075,U935,R48,2026-04-17 11:00:00,297
ORD4076,U551,R196,2026-04-17 12:37:00,152
ORD4077,U117,R48,2026-04-17 12:29:00,274
ORD4078,U571,R165,2026-04-17 14:44:00,580
ORD4079,U824,R100,2026-04-17 10:19:00,761
ORD4080,U440,R59,2026-04-17 14:54:00,240
ORD4081,U63,R15,2026-04-17 18:32:00,518
ORD4082,U471,R120,2026-04-17 15:20:00,550
ORD4083,U472,R138,2026-04-17 12:13:00,591
ORD4084,U421,R118,2026-04-17 10:47:00,450
ORD4085,U908,R120,2026-04-17 11:48:00,507
ORD4086,U563,R109,2026-04-17 19:43:00,116
ORD4087,U362,R170,2026-04-17 19:44:00,748
ORD4088,U762,R156,2026-04-17 18:42:00,722
ORD4089,U407,R27,2026-04-17 15:49:00,328
ORD4090,U177,R187,2026-04-17 18:35:00,486
ORD4091,U617,R143,2026-04-17 13:12:00,425
ORD4092,U508,R114,2026-04-17 14:38:00,785
ORD4093,U731,R70,2026-04-17 12:33:00,585
ORD4094,U263,R167,2026-04-17 12:06:00,228
ORD4095,U773,R4,2026-04-17 16:49:00,395
ORD4096,U321,R135,2026-04-17 17:58:00,737
ORD4097,U64,R135,2026-04-17 16:42:00,629
ORD4098,U817,R72,2026-04-17 10:00:00,357
ORD4099,U94,R144,2026-04-17 16:50:00,740
ORD4100,U569,R13,2026-04-17 11:14:00,593
ORD4101,U813,R152,2026-04-17 13:01:00,494
ORD4102,U785,R62,2026-04-17 11:31:00,174
ORD4103,U379,R84,2026-04-17 14:21:00,454
ORD4104,U853,R3,2026-04-17 16:24:00,172
ORD4105,U474,R40,2026-04-17 17:45:00,117
ORD4106,U225,R140,2026-04-17 10:18:00,696
ORD4107,U559,R150,2026-04-17 16:03:00,595
ORD4108,U91,R112,2026-04-17 18:42:00,446
ORD4109,U862,R186,2026-04-17 19:34:00,603
ORD4110,U620,R110,2026-04-17 14:02:00,523
ORD4111,U620,R161,2026-04-17 12:12:00,294
ORD4112,U278,R91,2026-04-17 14:16:00,391
ORD4113,U132,R173,2026-04-17 19:53:00,453
ORD4114,U462,R180,2026-04-17 14:04:00,225
ORD4115,U744,R20,2026-04-17 11:41:00,629
ORD4116,U382,R101,2026-04-17 11:20:00,365
ORD4117,U501,R183,2026-04-17 10:53:00,339
ORD4118,U277,R155,2026-04-17 17:36:00,649
ORD4119,U991,R13,2026-04-17 10:36:00,140
ORD4120,U183,R194,2026-04-17 15:12:00,145
ORD4121,U968,R60,2026-04-17 14:45:00,206
ORD4122,U439,R182,2026-04-17 11:35:00,799
ORD4123,U314,R63,2026-04-17 14:16:00,212
ORD4124,U184,R89,2026-04-17 14:20:00,652
ORD4125,U437,R59,2026-04-17 17:35:00,748
ORD4126,U702,R4,2026-04-17 16:14:00,257
ORD4127,U123,R3,2026-04-17 18:35:00,757
ORD4128,U486,R176,2026-04-17 14:48:00,351
ORD4129,U90,R144,2026-04-17 16:04:00,614
ORD4130,U235,R166,2026-04-17 18:00:00,600
ORD4131,U705,R180,2026-04-17 13:13:00,741
ORD4132,U526,R32,2026-04-17 14:17:00,427
ORD4133,U562,R16,2026-04-17 10:00:00,415
ORD4134,U711,R192,2026-04-17 14:56:00,330
ORD4135,U980,R144,2026-04-17 18:12:00,483
ORD4136,U297,R63,2026-04-17 14:26:00,799
ORD4137,U397,R39,2026-04-17 18:21:00,672
ORD4138,U871,R42,2026-04-17 13:46:00,669
ORD4139,U777,R16,2026-04-17 13:11:00,298
ORD4140,U133,R183,2026-04-17 15:24:00,296
ORD4141,U184,R177,2026-04-17 10:32:00,461
ORD4142,U156,R74,2026-04-17 12:44:00,728
ORD4143,U568,R159,2026-04-17 10:14:00,127
ORD4144,U765,R38,2026-04-17 12:49:00,219
ORD4145,U838,R185,2026-04-17 16:21:00,291
ORD4146,U749,R95,2026-04-17 19:08:00,312
ORD4147,U824,R128,2026-04-17 16:38:00,767
ORD4148,U61,R36,2026-04-17 18:00:00,445
ORD4149,U547,R136,2026-04-17 16:11:00,379
ORD4150,U79,R109,2026-04-17 10:57:00,295
ORD4151,U255,R142,2026-04-17 11:53:00,402
ORD4152,U53,R116,2026-04-17 17:12:00,537
ORD4153,U720,R58,2026-04-17 10:45:00,444
ORD4154,U800,R82,2026-04-17 13:12:00,536
ORD4155,U429,R181,2026-04-17 11:39:00,263
ORD4156,U850,R75,2026-04-17 12:37:00,737
ORD4157,U152,R60,2026-04-17 15:29:00,633
ORD4158,U963,R185,2026-04-17 11:36:00,700
ORD4159,U972,R101,2026-04-17 12:32:00,449
ORD4160,U544,R100,2026-04-17 10:16:00,262
ORD4161,U89,R159,2026-04-17 14:04:00,732
ORD4162,U20,R143,2026-04-17 15:20:00,315
ORD4163,U902,R190,2026-04-17 17:24:00,236
ORD4164,U306,R163,2026-04-17 15:02:00,561
ORD4165,U566,R82,2026-04-17 16:09:00,610
ORD4166,U634,R73,2026-04-17 11:35:00,676
ORD4167,U730,R36,2026-04-17 14:54:00,545
ORD4168,U669,R64,2026-04-17 16:00:00,329
ORD4169,U781,R66,2026-04-17 13:46:00,327
ORD4170,U682,R84,2026-04-17 13:55:00,470
ORD4171,U875,R136,2026-04-17 13:50:00,188
ORD4172,U74,R188,2026-04-17 10:29:00,253
ORD4173,U707,R69,2026-04-17 19:55:00,290
ORD4174,U946,R50,2026-04-17 11:04:00,683
ORD4175,U780,R88,2026-04-17 17:13:00,719
ORD4176,U967,R78,2026-04-17 17:11:00,345
ORD4177,U287,R118,2026-04-17 17:10:00,708
ORD4178,U433,R133,2026-04-17 12:54:00,610
ORD4179,U72,R78,2026-04-17 15:50:00,280
ORD4180,U903,R148,2026-04-17 12:38:00,200
ORD4181,U660,R15,2026-04-17 12:34:00,337
ORD4182,U121,R130,2026-04-17 11:26:00,263
ORD4183,U908,R22,2026-04-17 10:06:00,710
ORD4184,U148,R92,2026-04-17 17:00:00,751
ORD4185,U590,R120,2026-04-17 18:47:00,611
ORD4186,U187,R165,2026-04-17 14:16:00,157
ORD4187,U709,R15,2026-04-17 12:32:00,780
ORD4188,U400,R20,2026-04-17 13:55:00,303
ORD4189,U815,R11,2026-04-17 13:28:00,317
ORD4190,U408,R97,2026-04-17 12:08:00,552
ORD4191,U279,R70,2026-04-17 18:10:00,303
ORD4192,U585,R49,2026-04-17 17:08:00,287
ORD4193,U593,R86,2026-04-17 14:05:00,605
ORD4194,U542,R23,2026-04-17 14:20:00,361
ORD4195,U647,R70,2026-04-17 15:34:00,174
ORD4196,U405,R10,2026-04-17 17:12:00,410
ORD4197,U144,R64,2026-04-17 18:41:00,771
ORD4198,U351,R11,2026-04-17 12:41:00,732
ORD4199,U499,R178,2026-04-17 19:08:00,167
ORD4200,U91,R17,2026-04-17 19:57:00,589
ORD4201,U927,R168,2026-04-17 12:31:00,492
ORD4202,U67,R146,2026-04-17 15:12:00,283
ORD4203,U239,R126,2026-04-17 19:40:00,257
ORD4204,U698,R52,2026-04-17 16:35:00,394
ORD4205,U401,R28,2026-04-17 11:38:00,513
ORD4206,U857,R62,2026-04-17 12:52:00,418
ORD4207,U481,R72,2026-04-17 18:50:00,793
ORD4208,U313,R99,2026-04-17 13:40:00,334
ORD4209,U856,R93,2026-04-17 10:57:00,283
ORD4210,U317,R6,2026-04-17 19:34:00,556
ORD4211,U824,R87,2026-04-17 18:38:00,117
ORD4212,U220,R27,2026-04-17 13:45:00,484
ORD4213,U26,R84,2026-04-17 18:59:00,428
ORD4214,U608,R38,2026-04-17 15:17:00,432
ORD4215,U738,R13,2026-04-17 18:12:00,640
ORD4216,U126,R150,2026-04-17 11:45:00,369
ORD4217,U944,R153,2026-04-17 18:36:00,323
ORD4218,U237,R182,2026-04-17 12:17:00,444
ORD4219,U879,R35,2026-04-17 14:23:00,369
ORD4220,U728,R106,2026-04-17 19:23:00,787
ORD4221,U792,R24,2026-04-17 16:33:00,195
ORD4222,U279,R185,2026-04-17 19:34:00,236
ORD4223,U47,R60,2026-04-17 17:05:00,617
ORD4224,U792,R32,2026-04-17 11:31:00,784
ORD4225,U895,R1,2026-04-17 13:33:00,418
ORD4226,U441,R45,2026-04-17 11:23:00,238
ORD4227,U872,R50,2026-04-17 10:54:00,728
ORD4228,U985,R51,2026-04-17 15:19:00,114
ORD4229,U519,R53,2026-04-17 14:53:00,703
ORD4230,U490,R151,2026-04-17 15:09:00,436
ORD4231,U435,R144,2026-04-17 14:27:00,501
ORD4232,U842,R14,2026-04-17 15:23:00,671
ORD4233,U297,R10,2026-04-17 15:35:00,626
ORD4234,U309,R172,2026-04-17 15:21:00,728
ORD4235,U767,R86,2026-04-17 17:33:00,318
ORD4236,U171,R29,2026-04-17 13:06:00,364
ORD4237,U939,R47,2026-04-17 15:31:00,149
ORD4238,U499,R176,2026-04-17 11:42:00,337
ORD4239,U769,R193,2026-04-17 16:03:00,550
ORD4240,U145,R193,2026-04-17 14:24:00,158
ORD4241,U723,R12,2026-04-17 16:28:00,122
ORD4242,U534,R178,2026-04-17 18:48:00,292
ORD4243,U491,R165,2026-04-17 11:40:00,354
ORD4244,U626,R8,2026-04-17 17:16:00,258
ORD4245,U434,R27,2026-04-17 11:51:00,651
ORD4246,U171,R69,2026-04-17 13:59:00,487
ORD4247,U646,R109,2026-04-17 15:20:00,300
ORD4248,U46,R110,2026-04-17 17:05:00,692
ORD4249,U203,R38,2026-04-17 15:47:00,496
ORD4250,U371,R53,2026-04-17 19:05:00,147
ORD4251,U366,R142,2026-04-17 14:12:00,612
ORD4252,U564,R85,2026-04-17 13:48:00,175
ORD4253,U862,R37,2026-04-17 12:52:00,355
ORD4254,U466,R3,2026-04-17 18:28:00,372
ORD4255,U15,R125,2026-04-17 15:43:00,482
ORD4256,U460,R11,2026-04-17 11:22:00,405
ORD4257,U919,R65,2026-04-17 19:46:00,329
ORD4258,U732,R56,2026-04-17 17:03:00,288
ORD4259,U881,R146,2026-04-17 12:03:00,173
ORD4260,U699,R42,2026-04-17 13:35:00,308
ORD4261,U611,R153,2026-04-17 13:27:00,554
ORD4262,U486,R92,2026-04-17 15:17:00,585
ORD4263,U210,R136,2026-04-17 13:16:00,246
ORD4264,U173,R7,2026-04-17 19:54:00,315
ORD4265,U621,R33,2026-04-17 12:22:00,746
ORD4266,U21,R138,2026-04-17 15:11:00,771
ORD4267,U17,R94,2026-04-17 11:41:00,460
ORD4268,U599,R107,2026-04-17 11:07:00,488
ORD4269,U58,R48,2026-04-17 19:29:00,115
ORD4270,U762,R62,2026-04-17 13:01:00,297
ORD4271,U869,R62,2026-04-17 18:40:00,431
ORD4272,U947,R87,2026-04-17 11:01:00,176
ORD4273,U156,R99,2026-04-17 17:49:00,302
ORD4274,U668,R2,2026-04-17 13:23:00,601
ORD4275,U686,R200,2026-04-17 13:14:00,673
ORD4276,U711,R120,2026-04-17 19:43:00,692
ORD4277,U899,R199,2026-04-17 12:24:00,136
ORD4278,U701,R105,2026-04-17 10:25:00,581
ORD4279,U216,R5,2026-04-17 16:41:00,743
ORD4280,U448,R86,2026-04-17 16:18:00,174
ORD4281,U288,R13,2026-04-17 10:51:00,369
ORD4282,U801,R85,2026-04-17 10:41:00,266
ORD4283,U953,R83,2026-04-17 17:25:00,449
ORD4284,U131,R192,2026-04-17 16:02:00,306
ORD4285,U675,R60,2026-04-17 10:50:00,753
ORD4286,U313,R165,2026-04-17 14:08:00,331
ORD4287,U253,R135,2026-04-17 12:17:00,206
ORD4288,U666,R162,2026-04-17 19:43:00,322
ORD4289,U889,R2,2026-04-17 13:04:00,682
ORD4290,U199,R158,2026-04-17 14:29:00,131
ORD4291,U601,R127,2026-04-17 13:11:00,286
ORD4292,U448,R17,2026-04-17 13:48:00,778
ORD4293,U964,R103,2026-04-17 17:32:00,116
ORD4294,U603,R200,2026-04-17 14:19:00,311
ORD4295,U169,R137,2026-04-17 12:25:00,334
ORD4296,U340,R26,2026-04-17 10:58:00,146
ORD4297,U944,R88,2026-04-17 16:41:00,453
ORD4298,U288,R84,2026-04-17 18:08:00,727
ORD4299,U225,R163,2026-04-17 15:37:00,190
ORD4300,U561,R56,2026-04-17 17:49:00,587
ORD4301,U135,R166,2026-04-17 19:02:00,405
ORD4302,U937,R182,2026-04-17 17:22:00,212
ORD4303,U477,R186,2026-04-17 10:18:00,429
ORD4304,U513,R59,2026-04-17 17:14:00,439
ORD4305,U565,R76,2026-04-17 17:20:00,718
ORD4306,U547,R148,2026-04-17 17:55:00,697
ORD4307,U478,R200,2026-04-17 19:22:00,606
ORD4308,U281,R60,2026-04-17 17:44:00,791
ORD4309,U282,R52,2026-04-17 12:56:00,144
ORD4310,U787,R59,2026-04-17 17:45:00,374
ORD4311,U962,R53,2026-04-17 16:33:00,262
ORD4312,U16,R11,2026-04-17 10:43:00,526
ORD4313,U496,R186,2026-04-17 10:34:00,265
ORD4314,U528,R87,2026-04-17 16:05:00,180
ORD4315,U733,R146,2026-04-17 17:22:00,447
ORD4316,U264,R5,2026-04-17 17:28:00,737
ORD4317,U674,R62,2026-04-17 16:58:00,154
ORD4318,U307,R158,2026-04-17 17:27:00,369
ORD4319,U702,R149,2026-04-17 11:17:00,253
ORD4320,U431,R29,2026-04-17 10:06:00,351
ORD4321,U608,R106,2026-04-17 12:05:00,496
ORD4322,U520,R151,2026-04-17 16:40:00,358
ORD4323,U62,R83,2026-04-17 13:27:00,194
ORD4324,U746,R195,2026-04-17 13:11:00,708
ORD4325,U364,R12,2026-04-17 18:28:00,622
ORD4326,U314,R68,2026-04-17 11:55:00,357
ORD4327,U962,R177,2026-04-17 13:46:00,506
ORD4328,U658,R119,2026-04-17 10:14:00,189
ORD4329,U528,R62,2026-04-17 10:20:00,225
ORD4330,U798,R97,2026-04-17 12:34:00,236
ORD4331,U216,R27,2026-04-17 12:56:00,753
ORD4332,U38,R189,2026-04-17 12:26:00,299
ORD4333,U463,R155,2026-04-17 15:10:00,226
ORD4334,U83,R127,2026-04-17 11:26:00,380
ORD4335,U81,R186,2026-04-17 18:09:00,642
ORD4336,U998,R113,2026-04-17 16:29:00,311
ORD4337,U296,R142,2026-04-17 19:00:00,552
ORD4338,U217,R70,2026-04-17 12:36:00,443
ORD4339,U399,R56,2026-04-17 10:01:00,470
ORD4340,U63,R86,2026-04-17 18:31:00,431
ORD4341,U819,R147,2026-04-17 12:55:00,146
ORD4342,U636,R162,2026-04-17 12:28:00,631
ORD4343,U96,R178,2026-04-17 16:12:00,710
ORD4344,U693,R47,2026-04-17 10:47:00,642
ORD4345,U378,R36,2026-04-17 10:12:00,418
ORD4346,U921,R66,2026-04-17 18:22:00,565
ORD4347,U367,R171,2026-04-17 15:44:00,756
ORD4348,U671,R45,2026-04-17 15:03:00,277
ORD4349,U372,R11,2026-04-17 17:51:00,141
ORD4350,U581,R148,2026-04-17 15:18:00,612
ORD4351,U973,R46,2026-04-17 17:00:00,407
ORD4352,U860,R2,2026-04-17 19:22:00,593
ORD4353,U751,R100,2026-04-17 19:46:00,334
ORD4354,U476,R189,2026-04-17 16:01:00,796
ORD4355,U318,R30,2026-04-17 17:22:00,616
ORD4356,U947,R70,2026-04-17 11:24:00,655
ORD4357,U584,R36,2026-04-17 10:09:00,746
ORD4358,U298,R176,2026-04-17 18:08:00,605
ORD4359,U252,R175,2026-04-17 15:58:00,429
ORD4360,U426,R85,2026-04-17 16:09:00,141
ORD4361,U88,R92,2026-04-17 14:55:00,368
ORD4362,U292,R77,2026-04-17 18:07:00,455
ORD4363,U586,R62,2026-04-17 12:31:00,615
ORD4364,U23,R180,2026-04-17 10:10:00,324
ORD4365,U269,R189,2026-04-17 19:23:00,654
ORD4366,U811,R2,2026-04-17 14:08:00,394
ORD4367,U442,R174,2026-04-17 14:30:00,108
ORD4368,U66,R83,2026-04-17 17:30:00,253
ORD4369,U383,R180,2026-04-17 15:46:00,324
ORD4370,U455,R10,2026-04-17 13:32:00,698
ORD4371,U135,R118,2026-04-17 16:19:00,256
ORD4372,U859,R108,2026-04-17 12:57:00,627
ORD4373,U173,R3,2026-04-17 14:09:00,680
ORD4374,U10,R171,2026-04-17 18:40:00,310
ORD4375,U388,R62,2026-04-17 10:50:00,231
ORD4376,U562,R12,2026-04-17 18:41:00,152
ORD4377,U561,R147,2026-04-17 19:57:00,776
ORD4378,U76,R91,2026-04-17 14:30:00,156
ORD4379,U368,R127,2026-04-17 13:16:00,618
ORD4380,U533,R49,2026-04-17 11:41:00,387
ORD4381,U59,R66,2026-04-17 10:06:00,369
ORD4382,U968,R83,2026-04-17 11:14:00,218
ORD4383,U454,R114,2026-04-17 18:11:00,724
ORD4384,U85,R12,2026-04-17 14:04:00,570
ORD4385,U114,R177,2026-04-17 18:37:00,630
ORD4386,U574,R5,2026-04-17 16:09:00,610
ORD4387,U703,R19,2026-04-17 18:40:00,778
ORD4388,U881,R48,2026-04-17 19:40:00,172
ORD4389,U931,R62,2026-04-17 17:01:00,339
ORD4390,U687,R65,2026-04-17 16:12:00,142
ORD4391,U140,R173,2026-04-17 18:15:00,686
ORD4392,U753,R135,2026-04-17 14:58:00,751
ORD4393,U788,R1,2026-04-17 15:39:00,697
ORD4394,U99,R104,2026-04-17 13:08:00,729
ORD4395,U271,R80,2026-04-17 15:13:00,587
ORD4396,U224,R8,2026-04-17 18:01:00,353
ORD4397,U396,R106,2026-04-17 14:17:00,363
ORD4398,U32,R158,2026-04-17 17:31:00,471
ORD4399,U32,R173,2026-04-17 14:28:00,794
ORD4400,U990,R108,2026-04-17 18:30:00,351
ORD4401,U63,R123,2026-04-17 11:25:00,721
ORD4402,U352,R163,2026-04-17 18:43:00,150
ORD4403,U505,R186,2026-04-17 11:43:00,491
ORD4404,U547,R49,2026-04-17 17:42:00,218
ORD4405,U623,R119,2026-04-17 16:57:00,102
ORD4406,U545,R54,2026-04-17 12:54:00,405
ORD4407,U744,R169,2026-04-17 17:49:00,125
ORD4408,U488,R151,2026-04-17 19:07:00,650
ORD4409,U544,R76,2026-04-17 18:20:00,733
ORD4410,U359,R123,2026-04-17 12:21:00,634
ORD4411,U797,R144,2026-04-17 15:00:00,261
ORD4412,U939,R138,2026-04-17 19:37:00,417
ORD4413,U753,R97,2026-04-17 10:08:00,357
ORD4414,U257,R64,2026-04-17 17:17:00,514
ORD4415,U870,R44,2026-04-17 16:31:00,710
ORD4416,U828,R10,2026-04-17 12:53:00,308
ORD4417,U257,R43,2026-04-17 10:50:00,698
ORD4418,U126,R5,2026-04-17 19:20:00,642
ORD4419,U971,R20,2026-04-17 16:05:00,162
ORD4420,U463,R148,2026-04-17 18:13:00,461
ORD4421,U138,R129,2026-04-17 13:12:00,579
ORD4422,U455,R110,2026-04-17 10:53:00,346
ORD4423,U534,R136,2026-04-17 10:23:00,582
ORD4424,U821,R94,2026-04-17 19:24:00,106
ORD4425,U429,R46,2026-04-17 16:14:00,527
ORD4426,U166,R45,2026-04-17 13:58:00,240
ORD4427,U935,R105,2026-04-17 18:38:00,409
ORD4428,U452,R5,2026-04-17 18:12:00,769
ORD4429,U32,R137,2026-04-17 19:14:00,745
ORD4430,U265,R34,2026-04-17 15:32:00,311
ORD4431,U547,R166,2026-04-17 19:25:00,383
ORD4432,U816,R38,2026-04-17 19:19:00,417
ORD4433,U329,R54,2026-04-17 10:40:00,342
ORD4434,U718,R182,2026-04-17 14:58:00,248
ORD4435,U25,R28,2026-04-17 13:51:00,259
ORD4436,U543,R111,2026-04-17 11:15:00,357
ORD4437,U609,R120,2026-04-17 11:06:00,707
ORD4438,U898,R158,2026-04-17 14:59:00,578
ORD4439,U143,R31,2026-04-17 10:50:00,333
ORD4440,U578,R135,2026-04-17 19:12:00,398
ORD4441,U723,R127,2026-04-17 11:06:00,557
ORD4442,U204,R10,2026-04-17 19:23:00,283
ORD4443,U311,R154,2026-04-17 17:35:00,730
ORD4444,U444,R55,2026-04-17 11:09:00,605
ORD4445,U207,R100,2026-04-17 12:47:00,117
ORD4446,U595,R167,2026-04-17 19:09:00,151
ORD4447,U804,R12,2026-04-17 19:18:00,697
ORD4448,U656,R24,2026-04-17 14:04:00,242
ORD4449,U389,R88,2026-04-17 12:09:00,227
ORD4450,U42,R32,2026-04-17 14:08:00,308
ORD4451,U516,R156,2026-04-17 11:02:00,412
ORD4452,U318,R115,2026-04-17 19:15:00,650
ORD4453,U188,R88,2026-04-17 10:43:00,240
ORD4454,U974,R182,2026-04-17 10:57:00,331
ORD4455,U453,R180,2026-04-17 17:22:00,596
ORD4456,U422,R156,2026-04-17 15:04:00,654
ORD4457,U828,R80,2026-04-17 13:23:00,765
ORD4458,U992,R159,2026-04-17 16:11:00,531
ORD4459,U325,R41,2026-04-17 17:22:00,293
ORD4460,U5,R140,2026-04-17 10:22:00,348
ORD4461,U174,R200,2026-04-17 15:21:00,506
ORD4462,U282,R154,2026-04-17 17:47:00,663
ORD4463,U492,R155,2026-04-17 18:24:00,683
ORD4464,U480,R49,2026-04-17 11:20:00,385
ORD4465,U179,R105,2026-04-17 15:45:00,418
ORD4466,U574,R147,2026-04-17 16:24:00,232
ORD4467,U327,R88,2026-04-17 19:38:00,623
ORD4468,U426,R114,2026-04-17 10:06:00,447
ORD4469,U949,R139,2026-04-17 18:20:00,236
ORD4470,U908,R142,2026-04-17 15:45:00,268
ORD4471,U777,R192,2026-04-17 16:58:00,381
ORD4472,U255,R152,2026-04-17 17:40:00,486
ORD4473,U878,R96,2026-04-17 14:35:00,793
ORD4474,U94,R165,2026-04-17 13:33:00,128
ORD4475,U137,R18,2026-04-17 12:18:00,649
ORD4476,U670,R151,2026-04-17 11:23:00,579
ORD4477,U886,R35,2026-04-17 17:56:00,654
ORD4478,U26,R138,2026-04-17 18:06:00,415
ORD4479,U887,R187,2026-04-17 18:40:00,698
ORD4480,U192,R179,2026-04-17 11:46:00,163
ORD4481,U796,R84,2026-04-17 11:51:00,421
ORD4482,U284,R50,2026-04-17 10:49:00,622
ORD4483,U644,R38,2026-04-17 14:48:00,214
ORD4484,U118,R18,2026-04-17 13:03:00,762
ORD4485,U476,R22,2026-04-17 14:40:00,461
ORD4486,U36,R168,2026-04-17 19:34:00,178
ORD4487,U680,R45,2026-04-17 12:53:00,598
ORD4488,U54,R20,2026-04-17 15:00:00,623
ORD4489,U936,R2,2026-04-17 11:27:00,122
ORD4490,U930,R34,2026-04-17 10:00:00,615
ORD4491,U686,R79,2026-04-17 17:16:00,251
ORD4492,U943,R165,2026-04-17 15:04:00,728
ORD4493,U668,R52,2026-04-17 10:01:00,386
ORD4494,U733,R21,2026-04-17 18:28:00,235
ORD4495,U789,R48,2026-04-17 10:13:00,265
ORD4496,U170,R42,2026-04-17 12:05:00,743
ORD4497,U59,R47,2026-04-17 16:44:00,262
ORD4498,U217,R85,2026-04-17 15:28:00,163
ORD4499,U323,R15,2026-04-17 16:18:00,478
ORD4500,U553,R51,2026-04-17 17:47:00,790
ORD4501,U570,R8,2026-04-17 11:52:00,631
ORD4502,U8,R58,2026-04-17 12:04:00,731
ORD4503,U821,R8,2026-04-17 17:21:00,689
ORD4504,U998,R186,2026-04-17 11:47:00,354
ORD4505,U765,R189,2026-04-17 14:08:00,276
ORD4506,U978,R19,2026-04-17 12:28:00,407
ORD4507,U449,R87,2026-04-17 16:49:00,660
ORD4508,U67,R45,2026-04-17 18:42:00,348
ORD4509,U352,R24,2026-04-17 12:43:00,231
ORD4510,U709,R50,2026-04-17 11:11:00,650
ORD4511,U206,R56,2026-04-17 11:49:00,694
ORD4512,U437,R100,2026-04-17 14:18:00,111
ORD4513,U960,R100,2026-04-17 17:41:00,141
ORD4514,U670,R183,2026-04-17 11:44:00,690
ORD4515,U780,R152,2026-04-17 11:04:00,672
ORD4516,U703,R157,2026-04-17 13:02:00,215
ORD4517,U665,R113,2026-04-17 10:25:00,340
ORD4518,U5,R103,2026-04-17 16:33:00,337
ORD4519,U268,R195,2026-04-17 15:26:00,680
ORD4520,U414,R37,2026-04-17 10:53:00,739
ORD4521,U691,R30,2026-04-17 12:37:00,524
ORD4522,U488,R180,2026-04-17 11:02:00,681
ORD4523,U659,R195,2026-04-17 14:28:00,782
ORD4524,U419,R190,2026-04-17 14:53:00,405
ORD4525,U892,R121,2026-04-17 14:35:00,138
ORD4526,U99,R54,2026-04-17 14:40:00,460
ORD4527,U266,R12,2026-04-17 17:41:00,214
ORD4528,U213,R145,2026-04-17 13:35:00,235
ORD4529,U781,R98,2026-04-17 13:13:00,754
ORD4530,U102,R3,2026-04-17 14:56:00,644
ORD4531,U635,R81,2026-04-17 11:05:00,311
ORD4532,U988,R108,2026-04-17 16:11:00,600
ORD4533,U818,R159,2026-04-17 16:52:00,385
ORD4534,U527,R104,2026-04-17 12:50:00,171
ORD4535,U686,R128,2026-04-17 10:34:00,242
ORD4536,U559,R118,2026-04-17 13:34:00,457
ORD4537,U256,R49,2026-04-17 14:52:00,795
ORD4538,U541,R28,2026-04-17 10:46:00,196
ORD4539,U646,R170,2026-04-17 16:37:00,359
ORD4540,U543,R163,2026-04-17 19:33:00,185
ORD4541,U39,R149,2026-04-17 19:37:00,248
ORD4542,U902,R165,2026-04-17 18:09:00,542
ORD4543,U527,R13,2026-04-17 17:40:00,329
ORD4544,U482,R100,2026-04-17 10:27:00,631
ORD4545,U470,R11,2026-04-17 19:14:00,118
ORD4546,U218,R109,2026-04-17 17:21:00,579
ORD4547,U301,R124,2026-04-17 10:31:00,411
ORD4548,U418,R189,2026-04-17 18:23:00,486
ORD4549,U84,R146,2026-04-17 18:17:00,470
ORD4550,U543,R90,2026-04-17 13:20:00,679
ORD4551,U352,R118,2026-04-17 18:26:00,602
ORD4552,U939,R87,2026-04-17 16:04:00,392
ORD4553,U91,R66,2026-04-17 11:45:00,102
ORD4554,U907,R146,2026-04-17 15:15:00,716
ORD4555,U404,R42,2026-04-17 14:47:00,142
ORD4556,U278,R186,2026-04-17 16:23:00,678
ORD4557,U357,R78,2026-04-17 17:26:00,403
ORD4558,U116,R147,2026-04-17 12:39:00,352
ORD4559,U184,R149,2026-04-17 14:41:00,149
ORD4560,U604,R8,2026-04-17 13:32:00,501
ORD4561,U577,R70,2026-04-17 18:37:00,566
ORD4562,U867,R160,2026-04-17 14:09:00,433
ORD4563,U208,R96,2026-04-17 10:46:00,748
ORD4564,U428,R43,2026-04-17 16:12:00,696
ORD4565,U331,R91,2026-04-17 10:54:00,530
ORD4566,U947,R62,2026-04-17 16:10:00,597
ORD4567,U385,R104,2026-04-17 10:37:00,220
ORD4568,U532,R181,2026-04-17 12:58:00,197
ORD4569,U499,R32,2026-04-17 18:29:00,589
ORD4570,U55,R155,2026-04-17 17:16:00,346
ORD4571,U398,R63,2026-04-17 17:49:00,795
ORD4572,U27,R106,2026-04-17 13:21:00,564
ORD4573,U980,R100,2026-04-17 15:45:00,499
ORD4574,U118,R33,2026-04-17 18:21:00,172
ORD4575,U49,R99,2026-04-17 11:34:00,411
ORD4576,U654,R166,2026-04-17 12:51:00,202
ORD4577,U383,R41,2026-04-17 11:10:00,650
ORD4578,U81,R153,2026-04-17 12:38:00,520
ORD4579,U929,R179,2026-04-17 18:04:00,477
ORD4580,U699,R39,2026-04-17 19:05:00,549
ORD4581,U948,R110,2026-04-17 16:49:00,431
ORD4582,U502,R95,2026-04-17 15:57:00,516
ORD4583,U514,R139,2026-04-17 15:55:00,622
ORD4584,U95,R49,2026-04-17 11:41:00,127
ORD4585,U495,R198,2026-04-17 14:30:00,518
ORD4586,U97,R46,2026-04-17 19:08:00,738
ORD4587,U536,R181,2026-04-17 10:52:00,446
ORD4588,U957,R155,2026-04-17 10:53:00,286
ORD4589,U592,R9,2026-04-17 12:45:00,253
ORD4590,U847,R76,2026-04-17 15:32:00,539
ORD4591,U515,R162,2026-04-17 16:38:00,460
ORD4592,U61,R131,2026-04-17 19:39:00,196
ORD4593,U17,R188,2026-04-17 13:16:00,250
ORD4594,U111,R144,2026-04-17 18:12:00,416
ORD4595,U502,R152,2026-04-17 19:05:00,325
ORD4596,U224,R77,2026-04-17 17:58:00,600
ORD4597,U623,R10,2026-04-17 16:04:00,400
ORD4598,U743,R5,2026-04-17 18:37:00,618
ORD4599,U424,R138,2026-04-17 18:37:00,438
ORD4600,U802,R177,2026-04-17 17:24:00,700
ORD4601,U203,R108,2026-04-17 10:16:00,139
ORD4602,U342,R170,2026-04-17 17:24:00,745
ORD4603,U477,R159,2026-04-17 11:20:00,755
ORD4604,U477,R1,2026-04-17 19:32:00,732
ORD4605,U725,R89,2026-04-17 11:18:00,168
ORD4606,U814,R65,2026-04-17 15:15:00,612
ORD4607,U489,R7,2026-04-17 13:19:00,240
ORD4608,U542,R148,2026-04-17 19:53:00,570
ORD4609,U278,R159,2026-04-17 14:55:00,152
ORD4610,U830,R179,2026-04-17 17:13:00,605
ORD4611,U683,R114,2026-04-17 12:45:00,195
ORD4612,U987,R110,2026-04-17 13:21:00,651
ORD4613,U247,R172,2026-04-17 16:04:00,211
ORD4614,U925,R134,2026-04-17 15:58:00,244
ORD4615,U689,R176,2026-04-17 17:58:00,246
ORD4616,U307,R61,2026-04-17 15:44:00,354
ORD4617,U277,R168,2026-04-17 14:59:00,568
ORD4618,U827,R11,2026-04-17 12:12:00,720
ORD4619,U317,R116,2026-04-17 11:10:00,346
ORD4620,U110,R183,2026-04-17 16:15:00,799
ORD4621,U894,R24,2026-04-17 17:56:00,476
ORD4622,U219,R176,2026-04-17 11:38:00,407
ORD4623,U128,R34,2026-04-17 13:31:00,492
ORD4624,U956,R36,2026-04-17 15:26:00,674
ORD4625,U526,R185,2026-04-17 14:26:00,196
ORD4626,U245,R26,2026-04-17 17:43:00,688
ORD4627,U423,R184,2026-04-17 13:34:00,398
ORD4628,U871,R93,2026-04-17 18:58:00,770
ORD4629,U782,R40,2026-04-17 11:31:00,268
ORD4630,U317,R169,2026-04-17 13:11:00,755
ORD4631,U283,R15,2026-04-17 19:10:00,465
ORD4632,U251,R91,2026-04-17 14:00:00,390
ORD4633,U41,R30,2026-04-17 11:06:00,410
ORD4634,U321,R61,2026-04-17 14:12:00,414
ORD4635,U738,R113,2026-04-17 19:13:00,120
ORD4636,U270,R124,2026-04-17 16:03:00,751
ORD4637,U640,R107,2026-04-17 11:24:00,125
ORD4638,U434,R48,2026-04-17 16:37:00,420
ORD4639,U684,R157,2026-04-17 11:27:00,433
ORD4640,U894,R81,2026-04-17 10:53:00,758
ORD4641,U848,R185,2026-04-17 16:07:00,480
ORD4642,U531,R142,2026-04-17 16:35:00,316
ORD4643,U618,R142,2026-04-17 11:44:00,251
ORD4644,U671,R37,2026-04-17 17:31:00,438
ORD4645,U589,R199,2026-04-17 17:42:00,524
ORD4646,U487,R129,2026-04-17 16:34:00,508
ORD4647,U958,R112,2026-04-17 14:41:00,746
ORD4648,U75,R159,2026-04-17 14:28:00,550
ORD4649,U83,R86,2026-04-17 17:04:00,482
ORD4650,U293,R118,2026-04-17 12:20:00,327
ORD4651,U490,R62,2026-04-17 13:03:00,548
ORD4652,U955,R49,2026-04-17 19:21:00,141
ORD4653,U969,R157,2026-04-17 15:22:00,438
ORD4654,U859,R82,2026-04-17 14:34:00,473
ORD4655,U334,R160,2026-04-17 18:36:00,797
ORD4656,U122,R140,2026-04-17 15:50:00,115
ORD4657,U201,R81,2026-04-17 14:12:00,672
ORD4658,U628,R127,2026-04-17 15:09:00,286
ORD4659,U946,R192,2026-04-17 10:14:00,170
ORD4660,U614,R48,2026-04-17 14:49:00,154
ORD4661,U609,R33,2026-04-17 13:25:00,551
ORD4662,U989,R151,2026-04-17 17:56:00,120
ORD4663,U31,R160,2026-04-17 19:02:00,668
ORD4664,U907,R198,2026-04-17 16:05:00,109
ORD4665,U243,R199,2026-04-17 15:58:00,598
ORD4666,U202,R78,2026-04-17 19:38:00,369
ORD4667,U70,R66,2026-04-17 19:20:00,213
ORD4668,U640,R143,2026-04-17 16:30:00,459
ORD4669,U657,R68,2026-04-17 19:43:00,381
ORD4670,U254,R162,2026-04-17 17:04:00,740
ORD4671,U143,R190,2026-04-17 11:27:00,257
ORD4672,U232,R58,2026-04-17 15:17:00,615
ORD4673,U411,R84,2026-04-17 13:03:00,534
ORD4674,U943,R13,2026-04-17 11:57:00,450
ORD4675,U730,R6,2026-04-17 14:50:00,166
ORD4676,U464,R24,2026-04-17 11:48:00,293
ORD4677,U60,R65,2026-04-17 18:45:00,677
ORD4678,U660,R142,2026-04-17 16:07:00,501
ORD4679,U529,R119,2026-04-17 17:05:00,192
ORD4680,U530,R169,2026-04-17 19:00:00,583
ORD4681,U572,R83,2026-04-17 15:42:00,758
ORD4682,U508,R25,2026-04-17 10:38:00,796
ORD4683,U638,R181,2026-04-17 15:46:00,542
ORD4684,U701,R192,2026-04-17 11:04:00,281
ORD4685,U852,R16,2026-04-17 15:02:00,316
ORD4686,U213,R134,2026-04-17 12:59:00,322
ORD4687,U922,R173,2026-04-17 15:50:00,373
ORD4688,U755,R28,2026-04-17 14:47:00,328
ORD4689,U818,R8,2026-04-17 19:44:00,680
ORD4690,U619,R106,2026-04-17 10:23:00,349
ORD4691,U521,R136,2026-04-17 16:00:00,239
ORD4692,U703,R80,2026-04-17 16:36:00,784
ORD4693,U132,R168,2026-04-17 17:13:00,755
ORD4694,U94,R4,2026-04-17 15:14:00,360
ORD4695,U335,R93,2026-04-17 11:05:00,569
ORD4696,U893,R36,2026-04-17 12:30:00,211
ORD4697,U850,R51,2026-04-17 10:36:00,478
ORD4698,U796,R78,2026-04-17 18:43:00,100
ORD4699,U255,R129,2026-04-17 11:54:00,729
ORD4700,U124,R45,2026-04-17 14:00:00,770
ORD4701,U779,R172,2026-04-17 11:56:00,236
ORD4702,U562,R105,2026-04-17 10:48:00,112
ORD4703,U589,R50,2026-04-17 19:14:00,268
ORD4704,U401,R171,2026-04-17 10:04:00,210
ORD4705,U725,R77,2026-04-17 18:48:00,793
ORD4706,U492,R101,2026-04-17 19:23:00,122
ORD4707,U429,R158,2026-04-17 19:38:00,216
ORD4708,U104,R105,2026-04-17 12:54:00,285
ORD4709,U16,R76,2026-04-17 14:24:00,406
ORD4710,U431,R76,2026-04-17 19:11:00,643
ORD4711,U694,R144,2026-04-17 13:07:00,765
ORD4712,U520,R2,2026-04-17 11:04:00,444
ORD4713,U129,R140,2026-04-17 12:46:00,504
ORD4714,U282,R147,2026-04-17 18:20:00,533
ORD4715,U474,R124,2026-04-17 18:51:00,164
ORD4716,U571,R88,2026-04-17 18:57:00,430
ORD4717,U284,R191,2026-04-17 19:39:00,548
ORD4718,U842,R16,2026-04-17 10:55:00,241
ORD4719,U753,R101,2026-04-17 18:16:00,329
ORD4720,U364,R37,2026-04-17 14:55:00,169
ORD4721,U679,R197,2026-04-17 16:04:00,379
ORD4722,U3,R97,2026-04-17 16:16:00,532
ORD4723,U197,R89,2026-04-17 14:48:00,309
ORD4724,U557,R118,2026-04-17 17:06:00,393
ORD4725,U437,R120,2026-04-17 18:50:00,769
ORD4726,U756,R76,2026-04-17 12:55:00,782
ORD4727,U807,R181,2026-04-17 10:22:00,357
ORD4728,U545,R99,2026-04-17 17:41:00,241
ORD4729,U326,R74,2026-04-17 18:27:00,440
ORD4730,U977,R95,2026-04-17 16:31:00,789
ORD4731,U468,R14,2026-04-17 11:08:00,265
ORD4732,U404,R50,2026-04-17 13:08:00,614
ORD4733,U918,R27,2026-04-17 10:03:00,266
ORD4734,U338,R84,2026-04-17 17:02:00,402
ORD4735,U879,R55,2026-04-17 10:12:00,615
ORD4736,U431,R8,2026-04-17 18:02:00,466
ORD4737,U358,R5,2026-04-17 13:43:00,615
ORD4738,U856,R134,2026-04-17 15:07:00,208
ORD4739,U212,R72,2026-04-17 18:04:00,167
ORD4740,U95,R62,2026-04-17 12:09:00,534
ORD4741,U265,R54,2026-04-17 17:43:00,433
ORD4742,U797,R48,2026-04-17 16:19:00,469
ORD4743,U200,R109,2026-04-17 13:17:00,738
ORD4744,U911,R1,2026-04-17 13:15:00,628
ORD4745,U358,R136,2026-04-17 13:46:00,395
ORD4746,U744,R182,2026-04-17 19:50:00,458
ORD4747,U951,R78,2026-04-17 14:22:00,623
ORD4748,U703,R88,2026-04-17 19:58:00,121
ORD4749,U363,R41,2026-04-17 14:17:00,595
ORD4750,U39,R81,2026-04-17 10:38:00,800
ORD4751,U496,R48,2026-04-17 10:03:00,697
ORD4752,U878,R34,2026-04-17 15:10:00,150
ORD4753,U512,R62,2026-04-17 14:37:00,230
ORD4754,U431,R142,2026-04-17 13:02:00,158
ORD4755,U917,R49,2026-04-17 19:07:00,726
ORD4756,U656,R187,2026-04-17 18:11:00,243
ORD4757,U612,R184,2026-04-17 17:16:00,631
ORD4758,U121,R54,2026-04-17 11:20:00,726
ORD4759,U610,R121,2026-04-17 14:36:00,699
ORD4760,U27,R144,2026-04-17 14:25:00,630
ORD4761,U318,R143,2026-04-17 12:46:00,538
ORD4762,U784,R28,2026-04-17 12:30:00,237
ORD4763,U23,R31,2026-04-17 15:15:00,543
ORD4764,U410,R145,2026-04-17 11:25:00,119
ORD4765,U373,R118,2026-04-17 16:12:00,523
ORD4766,U864,R90,2026-04-17 10:06:00,202
ORD4767,U864,R138,2026-04-17 13:49:00,174
ORD4768,U299,R132,2026-04-17 11:46:00,556
ORD4769,U275,R18,2026-04-17 12:06:00,354
ORD4770,U690,R147,2026-04-17 11:29:00,799
ORD4771,U970,R167,2026-04-17 18:19:00,247
ORD4772,U649,R53,2026-04-17 16:51:00,347
ORD4773,U669,R109,2026-04-17 15:10:00,299
ORD4774,U781,R184,2026-04-17 11:43:00,158
ORD4775,U204,R59,2026-04-17 17:21:00,144
ORD4776,U475,R145,2026-04-17 19:07:00,312
ORD4777,U577,R178,2026-04-17 11:26:00,731
ORD4778,U508,R43,2026-04-17 12:47:00,395
ORD4779,U341,R181,2026-04-17 10:28:00,736
ORD4780,U697,R19,2026-04-17 18:26:00,646
ORD4781,U888,R99,2026-04-17 11:57:00,790
ORD4782,U94,R4,2026-04-17 12:32:00,609
ORD4783,U843,R129,2026-04-17 17:16:00,525
ORD4784,U536,R118,2026-04-17 13:37:00,337
ORD4785,U926,R136,2026-04-17 12:18:00,331
ORD4786,U990,R166,2026-04-17 11:40:00,510
ORD4787,U210,R39,2026-04-17 11:49:00,230
ORD4788,U841,R50,2026-04-17 19:33:00,546
ORD4789,U233,R139,2026-04-17 16:36:00,171
ORD4790,U946,R91,2026-04-17 14:29:00,111
ORD4791,U982,R74,2026-04-17 11:21:00,319
ORD4792,U105,R4,2026-04-17 15:30:00,472
ORD4793,U395,R119,2026-04-17 16:57:00,299
ORD4794,U447,R145,2026-04-17 16:33:00,308
ORD4795,U755,R60,2026-04-17 14:52:00,297
ORD4796,U643,R177,2026-04-17 13:39:00,235
ORD4797,U761,R74,2026-04-17 16:46:00,745
ORD4798,U674,R182,2026-04-17 15:48:00,455
ORD4799,U681,R118,2026-04-17 10:07:00,410
ORD4800,U9,R152,2026-04-17 15:24:00,482
ORD4801,U758,R58,2026-04-17 16:16:00,573
ORD4802,U224,R87,2026-04-17 16:50:00,696
ORD4803,U68,R135,2026-04-17 17:21:00,641
ORD4804,U168,R183,2026-04-17 10:23:00,751
ORD4805,U233,R74,2026-04-17 11:46:00,198
ORD4806,U172,R119,2026-04-17 16:31:00,592
ORD4807,U426,R94,2026-04-17 15:56:00,654
ORD4808,U476,R134,2026-04-17 10:28:00,505
ORD4809,U163,R91,2026-04-17 16:53:00,144
ORD4810,U941,R146,2026-04-17 13:01:00,752
ORD4811,U771,R151,2026-04-17 14:41:00,590
ORD4812,U706,R56,2026-04-17 11:53:00,376
ORD4813,U803,R123,2026-04-17 15:58:00,408
ORD4814,U210,R82,2026-04-17 16:01:00,362
ORD4815,U719,R88,2026-04-17 18:24:00,683
ORD4816,U313,R82,2026-04-17 16:56:00,552
ORD4817,U816,R123,2026-04-17 15:10:00,446
ORD4818,U231,R84,2026-04-17 17:35:00,530
ORD4819,U900,R143,2026-04-17 19:16:00,384
ORD4820,U707,R92,2026-04-17 11:41:00,517
ORD4821,U602,R117,2026-04-17 16:59:00,725
ORD4822,U483,R64,2026-04-17 16:54:00,385
ORD4823,U499,R109,2026-04-17 19:19:00,330
ORD4824,U586,R87,2026-04-17 15:55:00,387
ORD4825,U560,R162,2026-04-17 17:18:00,626
ORD4826,U121,R193,2026-04-17 19:10:00,444
ORD4827,U427,R17,2026-04-17 12:16:00,307
ORD4828,U290,R140,2026-04-17 10:52:00,672
ORD4829,U948,R45,2026-04-17 13:06:00,765
ORD4830,U424,R152,2026-04-17 18:07:00,688
ORD4831,U944,R94,2026-04-17 14:51:00,758
ORD4832,U389,R150,2026-04-17 19:15:00,409
ORD4833,U34,R153,2026-04-17 14:37:00,332
ORD4834,U239,R18,2026-04-17 14:56:00,114
ORD4835,U68,R94,2026-04-17 18:13:00,578
ORD4836,U781,R118,2026-04-17 17:03:00,470
ORD4837,U878,R94,2026-04-17 17:16:00,578
ORD4838,U117,R25,2026-04-17 14:16:00,510
ORD4839,U541,R137,2026-04-17 17:52:00,144
ORD4840,U277,R191,2026-04-17 14:27:00,150
ORD4841,U824,R73,2026-04-17 15:00:00,430
ORD4842,U780,R171,2026-04-17 13:50:00,799
ORD4843,U74,R143,2026-04-17 16:45:00,711
ORD4844,U851,R1,2026-04-17 17:12:00,790
ORD4845,U688,R89,2026-04-17 13:33:00,231
ORD4846,U797,R154,2026-04-17 12:05:00,606
ORD4847,U741,R3,2026-04-17 10:12:00,644
ORD4848,U314,R116,2026-04-17 17:51:00,567
ORD4849,U502,R194,2026-04-17 14:37:00,615
ORD4850,U506,R54,2026-04-17 14:31:00,104
ORD4851,U767,R64,2026-04-17 15:53:00,753
ORD4852,U572,R94,2026-04-17 18:48:00,166
ORD4853,U593,R15,2026-04-17 17:26:00,759
ORD4854,U163,R125,2026-04-17 12:24:00,674
ORD4855,U592,R146,2026-04-17 12:50:00,728
ORD4856,U744,R27,2026-04-17 17:12:00,455
ORD4857,U128,R22,2026-04-17 10:58:00,626
ORD4858,U329,R33,2026-04-17 14:04:00,181
ORD4859,U651,R177,2026-04-17 13:36:00,178
ORD4860,U687,R117,2026-04-17 12:32:00,791
ORD4861,U94,R10,2026-04-17 18:23:00,615
ORD4862,U972,R148,2026-04-17 17:10:00,213
ORD4863,U893,R60,2026-04-17 16:45:00,247
ORD4864,U33,R138,2026-04-17 10:56:00,602
ORD4865,U599,R20,2026-04-17 19:10:00,497
ORD4866,U222,R26,2026-04-17 15:51:00,713
ORD4867,U53,R194,2026-04-17 13:49:00,788
ORD4868,U385,R169,2026-04-17 16:33:00,652
ORD4869,U145,R153,2026-04-17 11:26:00,710
ORD4870,U975,R30,2026-04-17 12:53:00,687
ORD4871,U807,R52,2026-04-17 19:23:00,160
ORD4872,U819,R103,2026-04-17 11:26:00,541
ORD4873,U942,R136,2026-04-17 10:36:00,486
ORD4874,U361,R74,2026-04-17 19:28:00,257
ORD4875,U779,R134,2026-04-17 14:18:00,108
ORD4876,U387,R104,2026-04-17 16:50:00,424
ORD4877,U150,R166,2026-04-17 16:46:00,174
ORD4878,U725,R113,2026-04-17 11:31:00,228
ORD4879,U29,R193,2026-04-17 12:01:00,730
ORD4880,U622,R164,2026-04-17 19:24:00,553
ORD4881,U16,R120,2026-04-17 10:43:00,473
ORD4882,U126,R36,2026-04-17 14:27:00,793
ORD4883,U932,R46,2026-04-17 12:25:00,625
ORD4884,U879,R90,2026-04-17 14:29:00,268
ORD4885,U790,R14,2026-04-17 13:44:00,694
ORD4886,U292,R30,2026-04-17 15:12:00,272
ORD4887,U828,R101,2026-04-17 19:49:00,710
ORD4888,U532,R12,2026-04-17 14:29:00,468
ORD4889,U188,R172,2026-04-17 12:53:00,754
ORD4890,U227,R95,2026-04-17 16:58:00,510
ORD4891,U286,R107,2026-04-17 18:45:00,607
ORD4892,U736,R42,2026-04-17 15:31:00,767
ORD4893,U780,R176,2026-04-17 15:32:00,277
ORD4894,U211,R117,2026-04-17 16:38:00,686
ORD4895,U7,R6,2026-04-17 16:08:00,267
ORD4896,U834,R69,2026-04-17 15:48:00,718
ORD4897,U385,R49,2026-04-17 16:46:00,395
ORD4898,U363,R102,2026-04-17 12:43:00,196
ORD4899,U225,R8,2026-04-17 18:05:00,669
ORD4900,U570,R4,2026-04-17 17:47:00,694
ORD4901,U978,R172,2026-04-17 20:00:00,269
ORD4902,U153,R76,2026-04-17 19:06:00,459
ORD4903,U976,R151,2026-04-17 15:44:00,270
ORD4904,U390,R11,2026-04-17 13:54:00,305
ORD4905,U352,R76,2026-04-17 19:05:00,563
ORD4906,U983,R56,2026-04-17 17:33:00,140
ORD4907,U516,R112,2026-04-17 13:53:00,323
ORD4908,U527,R72,2026-04-17 14:33:00,499
ORD4909,U375,R30,2026-04-17 17:14:00,388
ORD4910,U871,R143,2026-04-17 17:22:00,200
ORD4911,U123,R74,2026-04-17 11:51:00,641
ORD4912,U141,R136,2026-04-17 17:34:00,363
ORD4913,U623,R152,2026-04-17 12:33:00,494
ORD4914,U514,R162,2026-04-17 12:27:00,692
ORD4915,U722,R150,2026-04-17 12:13:00,151
ORD4916,U183,R94,2026-04-17 12:27:00,416
ORD4917,U873,R90,2026-04-17 11:29:00,251
ORD4918,U189,R120,2026-04-17 16:28:00,373
ORD4919,U638,R9,2026-04-17 19:27:00,168
ORD4920,U738,R141,2026-04-17 19:12:00,180
ORD4921,U199,R20,2026-04-17 12:22:00,331
ORD4922,U535,R160,2026-04-17 16:39:00,492
ORD4923,U203,R122,2026-04-17 12:36:00,608
ORD4924,U473,R58,2026-04-17 12:12:00,609
ORD4925,U356,R160,2026-04-17 14:14:00,711
ORD4926,U934,R135,2026-04-17 16:51:00,487
ORD4927,U473,R155,2026-04-17 16:22:00,710
ORD4928,U428,R29,2026-04-17 11:15:00,791
ORD4929,U166,R108,2026-04-17 14:10:00,281
ORD4930,U631,R138,2026-04-17 15:16:00,731
ORD4931,U745,R177,2026-04-17 15:09:00,280
ORD4932,U953,R163,2026-04-17 13:54:00,311
ORD4933,U678,R117,2026-04-17 19:57:00,179
ORD4934,U809,R141,2026-04-17 10:41:00,297
ORD4935,U119,R20,2026-04-17 18:59:00,745
ORD4936,U466,R58,2026-04-17 18:24:00,398
ORD4937,U371,R46,2026-04-17 13:49:00,580
ORD4938,U994,R92,2026-04-17 13:17:00,441
ORD4939,U281,R53,2026-04-17 17:17:00,281
ORD4940,U966,R174,2026-04-17 14:46:00,541
ORD4941,U638,R29,2026-04-17 19:41:00,521
ORD4942,U627,R94,2026-04-17 15:28:00,475
ORD4943,U807,R73,2026-04-17 12:49:00,789
ORD4944,U791,R166,2026-04-17 11:48:00,613
ORD4945,U559,R25,2026-04-17 14:39:00,699
ORD4946,U223,R143,2026-04-17 17:40:00,110
ORD4947,U632,R185,2026-04-17 14:09:00,125
ORD4948,U761,R122,2026-04-17 15:32:00,759
ORD4949,U83,R159,2026-04-17 14:59:00,662
ORD4950,U697,R117,2026-04-17 14:53:00,355
ORD4951,U662,R122,2026-04-17 10:29:00,457
ORD4952,U902,R148,2026-04-17 20:00:00,772
ORD4953,U77,R90,2026-04-17 14:42:00,144
ORD4954,U716,R73,2026-04-17 11:24:00,400
ORD4955,U773,R129,2026-04-17 17:58:00,171
ORD4956,U721,R45,2026-04-17 11:33:00,563
ORD4957,U840,R142,2026-04-17 13:47:00,299
ORD4958,U765,R101,2026-04-17 12:10:00,267
ORD4959,U233,R44,2026-04-17 11:13:00,632
ORD4960,U523,R26,2026-04-17 11:53:00,550
ORD4961,U368,R76,2026-04-17 15:31:00,754
ORD4962,U760,R192,2026-04-17 13:18:00,247
ORD4963,U170,R158,2026-04-17 10:21:00,672
ORD4964,U411,R105,2026-04-17 17:19:00,589
ORD4965,U550,R131,2026-04-17 11:46:00,247
ORD4966,U549,R24,2026-04-17 13:03:00,446
ORD4967,U684,R166,2026-04-17 19:58:00,630
ORD4968,U581,R76,2026-04-17 17:54:00,727
ORD4969,U15,R159,2026-04-17 13:03:00,611
ORD4970,U627,R80,2026-04-17 12:26:00,393
ORD4971,U830,R21,2026-04-17 10:34:00,784
ORD4972,U649,R16,2026-04-17 11:29:00,360
ORD4973,U927,R69,2026-04-17 11:52:00,123
ORD4974,U619,R17,2026-04-17 10:42:00,732
ORD4975,U565,R159,2026-04-17 13:58:00,232
ORD4976,U699,R171,2026-04-17 15:25:00,594
ORD4977,U928,R119,2026-04-17 13:56:00,613
ORD4978,U632,R61,2026-04-17 11:15:00,623
ORD4979,U946,R46,2026-04-17 14:22:00,313
ORD4980,U954,R69,2026-04-17 11:45:00,431
ORD4981,U825,R179,2026-04-17 13:36:00,463
ORD4982,U58,R3,2026-04-17 14:04:00,192
ORD4983,U726,R5,2026-04-17 19:12:00,653
ORD4984,U986,R40,2026-04-17 10:30:00,301
ORD4985,U745,R75,2026-04-17 18:34:00,354
ORD4986,U195,R118,2026-04-17 10:55:00,758
ORD4987,U571,R128,2026-04-17 17:18:00,166
ORD4988,U225,R134,2026-04-17 13:33:00,570
ORD4989,U728,R169,2026-04-17 16:09:00,274
ORD4990,U966,R72,2026-04-17 10:08:00,200
ORD4991,U85,R173,2026-04-17 19:42:00,167
ORD4992,U818,R164,2026-04-17 12:05:00,159
ORD4993,U783,R68,2026-04-17 16:17:00,196
ORD4994,U166,R115,2026-04-17 16:23:00,538
ORD4995,U748,R28,2026-04-17 12:39:00,698
ORD4996,U312,R128,2026-04-17 10:46:00,300
ORD4997,U60,R139,2026-04-17 19:15:00,354
ORD4998,U937,R80,2026-04-17 18:59:00,556
ORD4999,U921,R123,2026-04-17 16:53:00,679
ORD5000,U467,R178,2026-04-17 10:47:00,194
ORD5001,U250,R168,2026-04-17 19:30:00,430
ORD5002,U920,R200,2026-04-17 11:04:00,530
ORD5003,U52,R44,2026-04-17 18:29:00,154
ORD5004,U800,R143,2026-04-17 12:27:00,735
ORD5005,U625,R139,2026-04-17 18:30:00,628
ORD5006,U43,R121,2026-04-17 14:28:00,529
ORD5007,U435,R116,2026-04-17 14:38:00,706
ORD5008,U512,R86,2026-04-17 17:22:00,485
ORD5009,U46,R84,2026-04-17 13:16:00,655
ORD5010,U124,R75,2026-04-17 18:55:00,105
ORD5011,U448,R6,2026-04-17 19:04:00,487
ORD5012,U857,R144,2026-04-17 13:04:00,128
ORD5013,U884,R131,2026-04-17 16:38:00,796
ORD5014,U775,R68,2026-04-17 13:35:00,421
ORD5015,U778,R32,2026-04-17 11:05:00,730
ORD5016,U470,R96,2026-04-17 12:19:00,760
ORD5017,U999,R185,2026-04-17 14:42:00,494
ORD5018,U64,R95,2026-04-17 18:08:00,481
ORD5019,U665,R192,2026-04-17 10:34:00,343
ORD5020,U847,R146,2026-04-17 12:56:00,588
ORD5021,U16,R19,2026-04-17 12:21:00,357
ORD5022,U790,R12,2026-04-17 18:24:00,742
ORD5023,U643,R199,2026-04-17 12:55:00,526
ORD5024,U61,R79,2026-04-17 13:44:00,156
ORD5025,U798,R45,2026-04-17 15:03:00,796
ORD5026,U702,R177,2026-04-17 17:16:00,150
ORD5027,U910,R162,2026-04-17 19:15:00,683
ORD5028,U967,R34,2026-04-17 11:28:00,538
ORD5029,U144,R97,2026-04-17 12:30:00,600
ORD5030,U57,R30,2026-04-17 18:40:00,301
ORD5031,U882,R38,2026-04-17 15:28:00,691
ORD5032,U787,R108,2026-04-17 12:02:00,651
ORD5033,U177,R77,2026-04-17 19:37:00,763
ORD5034,U212,R121,2026-04-17 18:50:00,283
ORD5035,U422,R158,2026-04-17 16:16:00,175
ORD5036,U733,R84,2026-04-17 13:29:00,318
ORD5037,U753,R76,2026-04-17 11:27:00,383
ORD5038,U368,R142,2026-04-17 18:31:00,331
ORD5039,U980,R47,2026-04-17 11:47:00,343
ORD5040,U948,R77,2026-04-17 12:10:00,299
ORD5041,U152,R148,2026-04-17 12:20:00,368
ORD5042,U662,R46,2026-04-17 17:40:00,673
ORD5043,U926,R185,2026-04-17 15:17:00,554
ORD5044,U715,R167,2026-04-17 19:16:00,674
ORD5045,U137,R178,2026-04-17 13:39:00,170
ORD5046,U490,R181,2026-04-17 16:48:00,791
ORD5047,U116,R177,2026-04-17 16:33:00,675
ORD5048,U665,R58,2026-04-17 10:48:00,290
ORD5049,U451,R86,2026-04-17 10:08:00,303
ORD5050,U778,R187,2026-04-17 19:34:00,184
ORD5051,U787,R103,2026-04-17 14:53:00,703
ORD5052,U885,R68,2026-04-17 14:09:00,451
ORD5053,U261,R47,2026-04-17 18:13:00,192
ORD5054,U549,R167,2026-04-17 17:37:00,455
ORD5055,U878,R127,2026-04-17 16:34:00,530
ORD5056,U890,R30,2026-04-17 15:17:00,182
ORD5057,U122,R74,2026-04-17 18:00:00,788
ORD5058,U312,R30,2026-04-17 11:43:00,660
ORD5059,U379,R128,2026-04-17 19:04:00,461
ORD5060,U757,R109,2026-04-17 16:19:00,697
ORD5061,U623,R4,2026-04-17 13:35:00,602
ORD5062,U523,R109,2026-04-17 10:13:00,697
ORD5063,U678,R67,2026-04-17 10:38:00,142
ORD5064,U559,R197,2026-04-17 17:30:00,547
ORD5065,U686,R89,2026-04-17 14:52:00,357
ORD5066,U843,R59,2026-04-17 17:48:00,518
ORD5067,U17,R5,2026-04-17 18:44:00,524
ORD5068,U336,R161,2026-04-17 18:07:00,350
ORD5069,U755,R139,2026-04-17 17:47:00,374
ORD5070,U143,R103,2026-04-17 10:45:00,124
ORD5071,U231,R75,2026-04-17 19:51:00,293
ORD5072,U621,R132,2026-04-17 18:11:00,299
ORD5073,U568,R73,2026-04-17 19:35:00,597
ORD5074,U642,R188,2026-04-17 11:28:00,603
ORD5075,U108,R17,2026-04-17 16:15:00,687
ORD5076,U704,R98,2026-04-17 19:58:00,348
ORD5077,U155,R183,2026-04-17 15:28:00,279
ORD5078,U615,R44,2026-04-17 12:08:00,397
ORD5079,U4,R141,2026-04-17 19:51:00,608
ORD5080,U241,R168,2026-04-17 11:24:00,273
ORD5081,U292,R126,2026-04-17 15:36:00,234
ORD5082,U985,R185,2026-04-17 17:58:00,463
ORD5083,U515,R88,2026-04-17 13:46:00,309
ORD5084,U885,R153,2026-04-17 19:41:00,579
ORD5085,U687,R64,2026-04-17 19:58:00,340
ORD5086,U433,R115,2026-04-17 19:17:00,101
ORD5087,U380,R23,2026-04-17 14:40:00,219
ORD5088,U412,R138,2026-04-17 11:36:00,300
ORD5089,U360,R105,2026-04-17 17:19:00,492
ORD5090,U129,R155,2026-04-17 11:36:00,793
ORD5091,U730,R92,2026-04-17 11:02:00,473
ORD5092,U869,R44,2026-04-17 15:49:00,296
ORD5093,U245,R33,2026-04-17 13:47:00,659
ORD5094,U172,R117,2026-04-17 15:04:00,326
ORD5095,U828,R10,2026-04-17 10:22:00,661
ORD5096,U479,R96,2026-04-17 12:21:00,453
ORD5097,U923,R109,2026-04-17 12:58:00,763
ORD5098,U873,R58,2026-04-17 14:07:00,100
ORD5099,U164,R37,2026-04-17 16:02:00,686
ORD5100,U718,R154,2026-04-17 12:20:00,620
ORD5101,U219,R63,2026-04-17 11:12:00,438
ORD5102,U241,R110,2026-04-17 10:40:00,590
ORD5103,U893,R20,2026-04-17 10:49:00,797
ORD5104,U357,R10,2026-04-17 19:41:00,120
ORD5105,U706,R95,2026-04-17 17:38:00,604
ORD5106,U332,R107,2026-04-17 11:24:00,686
ORD5107,U170,R57,2026-04-17 17:27:00,136
ORD5108,U964,R123,2026-04-17 17:03:00,667
ORD5109,U781,R153,2026-04-17 14:54:00,575
ORD5110,U637,R124,2026-04-17 10:55:00,777
ORD5111,U307,R187,2026-04-17 17:22:00,203
ORD5112,U911,R145,2026-04-17 10:43:00,333
ORD5113,U657,R57,2026-04-17 14:41:00,689
ORD5114,U1000,R184,2026-04-17 17:31:00,270
ORD5115,U287,R56,2026-04-17 18:59:00,461
ORD5116,U647,R74,2026-04-17 18:29:00,783
ORD5117,U483,R156,2026-04-17 17:59:00,686
ORD5118,U620,R162,2026-04-17 19:29:00,368
ORD5119,U581,R60,2026-04-17 14:40:00,208
ORD5120,U231,R146,2026-04-17 16:31:00,617
ORD5121,U681,R162,2026-04-17 17:56:00,147
ORD5122,U865,R43,2026-04-17 16:13:00,289
ORD5123,U807,R25,2026-04-17 19:40:00,116
ORD5124,U228,R34,2026-04-17 15:20:00,554
ORD5125,U160,R192,2026-04-17 12:18:00,101
ORD5126,U135,R12,2026-04-17 12:38:00,141
ORD5127,U988,R159,2026-04-17 10:38:00,353
ORD5128,U60,R135,2026-04-17 14:23:00,296
ORD5129,U302,R61,2026-04-17 12:42:00,259
ORD5130,U146,R44,2026-04-17 19:23:00,424
ORD5131,U114,R62,2026-04-17 14:04:00,792
ORD5132,U94,R136,2026-04-17 11:49:00,628
ORD5133,U145,R18,2026-04-17 17:59:00,716
ORD5134,U993,R64,2026-04-17 10:24:00,228
ORD5135,U837,R32,2026-04-17 15:41:00,460
ORD5136,U540,R109,2026-04-17 11:13:00,220
ORD5137,U746,R198,2026-04-17 11:50:00,537
ORD5138,U775,R53,2026-04-17 16:35:00,722
ORD5139,U771,R88,2026-04-17 15:54:00,575
ORD5140,U603,R52,2026-04-17 17:51:00,369
ORD5141,U608,R26,2026-04-17 15:24:00,371
ORD5142,U696,R112,2026-04-17 10:49:00,269
ORD5143,U827,R127,2026-04-17 18:26:00,366
ORD5144,U935,R9,2026-04-17 17:59:00,604
ORD5145,U519,R37,2026-04-17 17:59:00,771
ORD5146,U684,R161,2026-04-17 19:06:00,652
ORD5147,U984,R183,2026-04-17 12:23:00,386
ORD5148,U890,R103,2026-04-17 10:36:00,157
ORD5149,U692,R94,2026-04-17 18:11:00,267
ORD5150,U214,R179,2026-04-17 19:22:00,379
ORD5151,U38,R32,2026-04-17 18:24:00,165
ORD5152,U747,R42,2026-04-17 10:09:00,211
ORD5153,U990,R175,2026-04-17 16:50:00,503
ORD5154,U670,R109,2026-04-17 10:19:00,763
ORD5155,U486,R124,2026-04-17 10:23:00,299
ORD5156,U431,R93,2026-04-17 17:35:00,772
ORD5157,U274,R16,2026-04-17 19:40:00,782
ORD5158,U1000,R150,2026-04-17 11:00:00,785
ORD5159,U250,R35,2026-04-17 19:42:00,449
ORD5160,U217,R71,2026-04-17 18:26:00,536
ORD5161,U673,R61,2026-04-17 19:54:00,380
ORD5162,U695,R122,2026-04-17 11:55:00,225
ORD5163,U640,R154,2026-04-17 19:53:00,448
ORD5164,U133,R140,2026-04-17 14:04:00,564
ORD5165,U866,R79,2026-04-17 10:11:00,321
ORD5166,U148,R49,2026-04-17 15:50:00,249
ORD5167,U228,R18,2026-04-17 17:10:00,295
ORD5168,U831,R158,2026-04-17 17:19:00,415
ORD5169,U159,R15,2026-04-17 17:58:00,215
ORD5170,U492,R85,2026-04-17 11:29:00,582
ORD5171,U821,R182,2026-04-17 15:56:00,733
ORD5172,U217,R48,2026-04-17 10:24:00,265
ORD5173,U956,R75,2026-04-17 14:42:00,697
ORD5174,U87,R194,2026-04-17 10:59:00,781
ORD5175,U141,R9,2026-04-17 12:47:00,336
ORD5176,U476,R7,2026-04-17 18:42:00,469
ORD5177,U529,R157,2026-04-17 15:30:00,161
ORD5178,U53,R42,2026-04-17 13:10:00,721
ORD5179,U839,R20,2026-04-17 17:19:00,291
ORD5180,U485,R32,2026-04-17 16:05:00,685
ORD5181,U918,R97,2026-04-17 10:39:00,318
ORD5182,U776,R66,2026-04-17 10:10:00,321
ORD5183,U814,R91,2026-04-17 15:59:00,184
ORD5184,U914,R126,2026-04-17 18:22:00,623
ORD5185,U534,R1,2026-04-17 11:43:00,127
ORD5186,U633,R104,2026-04-17 12:34:00,271
ORD5187,U620,R68,2026-04-17 18:27:00,757
ORD5188,U368,R126,2026-04-17 17:44:00,638
ORD5189,U679,R1,2026-04-17 19:06:00,770
ORD5190,U243,R179,2026-04-17 11:06:00,652
ORD5191,U981,R121,2026-04-17 16:35:00,261
ORD5192,U69,R86,2026-04-17 18:10:00,186
ORD5193,U182,R107,2026-04-17 12:50:00,718
ORD5194,U664,R134,2026-04-17 18:44:00,290
ORD5195,U280,R119,2026-04-17 18:40:00,197
ORD5196,U83,R6,2026-04-17 16:01:00,680
ORD5197,U178,R78,2026-04-17 19:50:00,736
ORD5198,U127,R70,2026-04-17 11:22:00,751
ORD5199,U876,R124,2026-04-17 13:50:00,526
ORD5200,U580,R40,2026-04-17 19:06:00,756
ORD5201,U923,R137,2026-04-17 14:59:00,507
ORD5202,U977,R89,2026-04-17 14:48:00,150
ORD5203,U549,R82,2026-04-17 19:23:00,461
ORD5204,U807,R58,2026-04-17 19:21:00,213
ORD5205,U771,R175,2026-04-17 18:56:00,795
ORD5206,U41,R51,2026-04-17 19:29:00,631
ORD5207,U943,R15,2026-04-17 18:27:00,773
ORD5208,U554,R115,2026-04-17 16:02:00,160
ORD5209,U404,R105,2026-04-17 13:47:00,264
ORD5210,U842,R103,2026-04-17 15:25:00,334
ORD5211,U478,R174,2026-04-17 19:05:00,628
ORD5212,U462,R84,2026-04-17 11:00:00,229
ORD5213,U174,R16,2026-04-17 14:40:00,236
ORD5214,U864,R168,2026-04-17 16:57:00,264
ORD5215,U405,R73,2026-04-17 12:55:00,794
ORD5216,U948,R29,2026-04-17 16:25:00,354
ORD5217,U45,R30,2026-04-17 16:17:00,437
ORD5218,U228,R188,2026-04-17 15:54:00,709
ORD5219,U818,R163,2026-04-17 11:25:00,590
ORD5220,U941,R15,2026-04-17 16:12:00,470
ORD5221,U101,R168,2026-04-17 13:59:00,166
ORD5222,U116,R173,2026-04-17 17:53:00,555
ORD5223,U904,R51,2026-04-17 15:24:00,702
ORD5224,U483,R126,2026-04-17 15:42:00,561
ORD5225,U780,R151,2026-04-17 14:45:00,188
ORD5226,U119,R42,2026-04-17 18:43:00,331
ORD5227,U502,R32,2026-04-17 13:23:00,180
ORD5228,U375,R146,2026-04-17 18:28:00,264
ORD5229,U487,R13,2026-04-17 18:03:00,479
ORD5230,U616,R192,2026-04-17 15:09:00,649
ORD5231,U268,R100,2026-04-17 14:11:00,455
ORD5232,U204,R150,2026-04-17 18:06:00,755
ORD5233,U835,R96,2026-04-17 12:41:00,551
ORD5234,U837,R21,2026-04-17 18:36:00,421
ORD5235,U998,R176,2026-04-17 12:48:00,523
ORD5236,U889,R131,2026-04-17 13:12:00,524
ORD5237,U817,R199,2026-04-17 12:54:00,235
ORD5238,U677,R121,2026-04-17 16:55:00,136
ORD5239,U620,R6,2026-04-17 11:02:00,639
ORD5240,U456,R44,2026-04-17 12:08:00,231
ORD5241,U263,R1,2026-04-17 10:06:00,336
ORD5242,U930,R91,2026-04-17 13:38:00,194
ORD5243,U411,R128,2026-04-17 11:20:00,474
ORD5244,U835,R68,2026-04-17 16:45:00,480
ORD5245,U230,R133,2026-04-17 14:16:00,136
ORD5246,U655,R155,2026-04-17 13:51:00,393
ORD5247,U337,R77,2026-04-17 14:08:00,754
ORD5248,U581,R25,2026-04-17 14:08:00,708
ORD5249,U374,R83,2026-04-17 19:19:00,421
ORD5250,U672,R52,2026-04-17 17:03:00,337
ORD5251,U198,R199,2026-04-17 19:11:00,435
ORD5252,U198,R54,2026-04-17 10:46:00,327
ORD5253,U1,R45,2026-04-17 10:40:00,237
ORD5254,U548,R134,2026-04-17 13:53:00,175
ORD5255,U260,R122,2026-04-17 19:53:00,579
ORD5256,U580,R16,2026-04-17 19:21:00,138
ORD5257,U897,R111,2026-04-17 12:37:00,504
ORD5258,U433,R40,2026-04-17 11:31:00,668
ORD5259,U488,R14,2026-04-17 19:03:00,767
ORD5260,U299,R134,2026-04-17 10:37:00,553
ORD5261,U123,R64,2026-04-17 17:50:00,148
ORD5262,U177,R120,2026-04-17 19:11:00,585
ORD5263,U682,R83,2026-04-17 10:28:00,487
ORD5264,U400,R147,2026-04-17 19:51:00,223
ORD5265,U605,R67,2026-04-17 19:27:00,526
ORD5266,U652,R157,2026-04-17 17:37:00,588
ORD5267,U255,R104,2026-04-17 14:25:00,581
ORD5268,U481,R191,2026-04-17 18:07:00,669
ORD5269,U227,R143,2026-04-17 16:53:00,440
ORD5270,U289,R15,2026-04-17 14:49:00,453
ORD5271,U624,R15,2026-04-17 13:41:00,794
ORD5272,U657,R185,2026-04-17 18:42:00,257
ORD5273,U610,R175,2026-04-17 15:42:00,649
ORD5274,U557,R37,2026-04-17 15:07:00,246
ORD5275,U453,R58,2026-04-17 17:30:00,337
ORD5276,U707,R9,2026-04-17 17:04:00,366
ORD5277,U711,R20,2026-04-17 11:51:00,277
ORD5278,U345,R26,2026-04-17 10:54:00,670
ORD5279,U786,R66,2026-04-17 18:28:00,312
ORD5280,U93,R85,2026-04-17 12:34:00,508
ORD5281,U838,R138,2026-04-17 13:08:00,388
ORD5282,U441,R160,2026-04-17 14:31:00,283
ORD5283,U85,R26,2026-04-17 10:16:00,116
ORD5284,U960,R18,2026-04-17 12:58:00,407
ORD5285,U923,R88,2026-04-17 14:22:00,728
ORD5286,U971,R95,2026-04-17 15:54:00,428
ORD5287,U48,R95,2026-04-17 11:47:00,550
ORD5288,U878,R190,2026-04-17 18:16:00,417
ORD5289,U256,R10,2026-04-17 11:38:00,200
ORD5290,U959,R20,2026-04-17 10:33:00,204
ORD5291,U345,R68,2026-04-17 12:04:00,787
ORD5292,U61,R175,2026-04-17 16:51:00,664
ORD5293,U215,R125,2026-04-17 11:11:00,493
ORD5294,U816,R77,2026-04-17 17:11:00,521
ORD5295,U501,R75,2026-04-17 18:16:00,224
ORD5296,U765,R29,2026-04-17 19:34:00,149
ORD5297,U914,R183,2026-04-17 16:21:00,438
ORD5298,U546,R121,2026-04-17 11:31:00,783
ORD5299,U472,R174,2026-04-17 15:01:00,285
ORD5300,U772,R65,2026-04-17 19:08:00,582
ORD5301,U312,R98,2026-04-17 16:53:00,509
ORD5302,U561,R117,2026-04-17 15:28:00,561
ORD5303,U217,R186,2026-04-17 10:31:00,463
ORD5304,U892,R91,2026-04-17 13:52:00,682
ORD5305,U297,R115,2026-04-17 15:57:00,598
ORD5306,U203,R134,2026-04-17 13:30:00,247
ORD5307,U624,R8,2026-04-17 12:15:00,257
ORD5308,U255,R117,2026-04-17 16:17:00,778
ORD5309,U744,R106,2026-04-17 10:06:00,267
ORD5310,U224,R150,2026-04-17 13:27:00,191
ORD5311,U724,R11,2026-04-17 14:52:00,357
ORD5312,U484,R78,2026-04-17 18:10:00,615
ORD5313,U597,R76,2026-04-17 16:52:00,656
ORD5314,U859,R2,2026-04-17 14:15:00,271
ORD5315,U116,R167,2026-04-17 11:29:00,139
ORD5316,U87,R10,2026-04-17 14:06:00,159
ORD5317,U644,R36,2026-04-17 13:16:00,746
ORD5318,U948,R109,2026-04-17 15:06:00,792
ORD5319,U789,R138,2026-04-17 11:45:00,359
ORD5320,U847,R99,2026-04-17 11:05:00,194
ORD5321,U60,R165,2026-04-17 10:24:00,458
ORD5322,U126,R101,2026-04-17 17:44:00,466
ORD5323,U693,R129,2026-04-17 17:10:00,262
ORD5324,U534,R59,2026-04-17 11:51:00,250
ORD5325,U286,R21,2026-04-17 15:06:00,175
ORD5326,U713,R56,2026-04-17 17:12:00,101
ORD5327,U892,R86,2026-04-17 12:33:00,390
ORD5328,U13,R198,2026-04-17 14:52:00,314
ORD5329,U747,R55,2026-04-17 12:52:00,389
ORD5330,U131,R143,2026-04-17 10:57:00,355
ORD5331,U323,R26,2026-04-17 20:00:00,237
ORD5332,U504,R96,2026-04-17 14:54:00,319
ORD5333,U826,R182,2026-04-17 15:22:00,503
ORD5334,U130,R200,2026-04-17 14:31:00,684
ORD5335,U586,R106,2026-04-17 14:43:00,555
ORD5336,U397,R164,2026-04-17 14:52:00,798
ORD5337,U553,R192,2026-04-17 17:57:00,160
ORD5338,U362,R142,2026-04-17 13:42:00,641
ORD5339,U967,R46,2026-04-17 18:38:00,550
ORD5340,U889,R168,2026-04-17 18:31:00,422
ORD5341,U319,R7,2026-04-17 13:19:00,625
ORD5342,U884,R120,2026-04-17 18:21:00,438
ORD5343,U179,R25,2026-04-17 16:53:00,294
ORD5344,U544,R175,2026-04-17 19:39:00,186
ORD5345,U105,R21,2026-04-17 19:48:00,625
ORD5346,U703,R131,2026-04-17 11:06:00,272
ORD5347,U673,R112,2026-04-17 12:48:00,111
ORD5348,U138,R173,2026-04-17 16:49:00,595
ORD5349,U897,R95,2026-04-17 17:49:00,514
ORD5350,U254,R55,2026-04-17 14:07:00,113
ORD5351,U598,R15,2026-04-17 10:09:00,138
ORD5352,U470,R62,2026-04-17 15:40:00,172
ORD5353,U649,R101,2026-04-17 14:46:00,313
ORD5354,U63,R28,2026-04-17 10:43:00,188
ORD5355,U727,R15,2026-04-17 11:12:00,443
ORD5356,U449,R189,2026-04-17 17:35:00,152
ORD5357,U249,R149,2026-04-17 17:34:00,156
ORD5358,U406,R88,2026-04-17 13:25:00,684
ORD5359,U229,R113,2026-04-17 10:47:00,104
ORD5360,U913,R109,2026-04-17 17:57:00,648
ORD5361,U944,R62,2026-04-17 14:22:00,534
ORD5362,U114,R127,2026-04-17 11:39:00,796
ORD5363,U358,R158,2026-04-17 11:59:00,635
ORD5364,U434,R189,2026-04-17 10:44:00,398
ORD5365,U1000,R189,2026-04-17 17:35:00,473
ORD5366,U633,R195,2026-04-17 13:38:00,298
ORD5367,U77,R187,2026-04-17 16:21:00,610
ORD5368,U670,R143,2026-04-17 18:59:00,157
ORD5369,U14,R125,2026-04-17 17:34:00,539
ORD5370,U346,R12,2026-04-17 19:11:00,574
ORD5371,U561,R151,2026-04-17 19:14:00,585
ORD5372,U202,R118,2026-04-17 12:09:00,182
ORD5373,U629,R124,2026-04-17 15:18:00,433
ORD5374,U16,R64,2026-04-17 10:30:00,514
ORD5375,U847,R123,2026-04-17 19:12:00,633
ORD5376,U865,R21,2026-04-17 19:30:00,421
ORD5377,U921,R70,2026-04-17 18:55:00,593
ORD5378,U741,R60,2026-04-17 11:49:00,484
ORD5379,U119,R35,2026-04-17 19:22:00,475
ORD5380,U789,R93,2026-04-17 12:54:00,269
ORD5381,U519,R90,2026-04-17 13:22:00,675
ORD5382,U487,R71,2026-04-17 15:47:00,424
ORD5383,U509,R147,2026-04-17 12:44:00,381
ORD5384,U826,R197,2026-04-17 12:12:00,140
ORD5385,U902,R196,2026-04-17 10:10:00,112
ORD5386,U183,R173,2026-04-17 13:11:00,401
ORD5387,U942,R78,2026-04-17 13:15:00,622
ORD5388,U985,R95,2026-04-17 16:23:00,568
ORD5389,U303,R54,2026-04-17 18:14:00,574
ORD5390,U336,R19,2026-04-17 13:55:00,277
ORD5391,U914,R193,2026-04-17 19:06:00,645
ORD5392,U731,R11,2026-04-17 11:47:00,264
ORD5393,U104,R89,2026-04-17 16:32:00,709
ORD5394,U750,R51,2026-04-17 14:11:00,157
ORD5395,U108,R187,2026-04-17 11:00:00,748
ORD5396,U650,R196,2026-04-17 17:44:00,561
ORD5397,U477,R100,2026-04-17 13:53:00,757
ORD5398,U908,R156,2026-04-17 14:57:00,258
ORD5399,U36,R79,2026-04-17 13:01:00,326
ORD5400,U806,R185,2026-04-17 13:39:00,407
ORD5401,U32,R55,2026-04-17 16:50:00,477
ORD5402,U780,R112,2026-04-17 12:38:00,201
ORD5403,U324,R153,2026-04-17 19:36:00,199
ORD5404,U820,R19,2026-04-17 10:07:00,612
ORD5405,U608,R92,2026-04-17 15:01:00,752
ORD5406,U821,R64,2026-04-17 14:48:00,716
ORD5407,U346,R199,2026-04-17 19:59:00,536
ORD5408,U11,R6,2026-04-17 13:37:00,754
ORD5409,U782,R63,2026-04-17 14:55:00,546
ORD5410,U394,R199,2026-04-17 14:42:00,327
ORD5411,U47,R6,2026-04-17 19:26:00,584
ORD5412,U368,R181,2026-04-17 19:29:00,523
ORD5413,U497,R175,2026-04-17 14:56:00,392
ORD5414,U627,R43,2026-04-17 15:15:00,327
ORD5415,U217,R88,2026-04-17 13:37:00,623
ORD5416,U972,R76,2026-04-17 15:44:00,218
ORD5417,U163,R77,2026-04-17 13:58:00,741
ORD5418,U208,R35,2026-04-17 12:59:00,433
ORD5419,U972,R121,2026-04-17 13:43:00,373
ORD5420,U315,R32,2026-04-17 19:47:00,225
ORD5421,U646,R82,2026-04-17 15:20:00,721
ORD5422,U307,R94,2026-04-17 15:31:00,652
ORD5423,U459,R30,2026-04-17 11:45:00,404
ORD5424,U561,R127,2026-04-17 13:24:00,603
ORD5425,U522,R198,2026-04-17 13:20:00,351
ORD5426,U951,R21,2026-04-17 14:24:00,429
ORD5427,U9,R89,2026-04-17 12:20:00,255
ORD5428,U334,R38,2026-04-17 11:29:00,463
ORD5429,U299,R154,2026-04-17 11:42:00,255
ORD5430,U953,R198,2026-04-17 12:40:00,455
ORD5431,U996,R136,2026-04-17 16:33:00,515
ORD5432,U513,R175,2026-04-17 14:04:00,323
ORD5433,U624,R16,2026-04-17 18:07:00,176
ORD5434,U970,R37,2026-04-17 18:38:00,190
ORD5435,U181,R9,2026-04-17 12:32:00,621
ORD5436,U116,R16,2026-04-17 15:29:00,304
ORD5437,U173,R125,2026-04-17 16:03:00,566
ORD5438,U13,R144,2026-04-17 16:50:00,580
ORD5439,U153,R20,2026-04-17 13:05:00,692
ORD5440,U502,R65,2026-04-17 14:15:00,141
ORD5441,U571,R128,2026-04-17 16:05:00,779
ORD5442,U214,R196,2026-04-17 17:51:00,222
ORD5443,U466,R82,2026-04-17 11:45:00,723
ORD5444,U727,R38,2026-04-17 14:33:00,673
ORD5445,U675,R153,2026-04-17 19:50:00,513
ORD5446,U112,R50,2026-04-17 13:46:00,627
ORD5447,U397,R126,2026-04-17 14:15:00,490
ORD5448,U235,R96,2026-04-17 11:53:00,631
ORD5449,U191,R147,2026-04-17 19:43:00,386
ORD5450,U35,R162,2026-04-17 10:01:00,409
ORD5451,U988,R54,2026-04-17 19:08:00,431
ORD5452,U15,R33,2026-04-17 15:46:00,492
ORD5453,U979,R97,2026-04-17 18:44:00,466
ORD5454,U426,R136,2026-04-17 16:37:00,262
ORD5455,U454,R43,2026-04-17 14:15:00,218
ORD5456,U887,R143,2026-04-17 11:23:00,226
ORD5457,U220,R117,2026-04-17 18:52:00,280
ORD5458,U521,R126,2026-04-17 13:17:00,737
ORD5459,U748,R39,2026-04-17 16:45:00,635
ORD5460,U938,R3,2026-04-17 12:44:00,725
ORD5461,U247,R21,2026-04-17 14:43:00,566
ORD5462,U253,R10,2026-04-17 15:32:00,512
ORD5463,U443,R77,2026-04-17 13:14:00,265
ORD5464,U387,R137,2026-04-17 13:12:00,417
ORD5465,U565,R105,2026-04-17 18:51:00,477
ORD5466,U76,R163,2026-04-17 19:47:00,788
ORD5467,U886,R178,2026-04-17 16:56:00,365
ORD5468,U729,R140,2026-04-17 14:19:00,605
ORD5469,U336,R54,2026-04-17 14:39:00,535
ORD5470,U285,R128,2026-04-17 16:15:00,153
ORD5471,U212,R86,2026-04-17 15:09:00,700
ORD5472,U217,R48,2026-04-17 14:56:00,537
ORD5473,U485,R38,2026-04-17 14:13:00,144
ORD5474,U178,R36,2026-04-17 18:09:00,512
ORD5475,U564,R150,2026-04-17 11:27:00,380
ORD5476,U464,R33,2026-04-17 13:07:00,715
ORD5477,U2,R110,2026-04-17 13:05:00,427
ORD5478,U732,R153,2026-04-17 17:45:00,446
ORD5479,U981,R44,2026-04-17 10:11:00,281
ORD5480,U658,R183,2026-04-17 12:46:00,499
ORD5481,U897,R115,2026-04-17 13:54:00,281
ORD5482,U168,R131,2026-04-17 18:10:00,261
ORD5483,U208,R7,2026-04-17 11:13:00,780
ORD5484,U890,R74,2026-04-17 18:57:00,527
ORD5485,U286,R161,2026-04-17 17:45:00,744
ORD5486,U311,R138,2026-04-17 13:52:00,757
ORD5487,U325,R29,2026-04-17 18:52:00,278
ORD5488,U469,R189,2026-04-17 11:00:00,148
ORD5489,U321,R70,2026-04-17 12:19:00,756
ORD5490,U657,R74,2026-04-17 18:51:00,271
ORD5491,U971,R179,2026-04-17 19:34:00,241
ORD5492,U990,R199,2026-04-17 13:38:00,501
ORD5493,U738,R155,2026-04-17 13:54:00,389
ORD5494,U739,R159,2026-04-17 18:56:00,108
ORD5495,U661,R147,2026-04-17 17:38:00,596
ORD5496,U766,R39,2026-04-17 19:04:00,681
ORD5497,U128,R194,2026-04-17 11:15:00,133
ORD5498,U516,R71,2026-04-17 19:49:00,165
ORD5499,U480,R176,2026-04-17 14:48:00,614
ORD5500,U416,R30,2026-04-17 10:10:00,435
ORD5501,U258,R75,2026-04-17 14:06:00,522
ORD5502,U690,R36,2026-04-17 17:23:00,794
ORD5503,U963,R200,2026-04-17 19:05:00,339
ORD5504,U387,R194,2026-04-17 12:57:00,472
ORD5505,U929,R132,2026-04-17 18:20:00,265
ORD5506,U618,R7,2026-04-17 13:30:00,684
ORD5507,U438,R31,2026-04-17 15:45:00,409
ORD5508,U759,R183,2026-04-17 19:16:00,154
ORD5509,U146,R197,2026-04-17 13:19:00,449
ORD5510,U410,R1,2026-04-17 15:24:00,640
ORD5511,U157,R53,2026-04-17 15:45:00,569
ORD5512,U305,R32,2026-04-17 16:04:00,151
ORD5513,U91,R57,2026-04-17 10:07:00,795
ORD5514,U642,R120,2026-04-17 10:50:00,669
ORD5515,U223,R106,2026-04-17 13:21:00,534
ORD5516,U670,R95,2026-04-17 12:59:00,628
ORD5517,U314,R97,2026-04-17 12:50:00,214
ORD5518,U148,R146,2026-04-17 17:14:00,310
ORD5519,U69,R106,2026-04-17 16:13:00,679
ORD5520,U433,R121,2026-04-17 16:44:00,698
ORD5521,U702,R165,2026-04-17 11:51:00,573
ORD5522,U394,R35,2026-04-17 15:26:00,560
ORD5523,U240,R161,2026-04-17 19:58:00,110
ORD5524,U110,R129,2026-04-17 14:56:00,389
ORD5525,U554,R7,2026-04-17 15:13:00,181
ORD5526,U362,R113,2026-04-17 18:44:00,251
ORD5527,U241,R104,2026-04-17 10:29:00,257
ORD5528,U820,R190,2026-04-17 12:21:00,268
ORD5529,U137,R17,2026-04-17 17:34:00,293
ORD5530,U164,R195,2026-04-17 17:09:00,202
ORD5531,U585,R115,2026-04-17 19:13:00,367
ORD5532,U648,R154,2026-04-17 16:25:00,370
ORD5533,U665,R27,2026-04-17 18:10:00,280
ORD5534,U62,R136,2026-04-17 10:37:00,472
ORD5535,U605,R117,2026-04-17 12:10:00,669
ORD5536,U610,R122,2026-04-17 16:27:00,749
ORD5537,U793,R20,2026-04-17 15:23:00,709
ORD5538,U271,R7,2026-04-17 15:27:00,289
ORD5539,U112,R68,2026-04-17 17:56:00,135
ORD5540,U97,R178,2026-04-17 18:57:00,178
ORD5541,U883,R95,2026-04-17 12:54:00,651
ORD5542,U822,R189,2026-04-17 11:27:00,788
ORD5543,U346,R4,2026-04-17 17:36:00,410
ORD5544,U73,R135,2026-04-17 13:33:00,565
ORD5545,U856,R16,2026-04-17 19:25:00,467
ORD5546,U365,R18,2026-04-17 19:25:00,203
ORD5547,U872,R9,2026-04-17 12:20:00,657
ORD5548,U921,R120,2026-04-17 17:22:00,449
ORD5549,U591,R7,2026-04-17 14:56:00,551
ORD5550,U308,R62,2026-04-17 13:29:00,203
ORD5551,U532,R185,2026-04-17 16:03:00,109
ORD5552,U314,R81,2026-04-17 14:05:00,690
ORD5553,U321,R101,2026-04-17 11:30:00,403
ORD5554,U512,R115,2026-04-17 11:08:00,241
ORD5555,U732,R31,2026-04-17 17:59:00,377
ORD5556,U396,R26,2026-04-17 19:33:00,532
ORD5557,U268,R69,2026-04-17 11:57:00,559
ORD5558,U657,R125,2026-04-17 11:23:00,268
ORD5559,U692,R127,2026-04-17 15:49:00,629
ORD5560,U300,R85,2026-04-17 17:43:00,564
ORD5561,U758,R187,2026-04-17 12:26:00,247
ORD5562,U190,R90,2026-04-17 15:19:00,759
ORD5563,U878,R113,2026-04-17 10:42:00,274
ORD5564,U20,R91,2026-04-17 19:57:00,198
ORD5565,U752,R19,2026-04-17 15:00:00,458
ORD5566,U191,R69,2026-04-17 16:35:00,416
ORD5567,U243,R139,2026-04-17 17:19:00,774
ORD5568,U297,R36,2026-04-17 16:04:00,421
ORD5569,U41,R130,2026-04-17 15:43:00,480
ORD5570,U76,R172,2026-04-17 18:42:00,329
ORD5571,U253,R33,2026-04-17 10:11:00,205
ORD5572,U593,R63,2026-04-17 13:05:00,499
ORD5573,U495,R91,2026-04-17 18:02:00,669
ORD5574,U215,R73,2026-04-17 10:29:00,728
ORD5575,U208,R64,2026-04-17 14:25:00,786
ORD5576,U829,R88,2026-04-17 14:07:00,488
ORD5577,U664,R134,2026-04-17 18:37:00,355
ORD5578,U100,R92,2026-04-17 11:05:00,212
ORD5579,U417,R52,2026-04-17 19:51:00,772
ORD5580,U429,R89,2026-04-17 18:49:00,363
ORD5581,U461,R181,2026-04-17 17:47:00,388
ORD5582,U219,R159,2026-04-17 14:52:00,390
ORD5583,U400,R19,2026-04-17 17:33:00,292
ORD5584,U751,R129,2026-04-17 11:21:00,484
ORD5585,U714,R26,2026-04-17 18:43:00,610
ORD5586,U251,R94,2026-04-17 12:46:00,649
ORD5587,U781,R26,2026-04-17 13:02:00,439
ORD5588,U859,R13,2026-04-17 12:37:00,346
ORD5589,U789,R179,2026-04-17 11:45:00,448
ORD5590,U346,R54,2026-04-17 11:28:00,352
ORD5591,U663,R173,2026-04-17 11:47:00,640
ORD5592,U134,R4,2026-04-17 14:05:00,600
ORD5593,U91,R27,2026-04-17 18:24:00,290
ORD5594,U277,R123,2026-04-17 17:45:00,185
ORD5595,U902,R108,2026-04-17 10:10:00,293
ORD5596,U830,R157,2026-04-17 19:43:00,693
ORD5597,U744,R89,2026-04-17 15:28:00,394
ORD5598,U378,R122,2026-04-17 12:53:00,299
ORD5599,U777,R162,2026-04-17 13:57:00,150
ORD5600,U926,R172,2026-04-17 14:47:00,380
ORD5601,U753,R168,2026-04-17 10:44:00,183
ORD5602,U628,R58,2026-04-17 11:27:00,412
ORD5603,U251,R118,2026-04-17 17:43:00,261
ORD5604,U439,R79,2026-04-17 16:11:00,440
ORD5605,U504,R147,2026-04-17 18:26:00,387
ORD5606,U431,R33,2026-04-17 19:33:00,334
ORD5607,U170,R190,2026-04-17 11:59:00,378
ORD5608,U71,R139,2026-04-17 12:57:00,556
ORD5609,U478,R143,2026-04-17 14:21:00,724
ORD5610,U338,R132,2026-04-17 12:42:00,198
ORD5611,U256,R10,2026-04-17 17:44:00,188
ORD5612,U18,R148,2026-04-17 18:32:00,765
ORD5613,U109,R21,2026-04-17 16:48:00,363
ORD5614,U265,R162,2026-04-17 17:10:00,432
ORD5615,U594,R151,2026-04-17 12:34:00,784
ORD5616,U913,R141,2026-04-17 11:07:00,228
ORD5617,U840,R168,2026-04-17 19:49:00,299
ORD5618,U161,R116,2026-04-17 13:01:00,172
ORD5619,U734,R143,2026-04-17 15:02:00,742
ORD5620,U736,R74,2026-04-17 17:20:00,295
ORD5621,U42,R69,2026-04-17 11:06:00,464
ORD5622,U199,R33,2026-04-17 14:22:00,244
ORD5623,U833,R185,2026-04-17 10:50:00,670
ORD5624,U738,R65,2026-04-17 18:13:00,219
ORD5625,U130,R116,2026-04-17 12:08:00,584
ORD5626,U961,R44,2026-04-17 13:10:00,588
ORD5627,U444,R184,2026-04-17 13:56:00,751
ORD5628,U24,R36,2026-04-17 17:06:00,527
ORD5629,U879,R58,2026-04-17 19:31:00,367
ORD5630,U423,R76,2026-04-17 12:34:00,706
ORD5631,U213,R73,2026-04-17 16:56:00,215
ORD5632,U188,R91,2026-04-17 18:35:00,244
ORD5633,U379,R70,2026-04-17 13:40:00,528
ORD5634,U806,R179,2026-04-17 10:45:00,542
ORD5635,U69,R35,2026-04-17 17:18:00,526
ORD5636,U408,R70,2026-04-17 13:30:00,133
ORD5637,U314,R145,2026-04-17 17:42:00,154
ORD5638,U965,R109,2026-04-17 14:37:00,443
ORD5639,U935,R93,2026-04-17 12:05:00,444
ORD5640,U207,R25,2026-04-17 16:25:00,363
ORD5641,U224,R54,2026-04-17 13:16:00,127
ORD5642,U824,R150,2026-04-17 15:19:00,162
ORD5643,U252,R134,2026-04-17 12:55:00,361
ORD5644,U436,R147,2026-04-17 15:35:00,626
ORD5645,U491,R93,2026-04-17 15:40:00,242
ORD5646,U494,R95,2026-04-17 16:33:00,113
ORD5647,U101,R99,2026-04-17 15:02:00,413
ORD5648,U567,R88,2026-04-17 10:01:00,242
ORD5649,U757,R102,2026-04-17 11:20:00,246
ORD5650,U867,R15,2026-04-17 14:49:00,563
ORD5651,U131,R73,2026-04-17 12:09:00,428
ORD5652,U65,R88,2026-04-17 12:06:00,406
ORD5653,U866,R143,2026-04-17 13:16:00,161
ORD5654,U278,R23,2026-04-17 18:31:00,738
ORD5655,U899,R180,2026-04-17 18:55:00,669
ORD5656,U264,R127,2026-04-17 11:12:00,576
ORD5657,U860,R128,2026-04-17 14:57:00,394
ORD5658,U595,R91,2026-04-17 16:42:00,293
ORD5659,U97,R34,2026-04-17 19:31:00,305
ORD5660,U592,R143,2026-04-17 19:45:00,388
ORD5661,U449,R154,2026-04-17 18:10:00,307
ORD5662,U361,R49,2026-04-17 12:11:00,168
ORD5663,U455,R104,2026-04-17 13:40:00,795
ORD5664,U12,R38,2026-04-17 13:18:00,784
ORD5665,U691,R114,2026-04-17 15:49:00,569
ORD5666,U848,R4,2026-04-17 18:17:00,512
ORD5667,U702,R28,2026-04-17 17:17:00,719
ORD5668,U684,R169,2026-04-17 15:02:00,405
ORD5669,U952,R29,2026-04-17 17:59:00,217
ORD5670,U598,R8,2026-04-17 13:41:00,273
ORD5671,U590,R69,2026-04-17 12:50:00,781
ORD5672,U825,R9,2026-04-17 11:00:00,533
ORD5673,U767,R15,2026-04-17 17:47:00,248
ORD5674,U134,R16,2026-04-17 19:57:00,542
ORD5675,U380,R142,2026-04-17 10:10:00,339
ORD5676,U554,R150,2026-04-17 13:21:00,532
ORD5677,U418,R183,2026-04-17 18:31:00,491
ORD5678,U81,R114,2026-04-17 17:57:00,789
ORD5679,U990,R23,2026-04-17 16:46:00,664
ORD5680,U335,R99,2026-04-17 14:00:00,618
ORD5681,U293,R115,2026-04-17 18:50:00,232
ORD5682,U168,R19,2026-04-17 14:14:00,185
ORD5683,U251,R1,2026-04-17 10:09:00,119
ORD5684,U234,R151,2026-04-17 15:53:00,511
ORD5685,U239,R97,2026-04-17 16:04:00,572
ORD5686,U970,R17,2026-04-17 10:36:00,116
ORD5687,U459,R100,2026-04-17 14:04:00,225
ORD5688,U418,R10,2026-04-17 18:21:00,794
ORD5689,U903,R6,2026-04-17 17:31:00,454
ORD5690,U998,R134,2026-04-17 15:56:00,576
ORD5691,U507,R81,2026-04-17 16:00:00,579
ORD5692,U887,R182,2026-04-17 15:17:00,217
ORD5693,U945,R98,2026-04-17 15:09:00,793
ORD5694,U759,R45,2026-04-17 13:18:00,464
ORD5695,U616,R134,2026-04-17 15:20:00,778
ORD5696,U35,R175,2026-04-17 11:02:00,650
ORD5697,U735,R180,2026-04-17 18:50:00,723
ORD5698,U763,R195,2026-04-17 15:16:00,327
ORD5699,U267,R64,2026-04-17 15:43:00,641
ORD5700,U909,R84,2026-04-17 10:31:00,589
ORD5701,U512,R112,2026-04-17 12:59:00,737
ORD5702,U253,R117,2026-04-17 16:17:00,651
ORD5703,U515,R86,2026-04-17 10:36:00,457
ORD5704,U695,R70,2026-04-17 17:46:00,246
ORD5705,U259,R23,2026-04-17 12:23:00,757
ORD5706,U608,R45,2026-04-17 13:42:00,707
ORD5707,U578,R64,2026-04-17 12:19:00,289
ORD5708,U233,R10,2026-04-17 19:49:00,796
ORD5709,U45,R36,2026-04-17 14:14:00,457
ORD5710,U12,R143,2026-04-17 18:35:00,325
ORD5711,U429,R172,2026-04-17 19:55:00,648
ORD5712,U220,R74,2026-04-17 11:58:00,699
ORD5713,U116,R6,2026-04-17 11:05:00,339
ORD5714,U86,R53,2026-04-17 11:00:00,522
ORD5715,U763,R186,2026-04-17 12:09:00,493
ORD5716,U2,R157,2026-04-17 11:13:00,794
ORD5717,U107,R53,2026-04-17 17:49:00,121
ORD5718,U909,R109,2026-04-17 16:56:00,158
ORD5719,U982,R160,2026-04-17 19:55:00,135
ORD5720,U1,R16,2026-04-17 12:06:00,793
ORD5721,U662,R68,2026-04-17 16:09:00,354
ORD5722,U899,R145,2026-04-17 12:47:00,115
ORD5723,U402,R18,2026-04-17 18:25:00,654
ORD5724,U15,R63,2026-04-17 13:24:00,792
ORD5725,U392,R140,2026-04-17 18:37:00,723
ORD5726,U609,R164,2026-04-17 12:57:00,613
ORD5727,U587,R172,2026-04-17 15:03:00,150
ORD5728,U783,R3,2026-04-17 13:25:00,231
ORD5729,U850,R27,2026-04-17 15:42:00,768
ORD5730,U197,R18,2026-04-17 10:00:00,460
ORD5731,U508,R87,2026-04-17 17:18:00,624
ORD5732,U746,R78,2026-04-17 13:45:00,215
ORD5733,U753,R67,2026-04-17 12:49:00,426
ORD5734,U448,R61,2026-04-17 18:59:00,785
ORD5735,U557,R188,2026-04-17 12:52:00,758
ORD5736,U911,R29,2026-04-17 19:16:00,130
ORD5737,U125,R178,2026-04-17 16:52:00,433
ORD5738,U889,R167,2026-04-17 15:50:00,583
ORD5739,U306,R188,2026-04-17 11:22:00,752
ORD5740,U254,R107,2026-04-17 16:18:00,462
ORD5741,U683,R100,2026-04-17 14:08:00,591
ORD5742,U71,R11,2026-04-17 17:05:00,215
ORD5743,U230,R34,2026-04-17 10:31:00,334
ORD5744,U570,R103,2026-04-17 10:31:00,549
ORD5745,U322,R93,2026-04-17 10:46:00,611
ORD5746,U531,R185,2026-04-17 13:49:00,273
ORD5747,U329,R27,2026-04-17 16:32:00,346
ORD5748,U127,R149,2026-04-17 17:20:00,380
ORD5749,U905,R99,2026-04-17 12:00:00,249
ORD5750,U693,R11,2026-04-17 10:02:00,402
ORD5751,U855,R170,2026-04-17 16:58:00,165
ORD5752,U289,R165,2026-04-17 17:50:00,674
ORD5753,U591,R101,2026-04-17 11:07:00,413
ORD5754,U789,R28,2026-04-17 19:26:00,581
ORD5755,U504,R56,2026-04-17 14:24:00,224
ORD5756,U935,R73,2026-04-17 14:53:00,199
ORD5757,U184,R42,2026-04-17 12:16:00,181
ORD5758,U857,R122,2026-04-17 14:05:00,537
ORD5759,U684,R109,2026-04-17 17:04:00,328
ORD5760,U189,R52,2026-04-17 19:32:00,381
ORD5761,U636,R161,2026-04-17 15:04:00,735
ORD5762,U243,R148,2026-04-17 16:22:00,195
ORD5763,U459,R66,2026-04-17 11:04:00,485
ORD5764,U894,R34,2026-04-17 11:29:00,623
ORD5765,U244,R128,2026-04-17 11:50:00,463
ORD5766,U380,R63,2026-04-17 16:25:00,150
ORD5767,U411,R48,2026-04-17 13:05:00,462
ORD5768,U281,R5,2026-04-17 14:50:00,694
ORD5769,U310,R178,2026-04-17 14:09:00,704
ORD5770,U517,R17,2026-04-17 17:55:00,759
ORD5771,U649,R200,2026-04-17 18:09:00,512
ORD5772,U304,R56,2026-04-17 11:47:00,619
ORD5773,U816,R146,2026-04-17 19:44:00,433
ORD5774,U763,R96,2026-04-17 15:44:00,630
ORD5775,U721,R52,2026-04-17 11:34:00,502
ORD5776,U595,R179,2026-04-17 13:28:00,506
ORD5777,U513,R99,2026-04-17 11:29:00,465
ORD5778,U151,R111,2026-04-17 17:39:00,304
ORD5779,U430,R17,2026-04-17 10:27:00,640
ORD5780,U312,R190,2026-04-17 11:28:00,525
ORD5781,U160,R144,2026-04-17 11:31:00,566
ORD5782,U232,R19,2026-04-17 13:06:00,593
ORD5783,U675,R57,2026-04-17 13:06:00,374
ORD5784,U212,R68,2026-04-17 19:26:00,657
ORD5785,U630,R53,2026-04-17 10:43:00,654
ORD5786,U149,R166,2026-04-17 17:08:00,689
ORD5787,U159,R61,2026-04-17 15:24:00,445
ORD5788,U667,R150,2026-04-17 18:59:00,225
ORD5789,U434,R187,2026-04-17 18:51:00,152
ORD5790,U590,R175,2026-04-17 10:39:00,707
ORD5791,U849,R34,2026-04-17 14:48:00,655
ORD5792,U655,R126,2026-04-17 15:42:00,181
ORD5793,U571,R18,2026-04-17 15:46:00,569
ORD5794,U346,R144,2026-04-17 13:02:00,257
ORD5795,U756,R37,2026-04-17 16:50:00,584
ORD5796,U517,R54,2026-04-17 11:14:00,235
ORD5797,U423,R50,2026-04-17 10:12:00,276
ORD5798,U254,R152,2026-04-17 10:57:00,713
ORD5799,U982,R48,2026-04-17 14:32:00,168
ORD5800,U258,R163,2026-04-17 17:03:00,485
ORD5801,U774,R134,2026-04-17 12:14:00,396
ORD5802,U655,R130,2026-04-17 12:14:00,261
ORD5803,U453,R111,2026-04-17 19:18:00,216
ORD5804,U866,R177,2026-04-17 16:11:00,394
ORD5805,U812,R77,2026-04-17 17:38:00,435
ORD5806,U321,R153,2026-04-17 12:08:00,165
ORD5807,U73,R31,2026-04-17 15:26:00,415
ORD5808,U182,R72,2026-04-17 12:07:00,361
ORD5809,U396,R156,2026-04-17 18:53:00,349
ORD5810,U971,R123,2026-04-17 16:31:00,470
ORD5811,U575,R90,2026-04-17 19:07:00,678
ORD5812,U372,R76,2026-04-17 18:45:00,668
ORD5813,U119,R163,2026-04-17 17:53:00,685
ORD5814,U579,R5,2026-04-17 15:27:00,758
ORD5815,U281,R143,2026-04-17 12:33:00,653
ORD5816,U49,R133,2026-04-17 13:14:00,516
ORD5817,U259,R82,2026-04-17 11:58:00,152
ORD5818,U962,R100,2026-04-17 13:04:00,280
ORD5819,U832,R139,2026-04-17 12:40:00,675
ORD5820,U601,R86,2026-04-17 16:37:00,528
ORD5821,U856,R15,2026-04-17 12:17:00,616
ORD5822,U438,R175,2026-04-17 13:07:00,721
ORD5823,U384,R22,2026-04-17 10:00:00,735
ORD5824,U211,R111,2026-04-17 10:07:00,175
ORD5825,U689,R148,2026-04-17 14:44:00,152
ORD5826,U344,R49,2026-04-17 15:40:00,739
ORD5827,U879,R79,2026-04-17 10:01:00,355
ORD5828,U974,R109,2026-04-17 12:06:00,413
ORD5829,U956,R199,2026-04-17 13:47:00,362
ORD5830,U118,R101,2026-04-17 18:10:00,211
ORD5831,U111,R99,2026-04-17 19:47:00,607
ORD5832,U170,R127,2026-04-17 16:19:00,415
ORD5833,U373,R118,2026-04-17 12:01:00,336
ORD5834,U272,R143,2026-04-17 17:10:00,352
ORD5835,U999,R9,2026-04-17 19:17:00,760
ORD5836,U928,R67,2026-04-17 10:25:00,698
ORD5837,U188,R190,2026-04-17 14:33:00,732
ORD5838,U664,R76,2026-04-17 13:21:00,177
ORD5839,U283,R128,2026-04-17 10:02:00,515
ORD5840,U754,R62,2026-04-17 15:49:00,625
ORD5841,U776,R31,2026-04-17 10:07:00,220
ORD5842,U372,R171,2026-04-17 15:02:00,710
ORD5843,U270,R114,2026-04-17 18:36:00,361
ORD5844,U938,R95,2026-04-17 11:17:00,103
ORD5845,U982,R149,2026-04-17 16:40:00,227
ORD5846,U260,R83,2026-04-17 17:18:00,513
ORD5847,U124,R46,2026-04-17 12:02:00,380
ORD5848,U486,R111,2026-04-17 12:21:00,569
ORD5849,U211,R99,2026-04-17 17:50:00,554
ORD5850,U431,R44,2026-04-17 11:05:00,401
ORD5851,U636,R11,2026-04-17 19:39:00,283
ORD5852,U899,R100,2026-04-17 11:25:00,587
ORD5853,U216,R67,2026-04-17 13:28:00,443
ORD5854,U943,R79,2026-04-17 11:45:00,743
ORD5855,U814,R115,2026-04-17 16:50:00,383
ORD5856,U732,R156,2026-04-17 12:36:00,593
ORD5857,U264,R21,2026-04-17 19:29:00,244
ORD5858,U298,R12,2026-04-17 11:20:00,775
ORD5859,U325,R141,2026-04-17 14:39:00,797
ORD5860,U681,R197,2026-04-17 17:37:00,410
ORD5861,U987,R35,2026-04-17 12:36:00,184
ORD5862,U713,R143,2026-04-17 12:24:00,322
ORD5863,U620,R133,2026-04-17 13:04:00,579
ORD5864,U333,R46,2026-04-17 14:43:00,309
ORD5865,U809,R27,2026-04-17 17:09:00,552
ORD5866,U290,R76,2026-04-17 16:40:00,129
ORD5867,U302,R50,2026-04-17 13:43:00,710
ORD5868,U680,R104,2026-04-17 19:14:00,587
ORD5869,U874,R170,2026-04-17 12:14:00,501
ORD5870,U886,R11,2026-04-17 10:17:00,523
ORD5871,U143,R106,2026-04-17 17:13:00,122
ORD5872,U312,R22,2026-04-17 17:21:00,281
ORD5873,U886,R136,2026-04-17 15:26:00,349
ORD5874,U508,R82,2026-04-17 19:12:00,170
ORD5875,U802,R13,2026-04-17 12:18:00,177
ORD5876,U383,R15,2026-04-17 11:48:00,200
ORD5877,U111,R49,2026-04-17 17:44:00,418
ORD5878,U855,R179,2026-04-17 19:14:00,691
ORD5879,U696,R198,2026-04-17 15:19:00,363
ORD5880,U868,R109,2026-04-17 16:56:00,740
ORD5881,U939,R78,2026-04-17 11:15:00,239
ORD5882,U443,R51,2026-04-17 12:20:00,316
ORD5883,U964,R11,2026-04-17 17:42:00,233
ORD5884,U437,R160,2026-04-17 11:36:00,550
ORD5885,U750,R5,2026-04-17 16:49:00,778
ORD5886,U862,R183,2026-04-17 18:53:00,293
ORD5887,U982,R96,2026-04-17 10:17:00,562
ORD5888,U683,R111,2026-04-17 15:00:00,147
ORD5889,U241,R155,2026-04-17 16:58:00,439
ORD5890,U940,R65,2026-04-17 10:02:00,716
ORD5891,U979,R170,2026-04-17 12:26:00,545
ORD5892,U617,R187,2026-04-17 17:45:00,569
ORD5893,U983,R71,2026-04-17 10:05:00,590
ORD5894,U324,R105,2026-04-17 13:52:00,204
ORD5895,U488,R12,2026-04-17 17:39:00,214
ORD5896,U234,R42,2026-04-17 10:34:00,352
ORD5897,U174,R43,2026-04-17 12:09:00,102
ORD5898,U971,R170,2026-04-17 15:03:00,797
ORD5899,U417,R22,2026-04-17 16:48:00,414
ORD5900,U381,R152,2026-04-17 12:33:00,439
ORD5901,U934,R71,2026-04-17 12:31:00,273
ORD5902,U150,R85,2026-04-17 13:37:00,401
ORD5903,U63,R12,2026-04-17 10:54:00,726
ORD5904,U207,R62,2026-04-17 11:27:00,584
ORD5905,U685,R185,2026-04-17 13:45:00,474
ORD5906,U200,R196,2026-04-17 12:37:00,452
ORD5907,U636,R43,2026-04-17 14:42:00,215
ORD5908,U61,R93,2026-04-17 11:50:00,504
ORD5909,U605,R200,2026-04-17 14:15:00,691
ORD5910,U812,R90,2026-04-17 18:43:00,598
ORD5911,U800,R73,2026-04-17 15:20:00,258
ORD5912,U921,R190,2026-04-17 11:54:00,458
ORD5913,U922,R69,2026-04-17 19:55:00,198
ORD5914,U680,R198,2026-04-17 17:01:00,673
ORD5915,U363,R77,2026-04-17 18:54:00,237
ORD5916,U15,R137,2026-04-17 18:08:00,442
ORD5917,U880,R95,2026-04-17 17:19:00,794
ORD5918,U205,R93,2026-04-17 12:05:00,199
ORD5919,U370,R200,2026-04-17 17:33:00,759
ORD5920,U990,R10,2026-04-17 12:29:00,390
ORD5921,U442,R6,2026-04-17 14:30:00,540
ORD5922,U984,R122,2026-04-17 15:29:00,569
ORD5923,U461,R124,2026-04-17 15:20:00,118
ORD5924,U881,R173,2026-04-17 17:38:00,597
ORD5925,U857,R147,2026-04-17 19:49:00,487
ORD5926,U437,R198,2026-04-17 13:13:00,321
ORD5927,U197,R75,2026-04-17 12:31:00,107
ORD5928,U360,R48,2026-04-17 15:45:00,285
ORD5929,U630,R93,2026-04-17 13:09:00,390
ORD5930,U574,R144,2026-04-17 10:44:00,508
ORD5931,U885,R36,2026-04-17 18:39:00,409
ORD5932,U224,R167,2026-04-17 19:40:00,175
ORD5933,U306,R3,2026-04-17 17:29:00,310
ORD5934,U87,R148,2026-04-17 10:47:00,586
ORD5935,U808,R2,2026-04-17 11:14:00,132
ORD5936,U269,R190,2026-04-17 18:44:00,221
ORD5937,U271,R8,2026-04-17 16:07:00,735
ORD5938,U832,R197,2026-04-17 14:00:00,687
ORD5939,U934,R40,2026-04-17 15:42:00,331
ORD5940,U963,R179,2026-04-17 14:15:00,244
ORD5941,U572,R72,2026-04-17 10:01:00,750
ORD5942,U911,R102,2026-04-17 17:00:00,679
ORD5943,U371,R191,2026-04-17 17:15:00,508
ORD5944,U326,R120,2026-04-17 12:14:00,206
ORD5945,U49,R58,2026-04-17 10:03:00,549
ORD5946,U878,R110,2026-04-17 18:39:00,251
ORD5947,U776,R45,2026-04-17 17:53:00,589
ORD5948,U785,R126,2026-04-17 17:20:00,608
ORD5949,U130,R69,2026-04-17 16:00:00,385
ORD5950,U752,R156,2026-04-17 10:19:00,141
ORD5951,U989,R132,2026-04-17 17:00:00,387
ORD5952,U203,R26,2026-04-17 18:45:00,409
ORD5953,U697,R26,2026-04-17 14:31:00,538
ORD5954,U918,R151,2026-04-17 11:47:00,228
ORD5955,U285,R145,2026-04-17 10:20:00,415
ORD5956,U11,R6,2026-04-17 11:54:00,638
ORD5957,U246,R72,2026-04-17 17:48:00,436
ORD5958,U648,R10,2026-04-17 18:25:00,330
ORD5959,U590,R148,2026-04-17 11:09:00,389
ORD5960,U386,R160,2026-04-17 16:12:00,573
ORD5961,U135,R181,2026-04-17 10:22:00,667
ORD5962,U308,R147,2026-04-17 10:25:00,777
ORD5963,U851,R194,2026-04-17 13:25:00,555
ORD5964,U757,R97,2026-04-17 17:52:00,408
ORD5965,U27,R58,2026-04-17 13:32:00,548
ORD5966,U383,R116,2026-04-17 11:46:00,494
ORD5967,U139,R45,2026-04-17 14:18:00,795
ORD5968,U258,R66,2026-04-17 16:44:00,338
ORD5969,U790,R121,2026-04-17 11:38:00,658
ORD5970,U395,R8,2026-04-17 15:02:00,653
ORD5971,U579,R90,2026-04-17 13:25:00,168
ORD5972,U67,R115,2026-04-17 14:30:00,407
ORD5973,U881,R113,2026-04-17 18:38:00,152
ORD5974,U867,R135,2026-04-17 15:50:00,538
ORD5975,U409,R90,2026-04-17 17:47:00,326
ORD5976,U265,R138,2026-04-17 15:29:00,245
ORD5977,U836,R82,2026-04-17 13:42:00,290
ORD5978,U322,R75,2026-04-17 18:49:00,674
ORD5979,U765,R32,2026-04-17 18:14:00,197
ORD5980,U120,R76,2026-04-17 18:48:00,264
ORD5981,U248,R133,2026-04-17 12:37:00,528
ORD5982,U162,R58,2026-04-17 12:41:00,232
ORD5983,U813,R15,2026-04-17 15:05:00,342
ORD5984,U518,R90,2026-04-17 18:45:00,331
ORD5985,U534,R76,2026-04-17 15:46:00,113
ORD5986,U165,R121,2026-04-17 17:04:00,594
ORD5987,U927,R196,2026-04-17 17:04:00,208
ORD5988,U265,R181,2026-04-17 14:16:00,193
ORD5989,U786,R72,2026-04-17 19:46:00,352
ORD5990,U80,R27,2026-04-17 12:20:00,327
ORD5991,U116,R56,2026-04-17 16:08:00,532
ORD5992,U647,R70,2026-04-17 10:19:00,377
ORD5993,U592,R26,2026-04-17 17:58:00,555
ORD5994,U703,R177,2026-04-17 13:27:00,102
ORD5995,U428,R85,2026-04-17 17:20:00,688
ORD5996,U255,R144,2026-04-17 14:15:00,694
ORD5997,U427,R24,2026-04-17 12:59:00,622
ORD5998,U622,R183,2026-04-17 13:36:00,313
ORD5999,U216,R187,2026-04-17 11:37:00,564
ORD6000,U139,R139,2026-04-17 12:49:00,750
ORD6001,U691,R174,2026-04-17 10:02:00,140
ORD6002,U846,R11,2026-04-17 14:50:00,357
ORD6003,U553,R55,2026-04-17 12:18:00,639
ORD6004,U352,R184,2026-04-17 12:47:00,238
ORD6005,U939,R123,2026-04-17 17:08:00,268
ORD6006,U395,R189,2026-04-17 12:29:00,347
ORD6007,U558,R127,2026-04-17 11:42:00,173
ORD6008,U496,R60,2026-04-17 13:27:00,278
ORD6009,U512,R158,2026-04-17 13:42:00,669
ORD6010,U64,R103,2026-04-17 10:49:00,183
ORD6011,U540,R112,2026-04-17 14:16:00,139
ORD6012,U556,R32,2026-04-17 16:57:00,391
ORD6013,U244,R64,2026-04-17 18:36:00,104
ORD6014,U762,R105,2026-04-17 16:36:00,411
ORD6015,U331,R93,2026-04-17 13:10:00,553
ORD6016,U988,R155,2026-04-17 19:50:00,358
ORD6017,U86,R193,2026-04-17 13:38:00,721
ORD6018,U569,R31,2026-04-17 17:24:00,154
ORD6019,U74,R41,2026-04-17 10:48:00,561
ORD6020,U653,R37,2026-04-17 14:21:00,178
ORD6021,U693,R21,2026-04-17 14:38:00,281
ORD6022,U133,R76,2026-04-17 18:00:00,656
ORD6023,U453,R54,2026-04-17 13:34:00,244
ORD6024,U226,R130,2026-04-17 14:18:00,742
ORD6025,U518,R183,2026-04-17 12:04:00,543
ORD6026,U60,R159,2026-04-17 15:10:00,650
ORD6027,U793,R55,2026-04-17 15:15:00,305
ORD6028,U900,R176,2026-04-17 12:37:00,773
ORD6029,U271,R162,2026-04-17 15:49:00,485
ORD6030,U530,R120,2026-04-17 15:00:00,146
ORD6031,U984,R76,2026-04-17 10:03:00,797
ORD6032,U428,R190,2026-04-17 18:20:00,702
ORD6033,U870,R134,2026-04-17 10:42:00,524
ORD6034,U880,R167,2026-04-17 10:55:00,411
ORD6035,U140,R80,2026-04-17 12:28:00,227
ORD6036,U270,R157,2026-04-17 10:56:00,705
ORD6037,U333,R90,2026-04-17 17:08:00,736
ORD6038,U287,R88,2026-04-17 18:24:00,798
ORD6039,U134,R140,2026-04-17 13:10:00,464
ORD6040,U604,R12,2026-04-17 16:40:00,110
ORD6041,U293,R169,2026-04-17 14:59:00,593
ORD6042,U874,R186,2026-04-17 16:28:00,398
ORD6043,U280,R15,2026-04-17 10:49:00,511
ORD6044,U311,R11,2026-04-17 14:00:00,388
ORD6045,U288,R3,2026-04-17 16:53:00,112
ORD6046,U800,R109,2026-04-17 15:50:00,757
ORD6047,U826,R41,2026-04-17 11:50:00,445
ORD6048,U244,R153,2026-04-17 10:00:00,519
ORD6049,U201,R148,2026-04-17 15:56:00,310
ORD6050,U744,R56,2026-04-17 14:51:00,350
ORD6051,U7,R42,2026-04-17 12:45:00,144
ORD6052,U203,R41,2026-04-17 12:14:00,783
ORD6053,U70,R34,2026-04-17 19:28:00,731
ORD6054,U1000,R5,2026-04-17 12:48:00,766
ORD6055,U423,R159,2026-04-17 15:48:00,381
ORD6056,U906,R10,2026-04-17 13:17:00,325
ORD6057,U883,R164,2026-04-17 17:23:00,592
ORD6058,U375,R159,2026-04-17 10:16:00,677
ORD6059,U918,R121,2026-04-17 12:03:00,601
ORD6060,U764,R149,2026-04-17 14:14:00,274
ORD6061,U859,R123,2026-04-17 13:27:00,612
ORD6062,U331,R75,2026-04-17 18:51:00,472
ORD6063,U516,R149,2026-04-17 11:06:00,160
ORD6064,U455,R165,2026-04-17 15:50:00,115
ORD6065,U594,R182,2026-04-17 10:51:00,563
ORD6066,U759,R134,2026-04-17 12:39:00,698
ORD6067,U154,R67,2026-04-17 19:24:00,242
ORD6068,U689,R120,2026-04-17 10:16:00,570
ORD6069,U594,R16,2026-04-17 14:12:00,676
ORD6070,U647,R147,2026-04-17 10:57:00,762
ORD6071,U15,R196,2026-04-17 18:35:00,637
ORD6072,U560,R167,2026-04-17 16:48:00,268
ORD6073,U249,R98,2026-04-17 12:51:00,775
ORD6074,U528,R9,2026-04-17 19:58:00,203
ORD6075,U594,R10,2026-04-17 17:16:00,277
ORD6076,U630,R107,2026-04-17 13:32:00,427
ORD6077,U640,R13,2026-04-17 16:09:00,416
ORD6078,U216,R90,2026-04-17 16:15:00,650
ORD6079,U473,R128,2026-04-17 14:18:00,507
ORD6080,U10,R148,2026-04-17 13:21:00,100
ORD6081,U582,R137,2026-04-17 12:04:00,705
ORD6082,U483,R63,2026-04-17 10:36:00,671
ORD6083,U828,R33,2026-04-17 18:15:00,380
ORD6084,U149,R46,2026-04-17 12:58:00,458
ORD6085,U658,R31,2026-04-17 11:52:00,615
ORD6086,U75,R115,2026-04-17 16:48:00,181
ORD6087,U780,R94,2026-04-17 16:44:00,432
ORD6088,U320,R182,2026-04-17 13:02:00,442
ORD6089,U853,R113,2026-04-17 19:03:00,313
ORD6090,U120,R46,2026-04-17 17:14:00,750
ORD6091,U879,R198,2026-04-17 18:28:00,153
ORD6092,U621,R146,2026-04-17 18:07:00,491
ORD6093,U129,R92,2026-04-17 16:11:00,469
ORD6094,U513,R141,2026-04-17 11:51:00,231
ORD6095,U967,R191,2026-04-17 18:23:00,362
ORD6096,U863,R71,2026-04-17 10:08:00,242
ORD6097,U562,R112,2026-04-17 15:51:00,421
ORD6098,U248,R200,2026-04-17 16:22:00,216
ORD6099,U875,R39,2026-04-17 10:58:00,644
ORD6100,U773,R149,2026-04-17 17:39:00,713
ORD6101,U176,R28,2026-04-17 19:21:00,106
ORD6102,U114,R168,2026-04-17 18:16:00,773
ORD6103,U972,R137,2026-04-17 18:14:00,605
ORD6104,U717,R61,2026-04-17 17:41:00,716
ORD6105,U822,R49,2026-04-17 11:35:00,540
ORD6106,U147,R109,2026-04-17 14:24:00,440
ORD6107,U227,R113,2026-04-17 17:31:00,163
ORD6108,U396,R127,2026-04-17 16:33:00,430
ORD6109,U41,R164,2026-04-17 15:56:00,119
ORD6110,U566,R135,2026-04-17 11:38:00,106
ORD6111,U547,R177,2026-04-17 18:51:00,157
ORD6112,U890,R173,2026-04-17 11:45:00,558
ORD6113,U779,R194,2026-04-17 13:16:00,384
ORD6114,U754,R38,2026-04-17 15:01:00,460
ORD6115,U757,R90,2026-04-17 16:04:00,282
ORD6116,U446,R136,2026-04-17 14:43:00,223
ORD6117,U254,R63,2026-04-17 15:54:00,508
ORD6118,U131,R125,2026-04-17 11:45:00,429
ORD6119,U598,R73,2026-04-17 13:14:00,317
ORD6120,U210,R168,2026-04-17 10:41:00,129
ORD6121,U522,R113,2026-04-17 17:45:00,442
ORD6122,U172,R65,2026-04-17 13:55:00,408
ORD6123,U773,R54,2026-04-17 18:09:00,101
ORD6124,U937,R23,2026-04-17 17:06:00,287
ORD6125,U509,R173,2026-04-17 15:26:00,151
ORD6126,U546,R57,2026-04-17 11:52:00,429
ORD6127,U697,R44,2026-04-17 10:53:00,619
ORD6128,U212,R42,2026-04-17 11:03:00,653
ORD6129,U911,R139,2026-04-17 13:23:00,291
ORD6130,U370,R168,2026-04-17 13:43:00,630
ORD6131,U363,R158,2026-04-17 19:21:00,387
ORD6132,U855,R100,2026-04-17 11:00:00,504
ORD6133,U94,R41,2026-04-17 15:50:00,716
ORD6134,U530,R57,2026-04-17 16:57:00,198
ORD6135,U957,R168,2026-04-17 11:34:00,497
ORD6136,U979,R187,2026-04-17 16:47:00,776
ORD6137,U835,R198,2026-04-17 16:52:00,345
ORD6138,U414,R61,2026-04-17 17:38:00,331
ORD6139,U877,R60,2026-04-17 14:29:00,550
ORD6140,U687,R185,2026-04-17 16:49:00,317
ORD6141,U171,R101,2026-04-17 15:53:00,693
ORD6142,U28,R132,2026-04-17 11:30:00,607
ORD6143,U773,R66,2026-04-17 12:49:00,476
ORD6144,U557,R61,2026-04-17 19:14:00,267
ORD6145,U151,R72,2026-04-17 13:28:00,661
ORD6146,U957,R29,2026-04-17 18:12:00,791
ORD6147,U675,R44,2026-04-17 12:32:00,673
ORD6148,U740,R27,2026-04-17 11:29:00,616
ORD6149,U225,R126,2026-04-17 13:12:00,692
ORD6150,U840,R121,2026-04-17 15:04:00,298
ORD6151,U562,R51,2026-04-17 15:27:00,129
ORD6152,U358,R65,2026-04-17 19:25:00,475
ORD6153,U628,R160,2026-04-17 16:59:00,307
ORD6154,U310,R21,2026-04-17 15:25:00,219
ORD6155,U935,R36,2026-04-17 12:31:00,390
ORD6156,U521,R103,2026-04-17 19:27:00,146
ORD6157,U618,R88,2026-04-17 17:13:00,309
ORD6158,U65,R169,2026-04-17 10:20:00,260
ORD6159,U280,R47,2026-04-17 19:33:00,347
ORD6160,U203,R182,2026-04-17 10:51:00,594
ORD6161,U544,R43,2026-04-17 12:20:00,595
ORD6162,U383,R186,2026-04-17 11:31:00,741
ORD6163,U428,R179,2026-04-17 19:48:00,659
ORD6164,U764,R9,2026-04-17 17:51:00,268
ORD6165,U500,R84,2026-04-17 18:50:00,248
ORD6166,U732,R94,2026-04-17 17:56:00,346
ORD6167,U363,R115,2026-04-17 16:42:00,226
ORD6168,U249,R31,2026-04-17 16:04:00,448
ORD6169,U316,R28,2026-04-17 16:24:00,496
ORD6170,U950,R47,2026-04-17 16:51:00,190
ORD6171,U235,R135,2026-04-17 18:09:00,503
ORD6172,U46,R153,2026-04-17 16:59:00,732
ORD6173,U610,R97,2026-04-17 10:17:00,601
ORD6174,U706,R46,2026-04-17 11:15:00,725
ORD6175,U828,R96,2026-04-17 14:08:00,399
ORD6176,U829,R31,2026-04-17 13:23:00,231
ORD6177,U960,R198,2026-04-17 18:02:00,147
ORD6178,U350,R55,2026-04-17 16:06:00,407
ORD6179,U366,R190,2026-04-17 19:59:00,411
ORD6180,U608,R174,2026-04-17 19:05:00,157
ORD6181,U994,R100,2026-04-17 19:23:00,105
ORD6182,U432,R177,2026-04-17 18:16:00,799
ORD6183,U834,R124,2026-04-17 18:36:00,425
ORD6184,U546,R14,2026-04-17 10:30:00,246
ORD6185,U209,R66,2026-04-17 19:33:00,444
ORD6186,U393,R189,2026-04-17 13:57:00,640
ORD6187,U379,R94,2026-04-17 11:59:00,362
ORD6188,U163,R58,2026-04-17 18:35:00,305
ORD6189,U558,R148,2026-04-17 13:49:00,787
ORD6190,U99,R88,2026-04-17 10:57:00,235
ORD6191,U459,R70,2026-04-17 12:24:00,538
ORD6192,U127,R39,2026-04-17 11:33:00,443
ORD6193,U562,R24,2026-04-17 11:37:00,410
ORD6194,U658,R149,2026-04-17 19:32:00,719
ORD6195,U646,R137,2026-04-17 19:15:00,123
ORD6196,U324,R26,2026-04-17 12:41:00,473
ORD6197,U803,R163,2026-04-17 19:20:00,477
ORD6198,U390,R175,2026-04-17 12:02:00,169
ORD6199,U330,R151,2026-04-17 18:56:00,601
ORD6200,U594,R149,2026-04-17 10:37:00,339
ORD6201,U258,R21,2026-04-17 14:24:00,400
ORD6202,U357,R128,2026-04-17 11:05:00,350
ORD6203,U382,R99,2026-04-17 14:53:00,746
ORD6204,U36,R123,2026-04-17 16:49:00,719
ORD6205,U961,R94,2026-04-17 15:32:00,139
ORD6206,U733,R82,2026-04-17 11:36:00,680
ORD6207,U199,R95,2026-04-17 11:58:00,163
ORD6208,U141,R59,2026-04-17 10:23:00,731
ORD6209,U988,R75,2026-04-17 17:45:00,478
ORD6210,U903,R123,2026-04-17 15:35:00,572
ORD6211,U571,R22,2026-04-17 16:28:00,342
ORD6212,U961,R15,2026-04-17 17:56:00,787
ORD6213,U727,R97,2026-04-17 16:31:00,480
ORD6214,U32,R90,2026-04-17 17:46:00,476
ORD6215,U642,R77,2026-04-17 18:29:00,269
ORD6216,U47,R49,2026-04-17 17:02:00,735
ORD6217,U722,R200,2026-04-17 11:37:00,357
ORD6218,U926,R183,2026-04-17 16:39:00,377
ORD6219,U879,R132,2026-04-17 15:03:00,696
ORD6220,U789,R48,2026-04-17 11:25:00,723
ORD6221,U112,R155,2026-04-17 12:38:00,524
ORD6222,U632,R74,2026-04-17 12:12:00,623
ORD6223,U392,R47,2026-04-17 14:03:00,520
ORD6224,U848,R186,2026-04-17 19:04:00,249
ORD6225,U550,R198,2026-04-17 11:57:00,477
ORD6226,U259,R189,2026-04-17 13:22:00,348
ORD6227,U934,R29,2026-04-17 11:03:00,541
ORD6228,U895,R5,2026-04-17 17:08:00,456
ORD6229,U644,R99,2026-04-17 10:08:00,798
ORD6230,U354,R86,2026-04-17 16:44:00,525
ORD6231,U859,R49,2026-04-17 17:19:00,375
ORD6232,U837,R141,2026-04-17 12:54:00,596
ORD6233,U916,R169,2026-04-17 16:55:00,311
ORD6234,U906,R106,2026-04-17 10:25:00,218
ORD6235,U334,R14,2026-04-17 13:57:00,752
ORD6236,U912,R151,2026-04-17 11:30:00,185
ORD6237,U91,R78,2026-04-17 16:58:00,382
ORD6238,U150,R122,2026-04-17 13:35:00,184
ORD6239,U334,R171,2026-04-17 17:19:00,555
ORD6240,U66,R114,2026-04-17 18:35:00,506
ORD6241,U885,R103,2026-04-17 19:57:00,731
ORD6242,U412,R41,2026-04-17 16:07:00,226
ORD6243,U369,R107,2026-04-17 13:34:00,730
ORD6244,U723,R10,2026-04-17 17:23:00,228
ORD6245,U32,R154,2026-04-17 18:52:00,391
ORD6246,U760,R146,2026-04-17 15:16:00,236
ORD6247,U98,R194,2026-04-17 14:49:00,386
ORD6248,U428,R8,2026-04-17 15:50:00,646
ORD6249,U654,R39,2026-04-17 10:23:00,179
ORD6250,U863,R61,2026-04-17 15:37:00,285
ORD6251,U407,R174,2026-04-17 11:30:00,734
ORD6252,U420,R199,2026-04-17 12:20:00,108
ORD6253,U97,R25,2026-04-17 13:19:00,710
ORD6254,U119,R78,2026-04-17 16:04:00,163
ORD6255,U554,R48,2026-04-17 17:49:00,166
ORD6256,U213,R26,2026-04-17 10:24:00,143
ORD6257,U65,R9,2026-04-17 10:48:00,776
ORD6258,U62,R71,2026-04-17 10:30:00,572
ORD6259,U817,R174,2026-04-17 11:52:00,394
ORD6260,U884,R199,2026-04-17 10:09:00,299
ORD6261,U172,R61,2026-04-17 19:38:00,764
ORD6262,U508,R150,2026-04-17 11:43:00,315
ORD6263,U435,R4,2026-04-17 10:13:00,749
ORD6264,U935,R160,2026-04-17 14:58:00,487
ORD6265,U743,R19,2026-04-17 15:15:00,344
ORD6266,U610,R96,2026-04-17 16:25:00,387
ORD6267,U528,R1,2026-04-17 17:20:00,667
ORD6268,U388,R1,2026-04-17 12:39:00,698
ORD6269,U21,R6,2026-04-17 10:13:00,670
ORD6270,U668,R155,2026-04-17 14:15:00,575
ORD6271,U433,R174,2026-04-17 19:33:00,652
ORD6272,U696,R75,2026-04-17 13:48:00,671
ORD6273,U585,R45,2026-04-17 18:25:00,589
ORD6274,U422,R130,2026-04-17 12:19:00,502
ORD6275,U641,R120,2026-04-17 16:11:00,190
ORD6276,U264,R43,2026-04-17 17:50:00,192
ORD6277,U944,R191,2026-04-17 17:59:00,129
ORD6278,U523,R190,2026-04-17 15:17:00,266
ORD6279,U987,R23,2026-04-17 15:55:00,513
ORD6280,U178,R37,2026-04-17 19:51:00,560
ORD6281,U454,R11,2026-04-17 18:44:00,458
ORD6282,U969,R158,2026-04-17 18:47:00,517
ORD6283,U50,R105,2026-04-17 14:22:00,268
ORD6284,U256,R127,2026-04-17 18:11:00,268
ORD6285,U517,R91,2026-04-17 11:17:00,450
ORD6286,U463,R191,2026-04-17 12:49:00,150
ORD6287,U652,R3,2026-04-17 19:13:00,773
ORD6288,U835,R200,2026-04-17 16:52:00,208
ORD6289,U723,R73,2026-04-17 18:28:00,763
ORD6290,U944,R106,2026-04-17 15:49:00,786
ORD6291,U742,R167,2026-04-17 11:47:00,215
ORD6292,U42,R107,2026-04-17 19:24:00,659
ORD6293,U352,R183,2026-04-17 12:59:00,382
ORD6294,U614,R57,2026-04-17 14:49:00,615
ORD6295,U538,R199,2026-04-17 14:19:00,631
ORD6296,U101,R94,2026-04-17 16:43:00,441
ORD6297,U158,R190,2026-04-17 10:51:00,684
ORD6298,U423,R169,2026-04-17 12:48:00,633
ORD6299,U633,R158,2026-04-17 11:48:00,344
ORD6300,U882,R141,2026-04-17 14:57:00,643
ORD6301,U325,R112,2026-04-17 16:30:00,126
ORD6302,U401,R48,2026-04-17 12:50:00,445
ORD6303,U390,R119,2026-04-17 17:31:00,586
ORD6304,U203,R43,2026-04-17 19:27:00,800
ORD6305,U628,R55,2026-04-17 19:18:00,623
ORD6306,U742,R176,2026-04-17 16:31:00,150
ORD6307,U717,R82,2026-04-17 15:20:00,317
ORD6308,U23,R42,2026-04-17 19:17:00,759
ORD6309,U382,R155,2026-04-17 12:48:00,460
ORD6310,U874,R140,2026-04-17 18:50:00,258
ORD6311,U787,R106,2026-04-17 13:19:00,417
ORD6312,U586,R73,2026-04-17 15:12:00,736
ORD6313,U996,R34,2026-04-17 10:09:00,113
ORD6314,U513,R36,2026-04-17 14:56:00,412
ORD6315,U379,R44,2026-04-17 19:38:00,577
ORD6316,U221,R36,2026-04-17 16:12:00,363
ORD6317,U23,R152,2026-04-17 14:23:00,642
ORD6318,U644,R179,2026-04-17 15:42:00,617
ORD6319,U914,R132,2026-04-17 14:09:00,528
ORD6320,U927,R120,2026-04-17 13:44:00,452
ORD6321,U591,R36,2026-04-17 11:55:00,370
ORD6322,U43,R107,2026-04-17 10:35:00,776
ORD6323,U567,R17,2026-04-17 16:42:00,182
ORD6324,U773,R57,2026-04-17 10:40:00,262
ORD6325,U35,R136,2026-04-17 15:50:00,269
ORD6326,U294,R31,2026-04-17 11:12:00,626
ORD6327,U650,R85,2026-04-17 19:10:00,729
ORD6328,U325,R92,2026-04-17 11:55:00,656
ORD6329,U665,R87,2026-04-17 13:01:00,622
ORD6330,U455,R46,2026-04-17 10:12:00,601
ORD6331,U807,R103,2026-04-17 10:49:00,364
ORD6332,U363,R97,2026-04-17 13:03:00,409
ORD6333,U672,R190,2026-04-17 19:18:00,638
ORD6334,U226,R176,2026-04-17 14:23:00,659
ORD6335,U204,R97,2026-04-17 14:39:00,501
ORD6336,U85,R25,2026-04-17 17:43:00,305
ORD6337,U6,R117,2026-04-17 12:06:00,620
ORD6338,U106,R105,2026-04-17 11:52:00,173
ORD6339,U99,R178,2026-04-17 10:53:00,466
ORD6340,U952,R126,2026-04-17 19:10:00,339
ORD6341,U772,R106,2026-04-17 18:26:00,557
ORD6342,U168,R181,2026-04-17 13:08:00,534
ORD6343,U463,R188,2026-04-17 10:57:00,392
ORD6344,U453,R158,2026-04-17 19:19:00,549
ORD6345,U138,R117,2026-04-17 11:54:00,462
ORD6346,U326,R184,2026-04-17 15:27:00,745
ORD6347,U950,R154,2026-04-17 11:54:00,568
ORD6348,U547,R125,2026-04-17 10:23:00,740
ORD6349,U137,R195,2026-04-17 15:32:00,772
ORD6350,U421,R98,2026-04-17 11:29:00,528
ORD6351,U948,R3,2026-04-17 19:32:00,371
ORD6352,U497,R122,2026-04-17 16:09:00,266
ORD6353,U215,R152,2026-04-17 14:29:00,342
ORD6354,U521,R23,2026-04-17 15:48:00,148
ORD6355,U289,R28,2026-04-17 16:54:00,739
ORD6356,U181,R133,2026-04-17 10:20:00,691
ORD6357,U262,R21,2026-04-17 13:58:00,465
ORD6358,U390,R6,2026-04-17 18:24:00,618
ORD6359,U417,R61,2026-04-17 16:16:00,750
ORD6360,U618,R43,2026-04-17 17:23:00,378
ORD6361,U809,R118,2026-04-17 10:08:00,764
ORD6362,U186,R46,2026-04-17 14:33:00,420
ORD6363,U726,R197,2026-04-17 19:42:00,548
ORD6364,U450,R48,2026-04-17 12:22:00,441
ORD6365,U936,R165,2026-04-17 12:26:00,355
ORD6366,U531,R195,2026-04-17 16:30:00,590
ORD6367,U196,R97,2026-04-17 16:04:00,278
ORD6368,U805,R23,2026-04-17 15:06:00,739
ORD6369,U667,R105,2026-04-17 17:38:00,489
ORD6370,U186,R84,2026-04-17 11:02:00,128
ORD6371,U74,R9,2026-04-17 19:40:00,112
ORD6372,U826,R35,2026-04-17 11:57:00,743
ORD6373,U937,R28,2026-04-17 18:19:00,515
ORD6374,U99,R135,2026-04-17 12:44:00,763
ORD6375,U943,R132,2026-04-17 16:42:00,278
ORD6376,U707,R196,2026-04-17 13:00:00,532
ORD6377,U538,R104,2026-04-17 10:38:00,788
ORD6378,U469,R66,2026-04-17 18:32:00,169
ORD6379,U166,R16,2026-04-17 19:23:00,292
ORD6380,U201,R145,2026-04-17 13:58:00,227
ORD6381,U648,R97,2026-04-17 13:29:00,335
ORD6382,U720,R57,2026-04-17 12:06:00,345
ORD6383,U125,R49,2026-04-17 13:26:00,117
ORD6384,U588,R52,2026-04-17 11:57:00,703
ORD6385,U334,R129,2026-04-17 12:24:00,369
ORD6386,U685,R175,2026-04-17 15:26:00,690
ORD6387,U376,R104,2026-04-17 15:48:00,579
ORD6388,U14,R90,2026-04-17 11:07:00,107
ORD6389,U83,R31,2026-04-17 17:48:00,494
ORD6390,U46,R140,2026-04-17 12:25:00,774
ORD6391,U146,R183,2026-04-17 17:40:00,298
ORD6392,U52,R195,2026-04-17 11:10:00,430
ORD6393,U717,R39,2026-04-17 14:29:00,258
ORD6394,U439,R42,2026-04-17 17:04:00,314
ORD6395,U466,R30,2026-04-17 17:09:00,522
ORD6396,U597,R65,2026-04-17 17:41:00,305
ORD6397,U116,R115,2026-04-17 12:19:00,556
ORD6398,U532,R58,2026-04-17 15:02:00,185
ORD6399,U657,R68,2026-04-17 13:44:00,748
ORD6400,U881,R113,2026-04-17 14:20:00,199
ORD6401,U608,R10,2026-04-17 14:37:00,593
ORD6402,U978,R74,2026-04-17 12:47:00,566
ORD6403,U595,R135,2026-04-17 19:24:00,241
ORD6404,U240,R196,2026-04-17 11:51:00,593
ORD6405,U871,R59,2026-04-17 17:48:00,200
ORD6406,U987,R16,2026-04-17 17:30:00,396
ORD6407,U691,R84,2026-04-17 15:56:00,611
ORD6408,U333,R11,2026-04-17 15:43:00,512
ORD6409,U904,R68,2026-04-17 18:11:00,567
ORD6410,U435,R131,2026-04-17 10:26:00,287
ORD6411,U433,R99,2026-04-17 16:43:00,776
ORD6412,U580,R60,2026-04-17 11:55:00,664
ORD6413,U690,R15,2026-04-17 14:49:00,397
ORD6414,U379,R124,2026-04-17 19:41:00,403
ORD6415,U705,R85,2026-04-17 11:34:00,620
ORD6416,U65,R172,2026-04-17 13:28:00,610
ORD6417,U403,R125,2026-04-17 13:16:00,637
ORD6418,U284,R162,2026-04-17 16:40:00,472
ORD6419,U907,R141,2026-04-17 16:11:00,196
ORD6420,U213,R56,2026-04-17 11:47:00,746
ORD6421,U846,R47,2026-04-17 14:34:00,459
ORD6422,U793,R74,2026-04-17 10:43:00,575
ORD6423,U297,R137,2026-04-17 19:44:00,702
ORD6424,U442,R37,2026-04-17 14:07:00,297
ORD6425,U421,R46,2026-04-17 15:41:00,691
ORD6426,U783,R16,2026-04-17 12:51:00,370
ORD6427,U88,R102,2026-04-17 12:26:00,466
ORD6428,U357,R52,2026-04-17 18:16:00,258
ORD6429,U205,R200,2026-04-17 18:45:00,165
ORD6430,U37,R171,2026-04-17 19:37:00,293
ORD6431,U877,R186,2026-04-17 12:22:00,273
ORD6432,U679,R188,2026-04-17 16:45:00,119
ORD6433,U61,R98,2026-04-17 13:08:00,716
ORD6434,U47,R121,2026-04-17 14:39:00,124
ORD6435,U142,R112,2026-04-17 15:37:00,590
ORD6436,U788,R34,2026-04-17 18:10:00,760
ORD6437,U746,R73,2026-04-17 15:26:00,277
ORD6438,U553,R126,2026-04-17 12:26:00,138
ORD6439,U245,R59,2026-04-17 11:59:00,465
ORD6440,U390,R45,2026-04-17 12:31:00,136
ORD6441,U68,R106,2026-04-17 18:04:00,722
ORD6442,U926,R138,2026-04-17 17:00:00,190
ORD6443,U197,R88,2026-04-17 19:42:00,697
ORD6444,U179,R126,2026-04-17 11:19:00,520
ORD6445,U812,R183,2026-04-17 17:15:00,166
ORD6446,U402,R131,2026-04-17 12:16:00,544
ORD6447,U226,R157,2026-04-17 14:10:00,384
ORD6448,U810,R46,2026-04-17 13:09:00,522
ORD6449,U336,R61,2026-04-17 18:52:00,489
ORD6450,U593,R104,2026-04-17 13:27:00,233
ORD6451,U332,R191,2026-04-17 17:06:00,284
ORD6452,U631,R167,2026-04-17 13:07:00,645
ORD6453,U189,R184,2026-04-17 18:41:00,368
ORD6454,U605,R71,2026-04-17 18:28:00,177
ORD6455,U765,R35,2026-04-17 15:48:00,460
ORD6456,U549,R179,2026-04-17 16:35:00,678
ORD6457,U864,R155,2026-04-17 15:32:00,699
ORD6458,U925,R66,2026-04-17 16:02:00,105
ORD6459,U877,R185,2026-04-17 11:21:00,791
ORD6460,U10,R67,2026-04-17 16:56:00,298
ORD6461,U416,R118,2026-04-17 16:05:00,604
ORD6462,U887,R163,2026-04-17 14:40:00,415
ORD6463,U945,R161,2026-04-17 18:30:00,234
ORD6464,U26,R192,2026-04-17 17:33:00,310
ORD6465,U924,R128,2026-04-17 14:41:00,508
ORD6466,U985,R62,2026-04-17 18:49:00,436
ORD6467,U16,R56,2026-04-17 19:26:00,465
ORD6468,U650,R128,2026-04-17 11:04:00,787
ORD6469,U68,R199,2026-04-17 18:29:00,225
ORD6470,U867,R5,2026-04-17 12:17:00,545
ORD6471,U731,R188,2026-04-17 14:41:00,252
ORD6472,U390,R116,2026-04-17 19:13:00,554
ORD6473,U479,R179,2026-04-17 12:38:00,270
ORD6474,U761,R62,2026-04-17 12:40:00,314
ORD6475,U523,R132,2026-04-17 16:38:00,665
ORD6476,U43,R147,2026-04-17 13:01:00,736
ORD6477,U539,R147,2026-04-17 17:25:00,502
ORD6478,U225,R173,2026-04-17 19:07:00,298
ORD6479,U501,R192,2026-04-17 19:20:00,148
ORD6480,U716,R60,2026-04-17 14:30:00,439
ORD6481,U73,R152,2026-04-17 17:17:00,459
ORD6482,U401,R120,2026-04-17 13:06:00,469
ORD6483,U337,R63,2026-04-17 15:34:00,106
ORD6484,U637,R168,2026-04-17 11:52:00,647
ORD6485,U453,R196,2026-04-17 19:20:00,643
ORD6486,U158,R160,2026-04-17 14:22:00,589
ORD6487,U747,R54,2026-04-17 16:43:00,777
ORD6488,U865,R82,2026-04-17 12:26:00,789
ORD6489,U908,R146,2026-04-17 16:08:00,797
ORD6490,U265,R159,2026-04-17 16:44:00,503
ORD6491,U159,R36,2026-04-17 19:58:00,105
ORD6492,U900,R1,2026-04-17 19:25:00,220
ORD6493,U895,R148,2026-04-17 15:44:00,493
ORD6494,U956,R153,2026-04-17 19:28:00,235
ORD6495,U765,R145,2026-04-17 18:05:00,669
ORD6496,U473,R87,2026-04-17 16:06:00,749
ORD6497,U903,R93,2026-04-17 11:58:00,359
ORD6498,U370,R5,2026-04-17 11:01:00,667
ORD6499,U906,R178,2026-04-17 19:26:00,465
ORD6500,U499,R167,2026-04-17 17:43:00,310
ORD6501,U301,R132,2026-04-17 11:29:00,408
ORD6502,U554,R190,2026-04-17 19:33:00,737
ORD6503,U126,R148,2026-04-17 11:36:00,193
ORD6504,U982,R28,2026-04-17 10:08:00,458
ORD6505,U880,R94,2026-04-17 15:32:00,798
ORD6506,U533,R37,2026-04-17 13:09:00,413
ORD6507,U363,R26,2026-04-17 13:58:00,134
ORD6508,U73,R134,2026-04-17 15:21:00,624
ORD6509,U95,R35,2026-04-17 12:25:00,190
ORD6510,U899,R115,2026-04-17 15:35:00,328
ORD6511,U925,R44,2026-04-17 16:58:00,193
ORD6512,U722,R95,2026-04-17 19:26:00,483
ORD6513,U67,R166,2026-04-17 17:23:00,435
ORD6514,U334,R111,2026-04-17 10:39:00,203
ORD6515,U115,R100,2026-04-17 14:33:00,586
ORD6516,U671,R148,2026-04-17 10:27:00,182
ORD6517,U886,R103,2026-04-17 17:24:00,162
ORD6518,U49,R189,2026-04-17 16:14:00,206
ORD6519,U297,R185,2026-04-17 16:57:00,764
ORD6520,U253,R97,2026-04-17 11:03:00,136
ORD6521,U433,R123,2026-04-17 14:06:00,491
ORD6522,U334,R61,2026-04-17 10:06:00,555
ORD6523,U602,R129,2026-04-17 10:18:00,569
ORD6524,U881,R91,2026-04-17 10:32:00,264
ORD6525,U19,R19,2026-04-17 11:51:00,786
ORD6526,U427,R82,2026-04-17 15:57:00,710
ORD6527,U1000,R116,2026-04-17 19:09:00,328
ORD6528,U850,R28,2026-04-17 17:28:00,793
ORD6529,U92,R16,2026-04-17 13:51:00,407
ORD6530,U879,R109,2026-04-17 18:50:00,465
ORD6531,U814,R35,2026-04-17 14:40:00,388
ORD6532,U905,R17,2026-04-17 19:16:00,515
ORD6533,U891,R186,2026-04-17 16:15:00,303
ORD6534,U819,R33,2026-04-17 16:46:00,678
ORD6535,U921,R49,2026-04-17 10:05:00,788
ORD6536,U310,R181,2026-04-17 11:30:00,417
ORD6537,U490,R2,2026-04-17 13:23:00,402
ORD6538,U396,R88,2026-04-17 16:48:00,775
ORD6539,U563,R12,2026-04-17 16:35:00,120
ORD6540,U967,R175,2026-04-17 14:59:00,739
ORD6541,U416,R56,2026-04-17 14:07:00,540
ORD6542,U550,R23,2026-04-17 18:00:00,373
ORD6543,U966,R96,2026-04-17 18:47:00,444
ORD6544,U149,R102,2026-04-17 15:16:00,247
ORD6545,U241,R102,2026-04-17 12:28:00,691
ORD6546,U922,R157,2026-04-17 12:58:00,149
ORD6547,U174,R135,2026-04-17 12:33:00,458
ORD6548,U572,R135,2026-04-17 14:21:00,256
ORD6549,U633,R91,2026-04-17 19:22:00,712
ORD6550,U885,R82,2026-04-17 17:06:00,506
ORD6551,U516,R161,2026-04-17 14:49:00,145
ORD6552,U457,R73,2026-04-17 13:15:00,523
ORD6553,U398,R112,2026-04-17 14:27:00,260
ORD6554,U604,R9,2026-04-17 14:37:00,180
ORD6555,U26,R75,2026-04-17 11:51:00,641
ORD6556,U263,R81,2026-04-17 12:17:00,633
ORD6557,U921,R46,2026-04-17 10:28:00,370
ORD6558,U244,R109,2026-04-17 13:00:00,178
ORD6559,U988,R194,2026-04-17 15:41:00,783
ORD6560,U12,R50,2026-04-17 12:10:00,353
ORD6561,U437,R107,2026-04-17 17:31:00,599
ORD6562,U334,R98,2026-04-17 18:57:00,500
ORD6563,U56,R93,2026-04-17 14:02:00,191
ORD6564,U305,R31,2026-04-17 18:23:00,110
ORD6565,U555,R73,2026-04-17 13:34:00,766
ORD6566,U84,R169,2026-04-17 10:06:00,219
ORD6567,U441,R145,2026-04-17 17:48:00,358
ORD6568,U567,R133,2026-04-17 19:49:00,374
ORD6569,U334,R180,2026-04-17 11:15:00,203
ORD6570,U331,R183,2026-04-17 19:04:00,556
ORD6571,U498,R50,2026-04-17 15:40:00,232
ORD6572,U110,R92,2026-04-17 15:23:00,447
ORD6573,U422,R163,2026-04-17 17:10:00,108
ORD6574,U272,R140,2026-04-17 10:13:00,484
ORD6575,U157,R104,2026-04-17 12:58:00,274
ORD6576,U1,R5,2026-04-17 10:08:00,325
ORD6577,U598,R180,2026-04-17 15:25:00,464
ORD6578,U196,R173,2026-04-17 17:25:00,293
ORD6579,U111,R90,2026-04-17 11:43:00,143
ORD6580,U774,R84,2026-04-17 14:10:00,148
ORD6581,U23,R23,2026-04-17 14:41:00,286
ORD6582,U605,R169,2026-04-17 12:06:00,150
ORD6583,U509,R169,2026-04-17 10:51:00,652
ORD6584,U962,R147,2026-04-17 15:02:00,352
ORD6585,U658,R193,2026-04-17 11:13:00,358
ORD6586,U776,R172,2026-04-17 18:10:00,690
ORD6587,U53,R183,2026-04-17 10:46:00,291
ORD6588,U820,R159,2026-04-17 12:41:00,151
ORD6589,U298,R166,2026-04-17 19:28:00,446
ORD6590,U271,R155,2026-04-17 15:13:00,502
ORD6591,U641,R19,2026-04-17 18:12:00,653
ORD6592,U463,R16,2026-04-17 16:27:00,111
ORD6593,U223,R1,2026-04-17 11:06:00,529
ORD6594,U409,R108,2026-04-17 19:02:00,412
ORD6595,U129,R53,2026-04-17 19:09:00,193
ORD6596,U688,R110,2026-04-17 17:45:00,511
ORD6597,U30,R92,2026-04-17 10:18:00,300
ORD6598,U158,R116,2026-04-17 14:12:00,571
ORD6599,U373,R89,2026-04-17 15:31:00,101
ORD6600,U829,R127,2026-04-17 19:34:00,699
ORD6601,U198,R41,2026-04-17 15:18:00,274
ORD6602,U988,R35,2026-04-17 11:23:00,668
ORD6603,U914,R173,2026-04-17 13:26:00,379
ORD6604,U819,R49,2026-04-17 14:56:00,786
ORD6605,U221,R191,2026-04-17 13:03:00,561
ORD6606,U49,R95,2026-04-17 17:41:00,550
ORD6607,U949,R54,2026-04-17 16:54:00,603
ORD6608,U757,R98,2026-04-17 17:30:00,800
ORD6609,U198,R192,2026-04-17 12:56:00,669
ORD6610,U773,R195,2026-04-17 19:48:00,672
ORD6611,U192,R102,2026-04-17 17:30:00,443
ORD6612,U313,R151,2026-04-17 18:37:00,235
ORD6613,U537,R21,2026-04-17 12:59:00,519
ORD6614,U44,R53,2026-04-17 17:12:00,454
ORD6615,U762,R134,2026-04-17 10:21:00,637
ORD6616,U862,R144,2026-04-17 16:29:00,455
ORD6617,U983,R79,2026-04-17 12:30:00,712
ORD6618,U540,R185,2026-04-17 19:39:00,706
ORD6619,U1000,R116,2026-04-17 14:49:00,120
ORD6620,U52,R98,2026-04-17 16:40:00,390
ORD6621,U364,R110,2026-04-17 12:22:00,693
ORD6622,U972,R64,2026-04-17 17:32:00,418
ORD6623,U959,R89,2026-04-17 17:24:00,719
ORD6624,U527,R54,2026-04-17 17:58:00,165
ORD6625,U345,R81,2026-04-17 12:25:00,572
ORD6626,U409,R99,2026-04-17 18:40:00,743
ORD6627,U257,R126,2026-04-17 17:21:00,441
ORD6628,U116,R174,2026-04-17 14:19:00,451
ORD6629,U114,R9,2026-04-17 10:28:00,299
ORD6630,U349,R96,2026-04-17 15:14:00,683
ORD6631,U550,R111,2026-04-17 12:00:00,547
ORD6632,U930,R4,2026-04-17 11:05:00,309
ORD6633,U77,R108,2026-04-17 17:05:00,204
ORD6634,U567,R38,2026-04-17 14:48:00,600
ORD6635,U762,R159,2026-04-17 12:23:00,467
ORD6636,U831,R97,2026-04-17 15:56:00,461
ORD6637,U416,R53,2026-04-17 14:23:00,753
ORD6638,U276,R25,2026-04-17 17:19:00,547
ORD6639,U232,R134,2026-04-17 16:01:00,148
ORD6640,U309,R101,2026-04-17 15:18:00,540
ORD6641,U410,R188,2026-04-17 15:41:00,621
ORD6642,U297,R149,2026-04-17 17:55:00,567
ORD6643,U849,R150,2026-04-17 17:07:00,111
ORD6644,U253,R163,2026-04-17 12:38:00,172
ORD6645,U478,R63,2026-04-17 10:34:00,745
ORD6646,U837,R170,2026-04-17 17:18:00,547
ORD6647,U540,R174,2026-04-17 14:15:00,203
ORD6648,U490,R136,2026-04-17 17:00:00,347
ORD6649,U597,R63,2026-04-17 17:16:00,135
ORD6650,U616,R159,2026-04-17 15:17:00,276
ORD6651,U348,R6,2026-04-17 11:09:00,562
ORD6652,U14,R81,2026-04-17 12:49:00,750
ORD6653,U424,R144,2026-04-17 17:14:00,575
ORD6654,U296,R129,2026-04-17 16:33:00,286
ORD6655,U196,R176,2026-04-17 13:51:00,215
ORD6656,U903,R37,2026-04-17 18:30:00,714
ORD6657,U360,R143,2026-04-17 16:32:00,256
ORD6658,U495,R129,2026-04-17 18:28:00,657
ORD6659,U838,R124,2026-04-17 16:16:00,166
ORD6660,U300,R54,2026-04-17 10:16:00,607
ORD6661,U383,R112,2026-04-17 16:00:00,471
ORD6662,U86,R176,2026-04-17 13:02:00,593
ORD6663,U630,R52,2026-04-17 18:39:00,461
ORD6664,U489,R99,2026-04-17 17:14:00,258
ORD6665,U661,R155,2026-04-17 12:50:00,484
ORD6666,U857,R136,2026-04-17 18:48:00,562
ORD6667,U630,R16,2026-04-17 15:59:00,102
ORD6668,U900,R198,2026-04-17 14:03:00,288
ORD6669,U23,R120,2026-04-17 15:38:00,445
ORD6670,U812,R94,2026-04-17 12:58:00,180
ORD6671,U194,R152,2026-04-17 13:01:00,146
ORD6672,U237,R170,2026-04-17 13:42:00,165
ORD6673,U676,R140,2026-04-17 16:36:00,787
ORD6674,U367,R93,2026-04-17 17:17:00,277
ORD6675,U503,R158,2026-04-17 14:41:00,322
ORD6676,U598,R42,2026-04-17 16:00:00,248
ORD6677,U375,R8,2026-04-17 19:22:00,674
ORD6678,U5,R182,2026-04-17 14:18:00,537
ORD6679,U525,R102,2026-04-17 12:33:00,162
ORD6680,U169,R160,2026-04-17 13:38:00,647
ORD6681,U560,R94,2026-04-17 15:50:00,734
ORD6682,U705,R2,2026-04-17 11:47:00,455
ORD6683,U652,R28,2026-04-17 15:17:00,383
ORD6684,U877,R53,2026-04-17 17:53:00,512
ORD6685,U710,R139,2026-04-17 19:00:00,120
ORD6686,U287,R178,2026-04-17 17:15:00,784
ORD6687,U408,R47,2026-04-17 13:41:00,384
ORD6688,U388,R58,2026-04-17 12:04:00,492
ORD6689,U477,R93,2026-04-17 15:12:00,206
ORD6690,U127,R64,2026-04-17 15:09:00,520
ORD6691,U84,R77,2026-04-17 14:27:00,554
ORD6692,U275,R5,2026-04-17 18:54:00,373
ORD6693,U257,R154,2026-04-17 18:52:00,564
ORD6694,U948,R43,2026-04-17 16:40:00,205
ORD6695,U402,R162,2026-04-17 16:01:00,731
ORD6696,U593,R31,2026-04-17 17:17:00,482
ORD6697,U365,R190,2026-04-17 17:08:00,679
ORD6698,U832,R71,2026-04-17 15:49:00,662
ORD6699,U346,R176,2026-04-17 11:25:00,126
ORD6700,U959,R137,2026-04-17 13:48:00,629
ORD6701,U818,R83,2026-04-17 16:33:00,776
ORD6702,U250,R6,2026-04-17 14:25:00,387
ORD6703,U757,R146,2026-04-17 11:59:00,417
ORD6704,U330,R156,2026-04-17 17:16:00,216
ORD6705,U187,R176,2026-04-17 15:41:00,661
ORD6706,U878,R163,2026-04-17 14:28:00,124
ORD6707,U990,R132,2026-04-17 12:36:00,523
ORD6708,U840,R80,2026-04-17 18:38:00,580
ORD6709,U67,R92,2026-04-17 12:35:00,465
ORD6710,U873,R19,2026-04-17 15:04:00,232
ORD6711,U999,R119,2026-04-17 17:26:00,470
ORD6712,U46,R49,2026-04-17 19:05:00,669
ORD6713,U593,R5,2026-04-17 10:41:00,716
ORD6714,U721,R127,2026-04-17 12:35:00,566
ORD6715,U685,R170,2026-04-17 11:51:00,737
ORD6716,U350,R155,2026-04-17 14:43:00,675
ORD6717,U845,R77,2026-04-17 13:36:00,733
ORD6718,U128,R33,2026-04-17 14:32:00,616
ORD6719,U357,R75,2026-04-17 13:35:00,404
ORD6720,U121,R148,2026-04-17 15:01:00,614
ORD6721,U560,R122,2026-04-17 16:31:00,302
ORD6722,U381,R17,2026-04-17 13:17:00,234
ORD6723,U229,R200,2026-04-17 10:21:00,470
ORD6724,U975,R69,2026-04-17 17:16:00,626
ORD6725,U176,R108,2026-04-17 17:39:00,319
ORD6726,U448,R51,2026-04-17 12:46:00,704
ORD6727,U95,R72,2026-04-17 16:00:00,670
ORD6728,U432,R10,2026-04-17 17:07:00,595
ORD6729,U988,R47,2026-04-17 19:48:00,603
ORD6730,U802,R76,2026-04-17 16:04:00,787
ORD6731,U976,R69,2026-04-17 10:15:00,537
ORD6732,U990,R6,2026-04-17 10:38:00,277
ORD6733,U955,R77,2026-04-17 11:55:00,392
ORD6734,U466,R187,2026-04-17 10:00:00,307
ORD6735,U286,R185,2026-04-17 12:21:00,566
ORD6736,U974,R172,2026-04-17 13:27:00,434
ORD6737,U173,R11,2026-04-17 13:25:00,557
ORD6738,U61,R36,2026-04-17 17:15:00,133
ORD6739,U942,R51,2026-04-17 14:58:00,790
ORD6740,U858,R104,2026-04-17 12:19:00,152
ORD6741,U287,R41,2026-04-17 17:04:00,366
ORD6742,U873,R83,2026-04-17 13:17:00,650
ORD6743,U939,R190,2026-04-17 14:13:00,289
ORD6744,U754,R111,2026-04-17 15:50:00,127
ORD6745,U609,R42,2026-04-17 10:25:00,525
ORD6746,U684,R178,2026-04-17 15:52:00,384
ORD6747,U2,R12,2026-04-17 18:03:00,654
ORD6748,U888,R57,2026-04-17 10:26:00,362
ORD6749,U60,R143,2026-04-17 17:49:00,568
ORD6750,U1000,R109,2026-04-17 11:14:00,432
ORD6751,U230,R22,2026-04-17 19:42:00,612
ORD6752,U233,R54,2026-04-17 12:47:00,476
ORD6753,U187,R180,2026-04-17 12:36:00,640
ORD6754,U947,R54,2026-04-17 12:55:00,323
ORD6755,U240,R71,2026-04-17 17:20:00,659
ORD6756,U757,R89,2026-04-17 18:33:00,365
ORD6757,U587,R29,2026-04-17 16:06:00,130
ORD6758,U584,R72,2026-04-17 14:44:00,251
ORD6759,U75,R168,2026-04-17 18:53:00,223
ORD6760,U678,R35,2026-04-17 16:14:00,707
ORD6761,U954,R10,2026-04-17 10:10:00,448
ORD6762,U546,R127,2026-04-17 16:15:00,195
ORD6763,U107,R155,2026-04-17 19:06:00,786
ORD6764,U189,R14,2026-04-17 18:30:00,579
ORD6765,U8,R93,2026-04-17 10:42:00,199
ORD6766,U172,R130,2026-04-17 18:29:00,423
ORD6767,U748,R106,2026-04-17 17:07:00,261
ORD6768,U451,R53,2026-04-17 11:10:00,721
ORD6769,U438,R32,2026-04-17 18:19:00,725
ORD6770,U206,R42,2026-04-17 16:57:00,454
ORD6771,U414,R167,2026-04-17 18:22:00,302
ORD6772,U726,R168,2026-04-17 13:46:00,549
ORD6773,U578,R28,2026-04-17 13:28:00,343
ORD6774,U519,R64,2026-04-17 17:00:00,559
ORD6775,U237,R128,2026-04-17 14:57:00,233
ORD6776,U563,R12,2026-04-17 15:42:00,297
ORD6777,U665,R73,2026-04-17 17:32:00,722
ORD6778,U954,R183,2026-04-17 15:25:00,105
ORD6779,U909,R88,2026-04-17 17:51:00,570
ORD6780,U446,R197,2026-04-17 15:20:00,744
ORD6781,U20,R87,2026-04-17 12:17:00,323
ORD6782,U9,R198,2026-04-17 14:23:00,433
ORD6783,U985,R52,2026-04-17 18:05:00,105
ORD6784,U224,R4,2026-04-17 12:29:00,693
ORD6785,U362,R176,2026-04-17 15:13:00,725
ORD6786,U614,R35,2026-04-17 19:37:00,390
ORD6787,U227,R176,2026-04-17 13:12:00,593
ORD6788,U360,R35,2026-04-17 10:39:00,775
ORD6789,U76,R164,2026-04-17 14:19:00,568
ORD6790,U532,R118,2026-04-17 15:25:00,475
ORD6791,U426,R186,2026-04-17 19:52:00,743
ORD6792,U994,R12,2026-04-17 10:56:00,690
ORD6793,U856,R58,2026-04-17 14:25:00,349
ORD6794,U503,R171,2026-04-17 14:48:00,750
ORD6795,U923,R60,2026-04-17 14:23:00,466
ORD6796,U318,R60,2026-04-17 13:09:00,627
ORD6797,U339,R88,2026-04-17 17:02:00,579
ORD6798,U933,R70,2026-04-17 15:13:00,791
ORD6799,U337,R142,2026-04-17 14:09:00,766
ORD6800,U120,R110,2026-04-17 16:25:00,176
ORD6801,U499,R74,2026-04-17 13:40:00,146
ORD6802,U948,R34,2026-04-17 14:05:00,393
ORD6803,U599,R143,2026-04-17 18:28:00,240
ORD6804,U307,R105,2026-04-17 11:49:00,768
ORD6805,U757,R92,2026-04-17 14:47:00,299
ORD6806,U323,R5,2026-04-17 19:29:00,510
ORD6807,U193,R51,2026-04-17 12:58:00,495
ORD6808,U80,R144,2026-04-17 11:04:00,716
ORD6809,U495,R151,2026-04-17 10:45:00,187
ORD6810,U328,R123,2026-04-17 13:26:00,179
ORD6811,U178,R39,2026-04-17 10:43:00,768
ORD6812,U168,R141,2026-04-17 17:05:00,516
ORD6813,U760,R131,2026-04-17 15:16:00,455
ORD6814,U223,R172,2026-04-17 17:14:00,347
ORD6815,U999,R28,2026-04-17 13:48:00,331
ORD6816,U638,R117,2026-04-17 12:13:00,464
ORD6817,U681,R142,2026-04-17 13:27:00,523
ORD6818,U946,R53,2026-04-17 14:27:00,130
ORD6819,U872,R115,2026-04-17 11:56:00,128
ORD6820,U570,R145,2026-04-17 16:53:00,596
ORD6821,U931,R177,2026-04-17 10:51:00,478
ORD6822,U127,R127,2026-04-17 19:26:00,434
ORD6823,U784,R182,2026-04-17 16:23:00,649
ORD6824,U199,R153,2026-04-17 16:24:00,279
ORD6825,U600,R190,2026-04-17 19:41:00,684
ORD6826,U962,R158,2026-04-17 16:18:00,405
ORD6827,U398,R1,2026-04-17 15:05:00,405
ORD6828,U751,R71,2026-04-17 17:40:00,399
ORD6829,U70,R107,2026-04-17 15:31:00,549
ORD6830,U236,R4,2026-04-17 12:15:00,657
ORD6831,U802,R178,2026-04-17 15:51:00,650
ORD6832,U498,R118,2026-04-17 17:33:00,731
ORD6833,U619,R189,2026-04-17 18:19:00,377
ORD6834,U814,R69,2026-04-17 14:06:00,786
ORD6835,U426,R34,2026-04-17 11:33:00,778
ORD6836,U193,R32,2026-04-17 19:00:00,701
ORD6837,U849,R43,2026-04-17 14:46:00,622
ORD6838,U571,R136,2026-04-17 14:25:00,135
ORD6839,U451,R110,2026-04-17 13:36:00,343
ORD6840,U560,R86,2026-04-17 15:53:00,714
ORD6841,U998,R173,2026-04-17 18:23:00,137
ORD6842,U618,R142,2026-04-17 12:00:00,126
ORD6843,U60,R79,2026-04-17 18:30:00,547
ORD6844,U607,R166,2026-04-17 18:16:00,676
ORD6845,U534,R43,2026-04-17 14:25:00,200
ORD6846,U346,R66,2026-04-17 10:45:00,403
ORD6847,U350,R17,2026-04-17 18:27:00,391
ORD6848,U302,R143,2026-04-17 11:07:00,294
ORD6849,U658,R41,2026-04-17 16:54:00,787
ORD6850,U180,R27,2026-04-17 15:01:00,430
ORD6851,U528,R49,2026-04-17 13:04:00,489
ORD6852,U435,R1,2026-04-17 14:37:00,699
ORD6853,U841,R8,2026-04-17 18:38:00,695
ORD6854,U633,R125,2026-04-17 12:50:00,770
ORD6855,U953,R139,2026-04-17 15:30:00,311
ORD6856,U273,R191,2026-04-17 10:33:00,143
ORD6857,U541,R39,2026-04-17 10:14:00,589
ORD6858,U546,R17,2026-04-17 11:03:00,211
ORD6859,U440,R78,2026-04-17 15:00:00,128
ORD6860,U597,R63,2026-04-17 11:42:00,246
ORD6861,U926,R148,2026-04-17 16:29:00,113
ORD6862,U321,R148,2026-04-17 12:15:00,480
ORD6863,U190,R140,2026-04-17 14:26:00,119
ORD6864,U484,R157,2026-04-17 13:07:00,754
ORD6865,U493,R149,2026-04-17 13:05:00,271
ORD6866,U144,R72,2026-04-17 18:30:00,765
ORD6867,U228,R97,2026-04-17 19:10:00,252
ORD6868,U522,R182,2026-04-17 15:23:00,589
ORD6869,U646,R10,2026-04-17 13:21:00,755
ORD6870,U796,R105,2026-04-17 13:57:00,183
ORD6871,U793,R84,2026-04-17 18:38:00,375
ORD6872,U86,R126,2026-04-17 11:29:00,246
ORD6873,U66,R58,2026-04-17 12:54:00,404
ORD6874,U349,R10,2026-04-17 15:53:00,284
ORD6875,U315,R77,2026-04-17 18:53:00,143
ORD6876,U927,R42,2026-04-17 10:06:00,391
ORD6877,U367,R70,2026-04-17 10:34:00,685
ORD6878,U309,R150,2026-04-17 11:24:00,470
ORD6879,U965,R55,2026-04-17 14:19:00,132
ORD6880,U430,R51,2026-04-17 12:25:00,380
ORD6881,U10,R85,2026-04-17 13:05:00,800
ORD6882,U992,R86,2026-04-17 10:07:00,314
ORD6883,U548,R169,2026-04-17 19:34:00,463
ORD6884,U588,R140,2026-04-17 16:55:00,782
ORD6885,U140,R65,2026-04-17 16:36:00,386
ORD6886,U99,R92,2026-04-17 11:59:00,214
ORD6887,U149,R23,2026-04-17 17:22:00,222
ORD6888,U279,R75,2026-04-17 11:58:00,585
ORD6889,U303,R195,2026-04-17 16:35:00,427
ORD6890,U136,R149,2026-04-17 19:10:00,430
ORD6891,U905,R80,2026-04-17 15:06:00,571
ORD6892,U883,R148,2026-04-17 18:59:00,603
ORD6893,U897,R179,2026-04-17 19:54:00,274
ORD6894,U602,R90,2026-04-17 10:43:00,393
ORD6895,U929,R195,2026-04-17 14:58:00,549
ORD6896,U871,R133,2026-04-17 17:43:00,775
ORD6897,U667,R123,2026-04-17 12:16:00,675
ORD6898,U589,R148,2026-04-17 11:28:00,601
ORD6899,U694,R131,2026-04-17 15:40:00,444
ORD6900,U931,R2,2026-04-17 15:06:00,372
ORD6901,U806,R149,2026-04-17 13:58:00,162
ORD6902,U159,R61,2026-04-17 16:18:00,539
ORD6903,U352,R191,2026-04-17 13:01:00,416
ORD6904,U414,R23,2026-04-17 11:56:00,451
ORD6905,U3,R191,2026-04-17 11:52:00,153
ORD6906,U422,R23,2026-04-17 11:06:00,788
ORD6907,U172,R105,2026-04-17 13:15:00,120
ORD6908,U97,R175,2026-04-17 13:32:00,669
ORD6909,U176,R183,2026-04-17 11:26:00,474
ORD6910,U691,R189,2026-04-17 17:28:00,501
ORD6911,U967,R188,2026-04-17 13:35:00,541
ORD6912,U136,R111,2026-04-17 16:53:00,696
ORD6913,U698,R162,2026-04-17 12:13:00,340
ORD6914,U897,R95,2026-04-17 15:51:00,437
ORD6915,U537,R117,2026-04-17 14:12:00,668
ORD6916,U131,R84,2026-04-17 17:54:00,361
ORD6917,U832,R22,2026-04-17 12:57:00,773
ORD6918,U998,R60,2026-04-17 16:33:00,710
ORD6919,U388,R58,2026-04-17 11:37:00,535
ORD6920,U546,R159,2026-04-17 16:55:00,287
ORD6921,U172,R95,2026-04-17 15:59:00,258
ORD6922,U974,R65,2026-04-17 17:05:00,511
ORD6923,U179,R115,2026-04-17 16:40:00,399
ORD6924,U56,R163,2026-04-17 11:58:00,348
ORD6925,U288,R104,2026-04-17 12:12:00,507
ORD6926,U466,R55,2026-04-17 17:30:00,230
ORD6927,U323,R120,2026-04-17 16:46:00,114
ORD6928,U69,R93,2026-04-17 16:08:00,687
ORD6929,U223,R173,2026-04-17 11:28:00,352
ORD6930,U817,R57,2026-04-17 17:38:00,743
ORD6931,U544,R14,2026-04-17 15:16:00,573
ORD6932,U494,R71,2026-04-17 13:45:00,277
ORD6933,U60,R20,2026-04-17 16:51:00,712
ORD6934,U755,R81,2026-04-17 11:21:00,108
ORD6935,U264,R106,2026-04-17 10:24:00,391
ORD6936,U493,R25,2026-04-17 11:06:00,281
ORD6937,U885,R81,2026-04-17 12:09:00,636
ORD6938,U132,R141,2026-04-17 19:06:00,474
ORD6939,U773,R38,2026-04-17 12:17:00,772
ORD6940,U840,R183,2026-04-17 11:40:00,701
ORD6941,U125,R107,2026-04-17 10:37:00,132
ORD6942,U679,R60,2026-04-17 15:13:00,458
ORD6943,U294,R54,2026-04-17 18:50:00,546
ORD6944,U558,R91,2026-04-17 10:55:00,766
ORD6945,U716,R24,2026-04-17 17:23:00,753
ORD6946,U921,R140,2026-04-17 10:09:00,660
ORD6947,U596,R130,2026-04-17 14:32:00,516
ORD6948,U915,R10,2026-04-17 18:50:00,354
ORD6949,U457,R48,2026-04-17 14:54:00,683
ORD6950,U291,R196,2026-04-17 14:07:00,140
ORD6951,U790,R25,2026-04-17 13:33:00,515
ORD6952,U710,R71,2026-04-17 10:14:00,157
ORD6953,U19,R106,2026-04-17 17:36:00,133
ORD6954,U166,R1,2026-04-17 12:24:00,238
ORD6955,U548,R106,2026-04-17 19:07:00,356
ORD6956,U233,R74,2026-04-17 10:21:00,707
ORD6957,U330,R10,2026-04-17 17:03:00,775
ORD6958,U478,R134,2026-04-17 11:26:00,151
ORD6959,U651,R10,2026-04-17 19:53:00,284
ORD6960,U675,R198,2026-04-17 15:45:00,787
ORD6961,U383,R52,2026-04-17 10:36:00,764
ORD6962,U472,R37,2026-04-17 17:17:00,351
ORD6963,U810,R157,2026-04-17 19:27:00,232
ORD6964,U640,R117,2026-04-17 16:19:00,505
ORD6965,U873,R172,2026-04-17 12:09:00,146
ORD6966,U913,R132,2026-04-17 17:08:00,488
ORD6967,U663,R200,2026-04-17 17:20:00,233
ORD6968,U745,R106,2026-04-17 16:46:00,271
ORD6969,U817,R20,2026-04-17 15:15:00,692
ORD6970,U363,R43,2026-04-17 10:24:00,794
ORD6971,U491,R92,2026-04-17 15:58:00,211
ORD6972,U209,R93,2026-04-17 16:33:00,755
ORD6973,U339,R127,2026-04-17 15:41:00,169
ORD6974,U603,R70,2026-04-17 18:43:00,246
ORD6975,U947,R136,2026-04-17 17:50:00,576
ORD6976,U524,R112,2026-04-17 16:09:00,441
ORD6977,U150,R53,2026-04-17 10:31:00,202
ORD6978,U758,R107,2026-04-17 19:48:00,345
ORD6979,U586,R140,2026-04-17 16:05:00,687
ORD6980,U420,R161,2026-04-17 10:24:00,568
ORD6981,U911,R5,2026-04-17 17:18:00,113
ORD6982,U320,R193,2026-04-17 11:41:00,580
ORD6983,U515,R17,2026-04-17 15:24:00,784
ORD6984,U481,R156,2026-04-17 17:39:00,441
ORD6985,U187,R168,2026-04-17 14:38:00,279
ORD6986,U250,R22,2026-04-17 13:31:00,529
ORD6987,U908,R165,2026-04-17 10:56:00,701
ORD6988,U378,R84,2026-04-17 18:19:00,166
ORD6989,U726,R81,2026-04-17 18:37:00,800
ORD6990,U842,R97,2026-04-17 10:45:00,796
ORD6991,U629,R84,2026-04-17 18:33:00,584
ORD6992,U146,R47,2026-04-17 13:35:00,731
ORD6993,U308,R147,2026-04-17 12:30:00,151
ORD6994,U329,R52,2026-04-17 13:05:00,273
ORD6995,U254,R160,2026-04-17 16:21:00,306
ORD6996,U335,R84,2026-04-17 17:17:00,449
ORD6997,U755,R104,2026-04-17 13:10:00,166
ORD6998,U880,R181,2026-04-17 17:05:00,297
ORD6999,U25,R136,2026-04-17 12:59:00,590
ORD7000,U575,R200,2026-04-17 14:31:00,555
ORD7001,U211,R85,2026-04-17 12:20:00,334
ORD7002,U633,R150,2026-04-17 10:07:00,604
ORD7003,U259,R24,2026-04-17 16:19:00,777
ORD7004,U905,R107,2026-04-17 16:34:00,532
ORD7005,U729,R98,2026-04-17 12:58:00,318
ORD7006,U467,R60,2026-04-17 15:26:00,782
ORD7007,U370,R106,2026-04-17 16:38:00,313
ORD7008,U612,R10,2026-04-17 14:28:00,453
ORD7009,U750,R86,2026-04-17 18:49:00,336
ORD7010,U807,R99,2026-04-17 14:59:00,584
ORD7011,U452,R195,2026-04-17 17:19:00,153
ORD7012,U180,R123,2026-04-17 16:27:00,323
ORD7013,U469,R171,2026-04-17 15:54:00,653
ORD7014,U853,R34,2026-04-17 16:53:00,706
ORD7015,U118,R169,2026-04-17 14:41:00,229
ORD7016,U573,R161,2026-04-17 12:17:00,407
ORD7017,U669,R195,2026-04-17 14:16:00,751
ORD7018,U428,R176,2026-04-17 10:04:00,457
ORD7019,U360,R52,2026-04-17 17:44:00,645
ORD7020,U33,R55,2026-04-17 16:50:00,182
ORD7021,U611,R107,2026-04-17 17:31:00,561
ORD7022,U179,R33,2026-04-17 13:14:00,622
ORD7023,U565,R27,2026-04-17 12:03:00,266
ORD7024,U912,R40,2026-04-17 19:00:00,574
ORD7025,U448,R159,2026-04-17 13:46:00,701
ORD7026,U602,R41,2026-04-17 18:26:00,337
ORD7027,U637,R91,2026-04-17 15:19:00,320
ORD7028,U508,R193,2026-04-17 14:46:00,259
ORD7029,U984,R184,2026-04-17 17:58:00,786
ORD7030,U677,R129,2026-04-17 17:15:00,219
ORD7031,U796,R75,2026-04-17 14:19:00,561
ORD7032,U804,R2,2026-04-17 13:10:00,370
ORD7033,U461,R162,2026-04-17 13:53:00,775
ORD7034,U686,R55,2026-04-17 19:51:00,515
ORD7035,U709,R35,2026-04-17 12:24:00,488
ORD7036,U101,R165,2026-04-17 13:59:00,187
ORD7037,U979,R84,2026-04-17 11:30:00,119
ORD7038,U198,R95,2026-04-17 15:42:00,783
ORD7039,U977,R8,2026-04-17 16:07:00,132
ORD7040,U300,R48,2026-04-17 10:51:00,495
ORD7041,U85,R13,2026-04-17 12:32:00,567
ORD7042,U206,R60,2026-04-17 13:45:00,365
ORD7043,U911,R21,2026-04-17 18:42:00,196
ORD7044,U358,R96,2026-04-17 16:38:00,122
ORD7045,U482,R23,2026-04-17 10:35:00,638
ORD7046,U290,R39,2026-04-17 10:55:00,349
ORD7047,U989,R83,2026-04-17 17:45:00,370
ORD7048,U205,R199,2026-04-17 19:19:00,285
ORD7049,U373,R92,2026-04-17 10:32:00,234
ORD7050,U199,R65,2026-04-17 17:37:00,312
ORD7051,U765,R116,2026-04-17 10:10:00,756
ORD7052,U650,R126,2026-04-17 11:18:00,731
ORD7053,U846,R75,2026-04-17 13:28:00,478
ORD7054,U656,R2,2026-04-17 15:39:00,570
ORD7055,U833,R143,2026-04-17 18:51:00,253
ORD7056,U799,R45,2026-04-17 12:07:00,391
ORD7057,U475,R132,2026-04-17 10:49:00,142
ORD7058,U660,R183,2026-04-17 11:21:00,466
ORD7059,U254,R132,2026-04-17 13:59:00,525
ORD7060,U141,R15,2026-04-17 17:58:00,278
ORD7061,U642,R124,2026-04-17 12:21:00,121
ORD7062,U218,R172,2026-04-17 14:07:00,157
ORD7063,U946,R171,2026-04-17 15:29:00,295
ORD7064,U148,R23,2026-04-17 12:04:00,114
ORD7065,U581,R50,2026-04-17 13:36:00,410
ORD7066,U782,R122,2026-04-17 12:57:00,102
ORD7067,U427,R157,2026-04-17 19:19:00,179
ORD7068,U480,R135,2026-04-17 11:38:00,732
ORD7069,U252,R30,2026-04-17 17:55:00,445
ORD7070,U261,R127,2026-04-17 18:28:00,635
ORD7071,U949,R136,2026-04-17 12:35:00,236
ORD7072,U798,R193,2026-04-17 19:39:00,320
ORD7073,U898,R51,2026-04-17 10:51:00,684
ORD7074,U385,R185,2026-04-17 19:33:00,459
ORD7075,U864,R119,2026-04-17 13:59:00,340
ORD7076,U701,R40,2026-04-17 10:48:00,219
ORD7077,U212,R32,2026-04-17 17:57:00,345
ORD7078,U995,R164,2026-04-17 17:52:00,446
ORD7079,U731,R159,2026-04-17 15:36:00,200
ORD7080,U753,R42,2026-04-17 13:47:00,794
ORD7081,U722,R183,2026-04-17 17:58:00,261
ORD7082,U114,R162,2026-04-17 19:08:00,584
ORD7083,U99,R25,2026-04-17 10:47:00,462
ORD7084,U579,R3,2026-04-17 16:19:00,706
ORD7085,U351,R69,2026-04-17 17:59:00,766
ORD7086,U692,R192,2026-04-17 13:44:00,513
ORD7087,U229,R36,2026-04-17 17:31:00,150
ORD7088,U701,R2,2026-04-17 12:11:00,632
ORD7089,U214,R32,2026-04-17 16:09:00,420
ORD7090,U642,R66,2026-04-17 11:34:00,217
ORD7091,U241,R83,2026-04-17 17:34:00,263
ORD7092,U416,R102,2026-04-17 17:43:00,276
ORD7093,U47,R149,2026-04-17 11:34:00,796
ORD7094,U512,R6,2026-04-17 10:03:00,141
ORD7095,U271,R138,2026-04-17 16:35:00,205
ORD7096,U231,R83,2026-04-17 14:56:00,136
ORD7097,U826,R169,2026-04-17 18:08:00,720
ORD7098,U505,R92,2026-04-17 12:20:00,100
ORD7099,U935,R103,2026-04-17 16:13:00,521
ORD7100,U959,R53,2026-04-17 17:14:00,389
ORD7101,U970,R142,2026-04-17 12:09:00,746
ORD7102,U19,R83,2026-04-17 14:46:00,778
ORD7103,U552,R160,2026-04-17 17:17:00,344
ORD7104,U639,R82,2026-04-17 15:24:00,240
ORD7105,U93,R160,2026-04-17 18:18:00,537
ORD7106,U156,R62,2026-04-17 12:24:00,711
ORD7107,U566,R141,2026-04-17 15:59:00,682
ORD7108,U986,R64,2026-04-17 15:03:00,224
ORD7109,U216,R147,2026-04-17 17:40:00,507
ORD7110,U106,R200,2026-04-17 17:37:00,190
ORD7111,U65,R134,2026-04-17 17:52:00,701
ORD7112,U198,R193,2026-04-17 11:19:00,628
ORD7113,U835,R43,2026-04-17 12:20:00,751
ORD7114,U19,R128,2026-04-17 10:27:00,372
ORD7115,U39,R148,2026-04-17 17:34:00,423
ORD7116,U556,R184,2026-04-17 13:09:00,186
ORD7117,U97,R184,2026-04-17 19:53:00,327
ORD7118,U36,R23,2026-04-17 15:20:00,647
ORD7119,U641,R165,2026-04-17 18:38:00,118
ORD7120,U879,R21,2026-04-17 11:49:00,135
ORD7121,U432,R40,2026-04-17 17:32:00,579
ORD7122,U341,R16,2026-04-17 11:33:00,256
ORD7123,U261,R138,2026-04-17 13:10:00,176
ORD7124,U913,R72,2026-04-17 17:27:00,468
ORD7125,U115,R110,2026-04-17 15:56:00,307
ORD7126,U190,R73,2026-04-17 17:12:00,612
ORD7127,U290,R132,2026-04-17 14:25:00,405
ORD7128,U727,R158,2026-04-17 10:14:00,720
ORD7129,U390,R56,2026-04-17 19:56:00,760
ORD7130,U553,R56,2026-04-17 15:44:00,704
ORD7131,U37,R90,2026-04-17 12:58:00,211
ORD7132,U991,R113,2026-04-17 12:54:00,659
ORD7133,U392,R42,2026-04-17 11:17:00,391
ORD7134,U574,R125,2026-04-17 15:32:00,306
ORD7135,U102,R162,2026-04-17 11:43:00,425
ORD7136,U26,R45,2026-04-17 13:02:00,255
ORD7137,U355,R17,2026-04-17 17:04:00,455
ORD7138,U68,R131,2026-04-17 16:15:00,238
ORD7139,U781,R22,2026-04-17 15:40:00,763
ORD7140,U449,R114,2026-04-17 14:24:00,709
ORD7141,U683,R177,2026-04-17 10:03:00,194
ORD7142,U860,R57,2026-04-17 19:15:00,552
ORD7143,U809,R74,2026-04-17 19:36:00,635
ORD7144,U972,R117,2026-04-17 19:38:00,263
ORD7145,U607,R139,2026-04-17 19:33:00,266
ORD7146,U687,R113,2026-04-17 10:19:00,408
ORD7147,U659,R55,2026-04-17 12:04:00,783
ORD7148,U164,R123,2026-04-17 10:40:00,504
ORD7149,U840,R165,2026-04-17 12:08:00,363
ORD7150,U25,R199,2026-04-17 17:08:00,479
ORD7151,U386,R154,2026-04-17 15:35:00,284
ORD7152,U862,R198,2026-04-17 13:14:00,123
ORD7153,U887,R140,2026-04-17 12:37:00,194
ORD7154,U902,R184,2026-04-17 14:15:00,267
ORD7155,U299,R18,2026-04-17 15:08:00,785
ORD7156,U638,R4,2026-04-17 13:46:00,692
ORD7157,U586,R42,2026-04-17 17:25:00,480
ORD7158,U77,R90,2026-04-17 10:53:00,149
ORD7159,U90,R176,2026-04-17 11:26:00,121
ORD7160,U20,R5,2026-04-17 14:54:00,358
ORD7161,U906,R142,2026-04-17 12:26:00,598
ORD7162,U897,R39,2026-04-17 18:29:00,353
ORD7163,U695,R64,2026-04-17 17:23:00,779
ORD7164,U47,R183,2026-04-17 13:04:00,377
ORD7165,U49,R3,2026-04-17 18:48:00,416
ORD7166,U936,R159,2026-04-17 15:21:00,675
ORD7167,U591,R120,2026-04-17 19:16:00,722
ORD7168,U422,R22,2026-04-17 13:48:00,233
ORD7169,U160,R7,2026-04-17 18:45:00,150
ORD7170,U735,R7,2026-04-17 11:35:00,777
ORD7171,U775,R125,2026-04-17 13:32:00,128
ORD7172,U325,R33,2026-04-17 12:19:00,478
ORD7173,U868,R147,2026-04-17 16:16:00,112
ORD7174,U941,R115,2026-04-17 19:27:00,257
ORD7175,U257,R50,2026-04-17 12:04:00,571
ORD7176,U65,R157,2026-04-17 13:34:00,581
ORD7177,U9,R77,2026-04-17 15:48:00,755
ORD7178,U992,R1,2026-04-17 13:32:00,521
ORD7179,U180,R134,2026-04-17 12:53:00,357
ORD7180,U702,R33,2026-04-17 11:24:00,465
ORD7181,U9,R52,2026-04-17 11:54:00,332
ORD7182,U794,R180,2026-04-17 15:23:00,356
ORD7183,U493,R163,2026-04-17 14:33:00,559
ORD7184,U320,R98,2026-04-17 16:21:00,264
ORD7185,U880,R86,2026-04-17 14:22:00,570
ORD7186,U104,R35,2026-04-17 16:24:00,324
ORD7187,U65,R108,2026-04-17 15:03:00,511
ORD7188,U944,R18,2026-04-17 10:38:00,711
ORD7189,U809,R41,2026-04-17 14:55:00,549
ORD7190,U555,R113,2026-04-17 11:32:00,794
ORD7191,U641,R48,2026-04-17 11:35:00,344
ORD7192,U379,R168,2026-04-17 18:41:00,124
ORD7193,U207,R86,2026-04-17 12:42:00,300
ORD7194,U620,R150,2026-04-17 19:11:00,728
ORD7195,U88,R22,2026-04-17 10:04:00,103
ORD7196,U560,R117,2026-04-17 14:05:00,121
ORD7197,U653,R177,2026-04-17 14:24:00,522
ORD7198,U139,R25,2026-04-17 18:25:00,343
ORD7199,U796,R149,2026-04-17 14:21:00,669
ORD7200,U883,R130,2026-04-17 15:16:00,110
ORD7201,U179,R61,2026-04-17 16:34:00,764
ORD7202,U969,R125,2026-04-17 15:07:00,405
ORD7203,U388,R59,2026-04-17 11:03:00,122
ORD7204,U369,R113,2026-04-17 15:31:00,354
ORD7205,U311,R86,2026-04-17 19:28:00,148
ORD7206,U288,R93,2026-04-17 18:12:00,704
ORD7207,U687,R37,2026-04-17 18:53:00,167
ORD7208,U169,R42,2026-04-17 14:34:00,365
ORD7209,U387,R190,2026-04-17 18:01:00,286
ORD7210,U945,R119,2026-04-17 17:34:00,661
ORD7211,U14,R100,2026-04-17 11:06:00,760
ORD7212,U429,R9,2026-04-17 15:44:00,289
ORD7213,U833,R127,2026-04-17 14:25:00,416
ORD7214,U406,R24,2026-04-17 16:30:00,155
ORD7215,U501,R116,2026-04-17 16:03:00,139
ORD7216,U402,R200,2026-04-17 18:56:00,249
ORD7217,U12,R136,2026-04-17 15:54:00,765
ORD7218,U86,R6,2026-04-17 16:01:00,621
ORD7219,U635,R79,2026-04-17 10:59:00,404
ORD7220,U50,R190,2026-04-17 17:14:00,418
ORD7221,U140,R143,2026-04-17 13:04:00,643
ORD7222,U176,R156,2026-04-17 13:15:00,303
ORD7223,U302,R164,2026-04-17 17:41:00,410
ORD7224,U524,R92,2026-04-17 13:34:00,278
ORD7225,U310,R23,2026-04-17 13:41:00,307
ORD7226,U28,R131,2026-04-17 17:07:00,435
ORD7227,U541,R150,2026-04-17 14:57:00,331
ORD7228,U973,R48,2026-04-17 11:54:00,577
ORD7229,U55,R132,2026-04-17 15:59:00,310
ORD7230,U221,R91,2026-04-17 18:29:00,689
ORD7231,U834,R123,2026-04-17 13:59:00,533
ORD7232,U357,R49,2026-04-17 10:44:00,375
ORD7233,U865,R8,2026-04-17 15:33:00,333
ORD7234,U437,R53,2026-04-17 19:27:00,665
ORD7235,U919,R93,2026-04-17 18:41:00,385
ORD7236,U208,R54,2026-04-17 13:26:00,520
ORD7237,U214,R53,2026-04-17 11:53:00,171
ORD7238,U812,R114,2026-04-17 10:17:00,179
ORD7239,U404,R142,2026-04-17 14:24:00,486
ORD7240,U324,R125,2026-04-17 13:32:00,187
ORD7241,U194,R136,2026-04-17 18:44:00,371
ORD7242,U928,R157,2026-04-17 17:21:00,160
ORD7243,U681,R4,2026-04-17 12:30:00,442
ORD7244,U580,R109,2026-04-17 12:20:00,132
ORD7245,U268,R177,2026-04-17 12:51:00,144
ORD7246,U939,R170,2026-04-17 19:54:00,470
ORD7247,U854,R70,2026-04-17 19:15:00,384
ORD7248,U361,R34,2026-04-17 13:18:00,548
ORD7249,U825,R124,2026-04-17 18:13:00,584
ORD7250,U433,R117,2026-04-17 16:43:00,293
ORD7251,U387,R132,2026-04-17 10:37:00,349
ORD7252,U893,R76,2026-04-17 18:20:00,643
ORD7253,U399,R131,2026-04-17 13:25:00,212
ORD7254,U634,R200,2026-04-17 13:45:00,797
ORD7255,U54,R200,2026-04-17 11:22:00,538
ORD7256,U854,R8,2026-04-17 10:20:00,366
ORD7257,U678,R7,2026-04-17 13:36:00,561
ORD7258,U687,R66,2026-04-17 18:45:00,489
ORD7259,U766,R130,2026-04-17 13:44:00,734
ORD7260,U244,R122,2026-04-17 17:41:00,460
ORD7261,U671,R63,2026-04-17 12:06:00,529
ORD7262,U756,R114,2026-04-17 17:16:00,459
ORD7263,U81,R152,2026-04-17 16:53:00,798
ORD7264,U394,R40,2026-04-17 19:21:00,129
ORD7265,U60,R149,2026-04-17 18:42:00,787
ORD7266,U952,R131,2026-04-17 18:04:00,237
ORD7267,U391,R34,2026-04-17 18:40:00,296
ORD7268,U850,R50,2026-04-17 14:01:00,688
ORD7269,U297,R108,2026-04-17 10:58:00,653
ORD7270,U937,R132,2026-04-17 15:14:00,734
ORD7271,U476,R142,2026-04-17 19:48:00,632
ORD7272,U801,R183,2026-04-17 19:28:00,131
ORD7273,U493,R15,2026-04-17 12:00:00,270
ORD7274,U643,R120,2026-04-17 10:28:00,204
ORD7275,U567,R128,2026-04-17 14:20:00,554
ORD7276,U170,R35,2026-04-17 10:43:00,446
ORD7277,U626,R42,2026-04-17 10:18:00,474
ORD7278,U33,R93,2026-04-17 11:13:00,534
ORD7279,U349,R89,2026-04-17 13:10:00,596
ORD7280,U490,R104,2026-04-17 14:03:00,108
ORD7281,U604,R196,2026-04-17 11:43:00,516
ORD7282,U453,R120,2026-04-17 15:31:00,532
ORD7283,U575,R174,2026-04-17 16:23:00,363
ORD7284,U808,R12,2026-04-17 18:18:00,357
ORD7285,U396,R83,2026-04-17 12:47:00,769
ORD7286,U315,R153,2026-04-17 14:18:00,442
ORD7287,U92,R196,2026-04-17 11:05:00,576
ORD7288,U628,R159,2026-04-17 19:06:00,289
ORD7289,U937,R168,2026-04-17 16:56:00,200
ORD7290,U739,R136,2026-04-17 13:07:00,790
ORD7291,U15,R171,2026-04-17 17:47:00,256
ORD7292,U494,R147,2026-04-17 17:31:00,236
ORD7293,U303,R195,2026-04-17 16:41:00,233
ORD7294,U336,R180,2026-04-17 15:11:00,565
ORD7295,U251,R162,2026-04-17 13:59:00,766
ORD7296,U627,R155,2026-04-17 14:50:00,649
ORD7297,U125,R123,2026-04-17 14:24:00,546
ORD7298,U153,R68,2026-04-17 12:53:00,693
ORD7299,U491,R173,2026-04-17 13:30:00,769
ORD7300,U373,R22,2026-04-17 19:14:00,395
ORD7301,U767,R97,2026-04-17 19:17:00,644
ORD7302,U258,R122,2026-04-17 14:57:00,773
ORD7303,U964,R184,2026-04-17 12:14:00,191
ORD7304,U743,R82,2026-04-17 15:45:00,766
ORD7305,U625,R170,2026-04-17 15:54:00,619
ORD7306,U112,R84,2026-04-17 11:53:00,178
ORD7307,U20,R50,2026-04-17 16:57:00,482
ORD7308,U375,R158,2026-04-17 12:55:00,739
ORD7309,U627,R178,2026-04-17 12:05:00,502
ORD7310,U188,R145,2026-04-17 15:32:00,128
ORD7311,U929,R158,2026-04-17 18:18:00,670
ORD7312,U270,R46,2026-04-17 17:13:00,580
ORD7313,U121,R183,2026-04-17 11:23:00,396
ORD7314,U689,R128,2026-04-17 12:47:00,511
ORD7315,U66,R128,2026-04-17 15:55:00,166
ORD7316,U152,R142,2026-04-17 17:56:00,364
ORD7317,U776,R95,2026-04-17 17:33:00,797
ORD7318,U290,R7,2026-04-17 13:15:00,613
ORD7319,U420,R167,2026-04-17 17:08:00,639
ORD7320,U673,R2,2026-04-17 14:55:00,736
ORD7321,U702,R142,2026-04-17 19:49:00,655
ORD7322,U68,R141,2026-04-17 16:51:00,747
ORD7323,U957,R187,2026-04-17 14:51:00,500
ORD7324,U48,R195,2026-04-17 12:31:00,349
ORD7325,U938,R14,2026-04-17 12:43:00,209
ORD7326,U458,R43,2026-04-17 13:02:00,334
ORD7327,U404,R90,2026-04-17 17:41:00,634
ORD7328,U436,R91,2026-04-17 14:13:00,740
ORD7329,U342,R79,2026-04-17 13:13:00,363
ORD7330,U33,R27,2026-04-17 10:24:00,193
ORD7331,U186,R83,2026-04-17 19:42:00,316
ORD7332,U634,R58,2026-04-17 17:53:00,367
ORD7333,U837,R186,2026-04-17 19:35:00,620
ORD7334,U494,R49,2026-04-17 12:16:00,111
ORD7335,U401,R58,2026-04-17 13:45:00,400
ORD7336,U77,R103,2026-04-17 11:23:00,151
ORD7337,U293,R113,2026-04-17 13:44:00,191
ORD7338,U686,R76,2026-04-17 11:00:00,143
ORD7339,U577,R118,2026-04-17 19:37:00,230
ORD7340,U866,R7,2026-04-17 17:19:00,561
ORD7341,U704,R167,2026-04-17 18:37:00,670
ORD7342,U78,R26,2026-04-17 11:33:00,737
ORD7343,U21,R27,2026-04-17 19:23:00,533
ORD7344,U97,R107,2026-04-17 12:25:00,356
ORD7345,U238,R55,2026-04-17 13:13:00,241
ORD7346,U863,R200,2026-04-17 10:45:00,510
ORD7347,U834,R87,2026-04-17 13:00:00,557
ORD7348,U134,R194,2026-04-17 14:27:00,242
ORD7349,U580,R161,2026-04-17 17:48:00,596
ORD7350,U899,R153,2026-04-17 15:29:00,635
ORD7351,U79,R111,2026-04-17 13:42:00,570
ORD7352,U615,R152,2026-04-17 17:26:00,200
ORD7353,U807,R119,2026-04-17 18:03:00,351
ORD7354,U394,R31,2026-04-17 18:08:00,757
ORD7355,U584,R85,2026-04-17 13:58:00,579
ORD7356,U385,R111,2026-04-17 19:29:00,563
ORD7357,U263,R54,2026-04-17 11:59:00,437
ORD7358,U845,R6,2026-04-17 16:48:00,625
ORD7359,U162,R145,2026-04-17 13:24:00,321
ORD7360,U499,R98,2026-04-17 17:08:00,448
ORD7361,U487,R86,2026-04-17 18:08:00,200
ORD7362,U487,R86,2026-04-17 17:01:00,481
ORD7363,U36,R105,2026-04-17 16:24:00,536
ORD7364,U81,R156,2026-04-17 10:08:00,720
ORD7365,U602,R64,2026-04-17 12:24:00,548
ORD7366,U202,R3,2026-04-17 19:39:00,369
ORD7367,U361,R45,2026-04-17 10:28:00,547
ORD7368,U876,R200,2026-04-17 17:28:00,142
ORD7369,U8,R131,2026-04-17 12:33:00,245
ORD7370,U62,R24,2026-04-17 18:06:00,582
ORD7371,U939,R102,2026-04-17 12:05:00,426
ORD7372,U526,R180,2026-04-17 16:56:00,376
ORD7373,U600,R102,2026-04-17 18:20:00,630
ORD7374,U191,R146,2026-04-17 11:51:00,737
ORD7375,U269,R155,2026-04-17 18:03:00,286
ORD7376,U684,R110,2026-04-17 18:57:00,479
ORD7377,U669,R191,2026-04-17 10:43:00,604
ORD7378,U197,R122,2026-04-17 11:12:00,211
ORD7379,U522,R43,2026-04-17 19:49:00,256
ORD7380,U64,R34,2026-04-17 13:26:00,788
ORD7381,U663,R193,2026-04-17 19:01:00,436
ORD7382,U937,R3,2026-04-17 11:43:00,618
ORD7383,U572,R81,2026-04-17 17:27:00,264
ORD7384,U353,R154,2026-04-17 19:42:00,424
ORD7385,U808,R24,2026-04-17 10:24:00,399
ORD7386,U829,R143,2026-04-17 19:42:00,208
ORD7387,U755,R56,2026-04-17 15:10:00,361
ORD7388,U770,R117,2026-04-17 18:31:00,466
ORD7389,U953,R167,2026-04-17 10:46:00,662
ORD7390,U377,R17,2026-04-17 15:18:00,227
ORD7391,U653,R112,2026-04-17 16:34:00,223
ORD7392,U95,R33,2026-04-17 16:06:00,411
ORD7393,U40,R100,2026-04-17 12:57:00,229
ORD7394,U128,R191,2026-04-17 19:22:00,486
ORD7395,U366,R159,2026-04-17 16:41:00,255
ORD7396,U964,R3,2026-04-17 10:28:00,457
ORD7397,U872,R190,2026-04-17 17:26:00,222
ORD7398,U404,R179,2026-04-17 11:33:00,444
ORD7399,U133,R102,2026-04-17 13:42:00,504
ORD7400,U354,R90,2026-04-17 15:31:00,517
ORD7401,U909,R19,2026-04-17 12:25:00,722
ORD7402,U833,R7,2026-04-17 10:19:00,604
ORD7403,U316,R192,2026-04-17 19:38:00,562
ORD7404,U371,R123,2026-04-17 19:54:00,434
ORD7405,U714,R191,2026-04-17 16:00:00,751
ORD7406,U972,R184,2026-04-17 11:05:00,557
ORD7407,U850,R168,2026-04-17 14:45:00,463
ORD7408,U608,R31,2026-04-17 19:24:00,245
ORD7409,U575,R27,2026-04-17 19:41:00,298
ORD7410,U226,R10,2026-04-17 14:40:00,272
ORD7411,U200,R174,2026-04-17 10:36:00,775
ORD7412,U634,R110,2026-04-17 13:12:00,785
ORD7413,U75,R167,2026-04-17 16:20:00,256
ORD7414,U708,R193,2026-04-17 14:15:00,757
ORD7415,U210,R149,2026-04-17 13:21:00,645
ORD7416,U126,R57,2026-04-17 14:42:00,705
ORD7417,U854,R8,2026-04-17 15:52:00,337
ORD7418,U607,R58,2026-04-17 11:56:00,432
ORD7419,U95,R15,2026-04-17 18:33:00,361
ORD7420,U525,R159,2026-04-17 11:21:00,350
ORD7421,U176,R175,2026-04-17 13:49:00,133
ORD7422,U530,R37,2026-04-17 16:30:00,167
ORD7423,U78,R3,2026-04-17 19:44:00,322
ORD7424,U125,R67,2026-04-17 15:46:00,325
ORD7425,U709,R158,2026-04-17 11:20:00,427
ORD7426,U812,R2,2026-04-17 12:05:00,568
ORD7427,U265,R139,2026-04-17 10:00:00,118
ORD7428,U633,R55,2026-04-17 19:06:00,645
ORD7429,U760,R152,2026-04-17 10:59:00,208
ORD7430,U250,R57,2026-04-17 11:56:00,144
ORD7431,U978,R44,2026-04-17 14:41:00,354
ORD7432,U805,R157,2026-04-17 11:16:00,181
ORD7433,U838,R153,2026-04-17 13:07:00,679
ORD7434,U706,R143,2026-04-17 16:38:00,538
ORD7435,U430,R125,2026-04-17 14:26:00,157
ORD7436,U453,R24,2026-04-17 12:15:00,412
ORD7437,U809,R149,2026-04-17 17:36:00,674
ORD7438,U545,R44,2026-04-17 10:13:00,107
ORD7439,U342,R189,2026-04-17 18:32:00,432
ORD7440,U415,R66,2026-04-17 10:21:00,424
ORD7441,U193,R89,2026-04-17 10:18:00,514
ORD7442,U785,R21,2026-04-17 12:51:00,282
ORD7443,U298,R189,2026-04-17 17:37:00,688
ORD7444,U140,R13,2026-04-17 14:18:00,707
ORD7445,U665,R159,2026-04-17 10:22:00,448
ORD7446,U209,R42,2026-04-17 18:01:00,794
ORD7447,U642,R7,2026-04-17 16:35:00,534
ORD7448,U764,R47,2026-04-17 11:11:00,174
ORD7449,U942,R91,2026-04-17 12:00:00,297
ORD7450,U925,R35,2026-04-17 11:01:00,485
ORD7451,U73,R25,2026-04-17 15:05:00,483
ORD7452,U161,R14,2026-04-17 18:34:00,285
ORD7453,U329,R107,2026-04-17 19:53:00,662
ORD7454,U982,R139,2026-04-17 13:12:00,276
ORD7455,U586,R197,2026-04-17 13:36:00,198
ORD7456,U404,R53,2026-04-17 16:21:00,717
ORD7457,U234,R2,2026-04-17 15:41:00,654
ORD7458,U564,R41,2026-04-17 13:17:00,654
ORD7459,U555,R181,2026-04-17 18:36:00,777
ORD7460,U203,R145,2026-04-17 17:40:00,787
ORD7461,U283,R160,2026-04-17 11:14:00,414
ORD7462,U192,R158,2026-04-17 16:29:00,252
ORD7463,U604,R143,2026-04-17 14:22:00,542
ORD7464,U505,R124,2026-04-17 14:39:00,379
ORD7465,U89,R149,2026-04-17 13:14:00,103
ORD7466,U238,R166,2026-04-17 15:24:00,434
ORD7467,U693,R43,2026-04-17 19:50:00,379
ORD7468,U760,R177,2026-04-17 15:47:00,346
ORD7469,U476,R130,2026-04-17 12:41:00,404
ORD7470,U573,R16,2026-04-17 12:35:00,486
ORD7471,U425,R67,2026-04-17 13:05:00,172
ORD7472,U674,R96,2026-04-17 12:27:00,587
ORD7473,U81,R194,2026-04-17 13:42:00,175
ORD7474,U173,R117,2026-04-17 19:29:00,263
ORD7475,U861,R23,2026-04-17 10:36:00,278
ORD7476,U236,R188,2026-04-17 18:08:00,235
ORD7477,U263,R4,2026-04-17 11:51:00,377
ORD7478,U902,R137,2026-04-17 18:17:00,788
ORD7479,U133,R124,2026-04-17 10:19:00,609
ORD7480,U259,R15,2026-04-17 19:26:00,596
ORD7481,U732,R137,2026-04-17 18:24:00,172
ORD7482,U526,R96,2026-04-17 12:09:00,353
ORD7483,U392,R197,2026-04-17 11:26:00,316
ORD7484,U896,R154,2026-04-17 17:11:00,140
ORD7485,U705,R17,2026-04-17 11:12:00,718
ORD7486,U258,R187,2026-04-17 11:31:00,364
ORD7487,U602,R153,2026-04-17 19:33:00,496
ORD7488,U57,R102,2026-04-17 11:29:00,568
ORD7489,U331,R71,2026-04-17 15:20:00,390
ORD7490,U271,R145,2026-04-17 14:17:00,256
ORD7491,U251,R157,2026-04-17 18:08:00,514
ORD7492,U568,R112,2026-04-17 11:26:00,168
ORD7493,U151,R59,2026-04-17 15:55:00,246
ORD7494,U755,R96,2026-04-17 18:15:00,303
ORD7495,U964,R171,2026-04-17 10:57:00,721
ORD7496,U129,R155,2026-04-17 15:08:00,400
ORD7497,U496,R200,2026-04-17 13:12:00,620
ORD7498,U261,R37,2026-04-17 16:20:00,478
ORD7499,U862,R46,2026-04-17 12:58:00,590
ORD7500,U678,R91,2026-04-17 17:03:00,275
ORD7501,U704,R164,2026-04-17 11:38:00,603
ORD7502,U90,R36,2026-04-17 17:26:00,170
ORD7503,U869,R13,2026-04-17 17:21:00,170
ORD7504,U131,R54,2026-04-17 15:00:00,574
ORD7505,U663,R27,2026-04-17 17:46:00,588
ORD7506,U902,R110,2026-04-17 17:44:00,480
ORD7507,U454,R64,2026-04-17 18:21:00,287
ORD7508,U290,R56,2026-04-17 19:02:00,183
ORD7509,U339,R40,2026-04-17 13:37:00,435
ORD7510,U117,R96,2026-04-17 10:37:00,769
ORD7511,U698,R156,2026-04-17 14:01:00,320
ORD7512,U236,R71,2026-04-17 14:24:00,178
ORD7513,U460,R53,2026-04-17 18:47:00,604
ORD7514,U299,R94,2026-04-17 19:35:00,583
ORD7515,U397,R40,2026-04-17 18:56:00,500
ORD7516,U37,R87,2026-04-17 15:20:00,175
ORD7517,U422,R168,2026-04-17 18:08:00,292
ORD7518,U842,R107,2026-04-17 15:24:00,771
ORD7519,U622,R92,2026-04-17 17:33:00,190
ORD7520,U671,R85,2026-04-17 16:07:00,671
ORD7521,U450,R124,2026-04-17 12:48:00,561
ORD7522,U950,R6,2026-04-17 17:32:00,574
ORD7523,U814,R101,2026-04-17 13:21:00,445
ORD7524,U32,R20,2026-04-17 11:50:00,207
ORD7525,U595,R15,2026-04-17 11:30:00,800
ORD7526,U755,R68,2026-04-17 12:11:00,433
ORD7527,U782,R174,2026-04-17 15:09:00,417
ORD7528,U909,R122,2026-04-17 14:47:00,214
ORD7529,U275,R156,2026-04-17 13:30:00,310
ORD7530,U694,R156,2026-04-17 19:20:00,189
ORD7531,U241,R6,2026-04-17 13:58:00,386
ORD7532,U4,R76,2026-04-17 10:34:00,487
ORD7533,U798,R54,2026-04-17 18:17:00,312
ORD7534,U386,R117,2026-04-17 18:04:00,418
ORD7535,U911,R36,2026-04-17 13:48:00,593
ORD7536,U270,R78,2026-04-17 10:12:00,545
ORD7537,U258,R2,2026-04-17 14:16:00,354
ORD7538,U952,R97,2026-04-17 17:00:00,610
ORD7539,U577,R41,2026-04-17 15:43:00,571
ORD7540,U945,R119,2026-04-17 11:30:00,200
ORD7541,U63,R153,2026-04-17 11:39:00,480
ORD7542,U632,R184,2026-04-17 19:16:00,593
ORD7543,U469,R33,2026-04-17 12:54:00,585
ORD7544,U477,R73,2026-04-17 17:36:00,163
ORD7545,U932,R111,2026-04-17 13:36:00,776
ORD7546,U311,R87,2026-04-17 19:42:00,527
ORD7547,U147,R46,2026-04-17 17:25:00,309
ORD7548,U762,R73,2026-04-17 17:13:00,369
ORD7549,U164,R67,2026-04-17 10:31:00,693
ORD7550,U736,R96,2026-04-17 16:14:00,649
ORD7551,U270,R72,2026-04-17 13:30:00,511
ORD7552,U798,R109,2026-04-17 14:57:00,461
ORD7553,U941,R22,2026-04-17 19:20:00,708
ORD7554,U528,R129,2026-04-17 18:58:00,567
ORD7555,U926,R43,2026-04-17 17:39:00,782
ORD7556,U399,R38,2026-04-17 12:59:00,141
ORD7557,U993,R36,2026-04-17 18:06:00,153
ORD7558,U368,R128,2026-04-17 14:28:00,167
ORD7559,U771,R87,2026-04-17 19:30:00,666
ORD7560,U809,R165,2026-04-17 19:45:00,604
ORD7561,U581,R119,2026-04-17 19:18:00,425
ORD7562,U674,R176,2026-04-17 18:03:00,723
ORD7563,U552,R69,2026-04-17 17:52:00,593
ORD7564,U657,R181,2026-04-17 15:54:00,458
ORD7565,U720,R1,2026-04-17 18:56:00,365
ORD7566,U516,R78,2026-04-17 14:05:00,405
ORD7567,U139,R4,2026-04-17 16:52:00,507
ORD7568,U988,R124,2026-04-17 14:57:00,616
ORD7569,U380,R67,2026-04-17 13:31:00,468
ORD7570,U604,R193,2026-04-17 16:16:00,484
ORD7571,U952,R200,2026-04-17 11:10:00,195
ORD7572,U716,R3,2026-04-17 19:22:00,699
ORD7573,U894,R182,2026-04-17 16:18:00,191
ORD7574,U812,R170,2026-04-17 16:13:00,336
ORD7575,U665,R43,2026-04-17 12:29:00,695
ORD7576,U990,R95,2026-04-17 11:17:00,147
ORD7577,U568,R40,2026-04-17 19:12:00,452
ORD7578,U64,R42,2026-04-17 18:20:00,304
ORD7579,U12,R115,2026-04-17 13:40:00,291
ORD7580,U88,R159,2026-04-17 19:39:00,642
ORD7581,U429,R69,2026-04-17 15:22:00,217
ORD7582,U647,R84,2026-04-17 13:40:00,251
ORD7583,U820,R21,2026-04-17 13:03:00,758
ORD7584,U853,R40,2026-04-17 14:28:00,265
ORD7585,U578,R50,2026-04-17 19:13:00,422
ORD7586,U484,R130,2026-04-17 11:39:00,314
ORD7587,U581,R100,2026-04-17 14:32:00,116
ORD7588,U807,R189,2026-04-17 17:38:00,611
ORD7589,U455,R79,2026-04-17 18:17:00,250
ORD7590,U981,R6,2026-04-17 13:25:00,233
ORD7591,U741,R70,2026-04-17 16:31:00,712
ORD7592,U959,R74,2026-04-17 17:34:00,707
ORD7593,U286,R142,2026-04-17 11:41:00,656
ORD7594,U339,R194,2026-04-17 18:13:00,613
ORD7595,U435,R13,2026-04-17 14:59:00,769
ORD7596,U732,R195,2026-04-17 12:37:00,768
ORD7597,U663,R59,2026-04-17 13:28:00,100
ORD7598,U982,R136,2026-04-17 13:24:00,528
ORD7599,U741,R173,2026-04-17 14:16:00,485
ORD7600,U469,R25,2026-04-17 16:13:00,746
ORD7601,U237,R195,2026-04-17 11:22:00,703
ORD7602,U933,R127,2026-04-17 11:20:00,662
ORD7603,U374,R138,2026-04-17 10:02:00,586
ORD7604,U394,R168,2026-04-17 18:37:00,685
ORD7605,U926,R101,2026-04-17 17:03:00,605
ORD7606,U432,R195,2026-04-17 14:54:00,543
ORD7607,U428,R58,2026-04-17 14:17:00,445
ORD7608,U987,R153,2026-04-17 13:23:00,480
ORD7609,U487,R153,2026-04-17 13:43:00,130
ORD7610,U280,R101,2026-04-17 17:02:00,172
ORD7611,U627,R27,2026-04-17 10:15:00,442
ORD7612,U151,R46,2026-04-17 16:16:00,507
ORD7613,U31,R99,2026-04-17 19:15:00,454
ORD7614,U110,R101,2026-04-17 17:48:00,297
ORD7615,U385,R86,2026-04-17 18:46:00,770
ORD7616,U117,R135,2026-04-17 13:56:00,621
ORD7617,U428,R102,2026-04-17 18:20:00,460
ORD7618,U973,R55,2026-04-17 19:17:00,383
ORD7619,U58,R189,2026-04-17 16:16:00,646
ORD7620,U992,R127,2026-04-17 14:55:00,713
ORD7621,U431,R34,2026-04-17 13:48:00,616
ORD7622,U940,R167,2026-04-17 15:14:00,302
ORD7623,U442,R11,2026-04-17 10:01:00,231
ORD7624,U252,R151,2026-04-17 12:09:00,390
ORD7625,U603,R199,2026-04-17 10:26:00,357
ORD7626,U909,R117,2026-04-17 10:18:00,191
ORD7627,U700,R191,2026-04-17 17:17:00,288
ORD7628,U124,R78,2026-04-17 16:09:00,717
ORD7629,U580,R65,2026-04-17 19:25:00,673
ORD7630,U321,R188,2026-04-17 13:12:00,255
ORD7631,U907,R191,2026-04-17 15:28:00,714
ORD7632,U260,R56,2026-04-17 14:35:00,382
ORD7633,U686,R51,2026-04-17 17:33:00,102
ORD7634,U224,R58,2026-04-17 16:12:00,384
ORD7635,U181,R69,2026-04-17 16:26:00,472
ORD7636,U998,R167,2026-04-17 13:02:00,573
ORD7637,U222,R4,2026-04-17 17:47:00,185
ORD7638,U537,R39,2026-04-17 18:08:00,751
ORD7639,U777,R44,2026-04-17 15:19:00,326
ORD7640,U156,R36,2026-04-17 18:48:00,712
ORD7641,U824,R61,2026-04-17 19:25:00,765
ORD7642,U301,R71,2026-04-17 12:53:00,751
ORD7643,U583,R94,2026-04-17 10:07:00,521
ORD7644,U566,R79,2026-04-17 19:23:00,507
ORD7645,U573,R200,2026-04-17 19:01:00,606
ORD7646,U438,R129,2026-04-17 14:29:00,256
ORD7647,U996,R16,2026-04-17 19:44:00,742
ORD7648,U770,R30,2026-04-17 17:47:00,449
ORD7649,U69,R7,2026-04-17 12:08:00,425
ORD7650,U742,R176,2026-04-17 16:31:00,558
ORD7651,U780,R113,2026-04-17 12:14:00,723
ORD7652,U330,R19,2026-04-17 18:22:00,716
ORD7653,U439,R66,2026-04-17 16:27:00,778
ORD7654,U29,R111,2026-04-17 13:48:00,441
ORD7655,U215,R29,2026-04-17 14:36:00,562
ORD7656,U973,R196,2026-04-17 10:30:00,243
ORD7657,U365,R99,2026-04-17 16:17:00,769
ORD7658,U254,R106,2026-04-17 15:39:00,436
ORD7659,U176,R110,2026-04-17 15:30:00,453
ORD7660,U756,R40,2026-04-17 15:38:00,379
ORD7661,U944,R66,2026-04-17 14:23:00,653
ORD7662,U265,R119,2026-04-17 18:00:00,235
ORD7663,U921,R119,2026-04-17 19:03:00,677
ORD7664,U479,R16,2026-04-17 13:15:00,230
ORD7665,U255,R66,2026-04-17 12:09:00,272
ORD7666,U423,R145,2026-04-17 18:10:00,322
ORD7667,U96,R130,2026-04-17 10:55:00,685
ORD7668,U521,R82,2026-04-17 12:17:00,753
ORD7669,U507,R129,2026-04-17 11:28:00,227
ORD7670,U866,R26,2026-04-17 12:41:00,627
ORD7671,U69,R78,2026-04-17 16:19:00,311
ORD7672,U626,R158,2026-04-17 10:03:00,401
ORD7673,U240,R62,2026-04-17 13:51:00,482
ORD7674,U703,R128,2026-04-17 12:49:00,306
ORD7675,U728,R37,2026-04-17 17:20:00,415
ORD7676,U327,R154,2026-04-17 19:28:00,446
ORD7677,U763,R55,2026-04-17 16:25:00,374
ORD7678,U876,R100,2026-04-17 15:26:00,581
ORD7679,U810,R3,2026-04-17 17:21:00,365
ORD7680,U622,R129,2026-04-17 10:25:00,643
ORD7681,U761,R170,2026-04-17 12:20:00,618
ORD7682,U581,R30,2026-04-17 18:24:00,395
ORD7683,U725,R166,2026-04-17 11:04:00,772
ORD7684,U505,R109,2026-04-17 14:42:00,635
ORD7685,U927,R160,2026-04-17 18:54:00,315
ORD7686,U856,R148,2026-04-17 19:49:00,220
ORD7687,U488,R121,2026-04-17 15:37:00,204
ORD7688,U685,R146,2026-04-17 15:32:00,381
ORD7689,U282,R179,2026-04-17 13:33:00,536
ORD7690,U382,R143,2026-04-17 19:28:00,142
ORD7691,U617,R14,2026-04-17 10:07:00,200
ORD7692,U974,R174,2026-04-17 12:57:00,314
ORD7693,U5,R71,2026-04-17 14:55:00,240
ORD7694,U810,R35,2026-04-17 15:11:00,184
ORD7695,U543,R170,2026-04-17 15:41:00,366
ORD7696,U948,R174,2026-04-17 18:20:00,692
ORD7697,U296,R8,2026-04-17 18:18:00,284
ORD7698,U481,R42,2026-04-17 12:14:00,189
ORD7699,U649,R94,2026-04-17 12:23:00,455
ORD7700,U289,R132,2026-04-17 14:35:00,679
ORD7701,U584,R90,2026-04-17 19:44:00,755
ORD7702,U954,R14,2026-04-17 10:32:00,105
ORD7703,U117,R31,2026-04-17 16:45:00,440
ORD7704,U632,R69,2026-04-17 19:16:00,223
ORD7705,U213,R143,2026-04-17 11:06:00,361
ORD7706,U190,R94,2026-04-17 11:05:00,675
ORD7707,U229,R140,2026-04-17 11:53:00,171
ORD7708,U847,R179,2026-04-17 15:36:00,673
ORD7709,U353,R122,2026-04-17 10:46:00,479
ORD7710,U78,R37,2026-04-17 16:05:00,503
ORD7711,U781,R146,2026-04-17 14:24:00,559
ORD7712,U655,R186,2026-04-17 11:34:00,735
ORD7713,U351,R41,2026-04-17 10:00:00,769
ORD7714,U106,R26,2026-04-17 10:49:00,481
ORD7715,U728,R21,2026-04-17 19:45:00,726
ORD7716,U197,R46,2026-04-17 17:49:00,177
ORD7717,U905,R145,2026-04-17 19:14:00,745
ORD7718,U83,R142,2026-04-17 14:08:00,338
ORD7719,U926,R170,2026-04-17 19:12:00,589
ORD7720,U610,R127,2026-04-17 14:30:00,462
ORD7721,U171,R165,2026-04-17 12:27:00,425
ORD7722,U224,R170,2026-04-17 14:20:00,455
ORD7723,U428,R50,2026-04-17 16:19:00,623
ORD7724,U972,R4,2026-04-17 14:26:00,309
ORD7725,U248,R36,2026-04-17 18:20:00,505
ORD7726,U73,R37,2026-04-17 19:09:00,304
ORD7727,U946,R19,2026-04-17 11:20:00,383
ORD7728,U112,R194,2026-04-17 15:46:00,657
ORD7729,U798,R171,2026-04-17 19:35:00,278
ORD7730,U188,R108,2026-04-17 13:20:00,628
ORD7731,U612,R104,2026-04-17 15:21:00,598
ORD7732,U627,R180,2026-04-17 10:38:00,557
ORD7733,U63,R146,2026-04-17 17:25:00,306
ORD7734,U475,R119,2026-04-17 11:22:00,357
ORD7735,U989,R123,2026-04-17 10:59:00,388
ORD7736,U327,R194,2026-04-17 17:50:00,590
ORD7737,U72,R118,2026-04-17 17:13:00,404
ORD7738,U513,R106,2026-04-17 16:23:00,384
ORD7739,U552,R21,2026-04-17 15:35:00,303
ORD7740,U662,R32,2026-04-17 13:38:00,341
ORD7741,U774,R198,2026-04-17 12:57:00,398
ORD7742,U132,R69,2026-04-17 10:57:00,253
ORD7743,U973,R126,2026-04-17 14:29:00,640
ORD7744,U683,R92,2026-04-17 13:57:00,183
ORD7745,U669,R131,2026-04-17 11:52:00,795
ORD7746,U986,R115,2026-04-17 15:43:00,134
ORD7747,U493,R36,2026-04-17 17:28:00,531
ORD7748,U315,R124,2026-04-17 16:08:00,333
ORD7749,U209,R97,2026-04-17 12:33:00,518
ORD7750,U767,R112,2026-04-17 15:35:00,507
ORD7751,U715,R88,2026-04-17 14:16:00,555
ORD7752,U281,R2,2026-04-17 13:05:00,325
ORD7753,U802,R196,2026-04-17 18:20:00,330
ORD7754,U711,R155,2026-04-17 19:35:00,602
ORD7755,U43,R79,2026-04-17 14:35:00,588
ORD7756,U127,R110,2026-04-17 12:34:00,447
ORD7757,U335,R112,2026-04-17 18:29:00,399
ORD7758,U221,R183,2026-04-17 14:58:00,607
ORD7759,U362,R95,2026-04-17 10:35:00,331
ORD7760,U738,R33,2026-04-17 10:27:00,346
ORD7761,U708,R125,2026-04-17 16:44:00,141
ORD7762,U805,R22,2026-04-17 16:45:00,403
ORD7763,U99,R131,2026-04-17 19:18:00,100
ORD7764,U837,R125,2026-04-17 11:51:00,334
ORD7765,U781,R163,2026-04-17 14:25:00,599
ORD7766,U344,R74,2026-04-17 16:33:00,192
ORD7767,U7,R191,2026-04-17 13:21:00,141
ORD7768,U335,R189,2026-04-17 19:14:00,473
ORD7769,U59,R141,2026-04-17 15:24:00,583
ORD7770,U777,R36,2026-04-17 11:07:00,556
ORD7771,U311,R9,2026-04-17 14:27:00,189
ORD7772,U990,R115,2026-04-17 18:23:00,152
ORD7773,U30,R117,2026-04-17 14:49:00,571
ORD7774,U42,R59,2026-04-17 14:44:00,587
ORD7775,U496,R30,2026-04-17 10:13:00,370
ORD7776,U543,R159,2026-04-17 17:25:00,456
ORD7777,U902,R29,2026-04-17 18:42:00,344
ORD7778,U372,R83,2026-04-17 11:02:00,633
ORD7779,U67,R161,2026-04-17 16:15:00,646
ORD7780,U939,R22,2026-04-17 15:33:00,685
ORD7781,U471,R68,2026-04-17 16:47:00,699
ORD7782,U483,R41,2026-04-17 13:39:00,572
ORD7783,U584,R187,2026-04-17 17:18:00,364
ORD7784,U685,R2,2026-04-17 16:02:00,587
ORD7785,U268,R8,2026-04-17 11:38:00,731
ORD7786,U214,R36,2026-04-17 18:39:00,256
ORD7787,U188,R84,2026-04-17 13:11:00,131
ORD7788,U78,R153,2026-04-17 13:48:00,642
ORD7789,U395,R112,2026-04-17 18:11:00,287
ORD7790,U738,R4,2026-04-17 14:39:00,794
ORD7791,U887,R161,2026-04-17 17:00:00,136
ORD7792,U701,R124,2026-04-17 14:21:00,672
ORD7793,U270,R12,2026-04-17 11:07:00,671
ORD7794,U102,R61,2026-04-17 13:34:00,795
ORD7795,U701,R3,2026-04-17 16:54:00,286
ORD7796,U308,R75,2026-04-17 12:42:00,561
ORD7797,U478,R43,2026-04-17 19:33:00,467
ORD7798,U564,R97,2026-04-17 13:40:00,466
ORD7799,U272,R14,2026-04-17 16:13:00,525
ORD7800,U903,R18,2026-04-17 12:33:00,644
ORD7801,U956,R108,2026-04-17 18:44:00,628
ORD7802,U102,R88,2026-04-17 11:08:00,663
ORD7803,U661,R20,2026-04-17 11:22:00,344
ORD7804,U513,R95,2026-04-17 15:41:00,393
ORD7805,U341,R132,2026-04-17 12:13:00,700
ORD7806,U223,R126,2026-04-17 18:37:00,211
ORD7807,U431,R178,2026-04-17 17:47:00,264
ORD7808,U458,R87,2026-04-17 12:00:00,523
ORD7809,U419,R193,2026-04-17 11:55:00,177
ORD7810,U451,R3,2026-04-17 17:54:00,360
ORD7811,U917,R47,2026-04-17 10:52:00,517
ORD7812,U352,R146,2026-04-17 17:29:00,238
ORD7813,U894,R107,2026-04-17 10:01:00,572
ORD7814,U832,R57,2026-04-17 18:35:00,256
ORD7815,U702,R168,2026-04-17 12:32:00,206
ORD7816,U518,R5,2026-04-17 13:08:00,758
ORD7817,U414,R91,2026-04-17 12:21:00,771
ORD7818,U881,R34,2026-04-17 17:57:00,684
ORD7819,U843,R63,2026-04-17 15:34:00,789
ORD7820,U690,R75,2026-04-17 13:24:00,473
ORD7821,U354,R196,2026-04-17 14:25:00,346
ORD7822,U897,R98,2026-04-17 19:51:00,771
ORD7823,U515,R71,2026-04-17 16:59:00,151
ORD7824,U749,R92,2026-04-17 11:04:00,387
ORD7825,U267,R88,2026-04-17 13:16:00,373
ORD7826,U35,R48,2026-04-17 14:17:00,666
ORD7827,U516,R195,2026-04-17 18:15:00,674
ORD7828,U601,R64,2026-04-17 18:07:00,662
ORD7829,U890,R112,2026-04-17 18:45:00,445
ORD7830,U414,R144,2026-04-17 14:26:00,650
ORD7831,U454,R198,2026-04-17 10:58:00,145
ORD7832,U768,R125,2026-04-17 13:34:00,296
ORD7833,U127,R179,2026-04-17 18:05:00,254
ORD7834,U747,R187,2026-04-17 10:56:00,389
ORD7835,U579,R160,2026-04-17 13:45:00,285
ORD7836,U821,R85,2026-04-17 17:38:00,791
ORD7837,U156,R175,2026-04-17 18:36:00,297
ORD7838,U825,R2,2026-04-17 17:52:00,640
ORD7839,U696,R123,2026-04-17 16:48:00,435
ORD7840,U29,R110,2026-04-17 14:56:00,355
ORD7841,U673,R198,2026-04-17 13:21:00,145
ORD7842,U398,R20,2026-04-17 15:19:00,168
ORD7843,U898,R9,2026-04-17 11:09:00,653
ORD7844,U125,R60,2026-04-17 13:13:00,545
ORD7845,U50,R165,2026-04-17 10:21:00,528
ORD7846,U503,R25,2026-04-17 16:01:00,759
ORD7847,U205,R96,2026-04-17 12:53:00,432
ORD7848,U392,R145,2026-04-17 19:56:00,693
ORD7849,U721,R140,2026-04-17 11:04:00,611
ORD7850,U745,R108,2026-04-17 19:15:00,254
ORD7851,U479,R23,2026-04-17 11:15:00,102
ORD7852,U550,R175,2026-04-17 16:28:00,758
ORD7853,U359,R72,2026-04-17 18:11:00,689
ORD7854,U482,R41,2026-04-17 19:51:00,694
ORD7855,U546,R11,2026-04-17 16:20:00,328
ORD7856,U420,R70,2026-04-17 13:06:00,268
ORD7857,U294,R120,2026-04-17 12:07:00,117
ORD7858,U792,R92,2026-04-17 14:17:00,451
ORD7859,U121,R178,2026-04-17 17:19:00,302
ORD7860,U463,R108,2026-04-17 13:53:00,398
ORD7861,U188,R60,2026-04-17 15:51:00,470
ORD7862,U238,R119,2026-04-17 18:53:00,192
ORD7863,U81,R20,2026-04-17 16:34:00,562
ORD7864,U263,R90,2026-04-17 18:37:00,288
ORD7865,U557,R105,2026-04-17 16:33:00,195
ORD7866,U512,R102,2026-04-17 10:53:00,414
ORD7867,U721,R84,2026-04-17 16:27:00,625
ORD7868,U110,R13,2026-04-17 12:26:00,585
ORD7869,U736,R97,2026-04-17 18:20:00,255
ORD7870,U646,R8,2026-04-17 14:57:00,117
ORD7871,U926,R127,2026-04-17 16:32:00,481
ORD7872,U757,R45,2026-04-17 10:27:00,538
ORD7873,U380,R40,2026-04-17 14:49:00,698
ORD7874,U43,R158,2026-04-17 15:29:00,718
ORD7875,U815,R6,2026-04-17 12:57:00,470
ORD7876,U800,R74,2026-04-17 11:35:00,694
ORD7877,U652,R101,2026-04-17 11:02:00,610
ORD7878,U523,R178,2026-04-17 16:03:00,317
ORD7879,U942,R20,2026-04-17 19:03:00,173
ORD7880,U282,R7,2026-04-17 11:15:00,413
ORD7881,U247,R188,2026-04-17 19:49:00,790
ORD7882,U883,R83,2026-04-17 19:41:00,256
ORD7883,U918,R195,2026-04-17 18:37:00,337
ORD7884,U557,R123,2026-04-17 18:44:00,430
ORD7885,U789,R111,2026-04-17 13:54:00,183
ORD7886,U707,R46,2026-04-17 14:33:00,161
ORD7887,U138,R1,2026-04-17 11:11:00,346
ORD7888,U522,R90,2026-04-17 11:58:00,385
ORD7889,U316,R75,2026-04-17 14:48:00,614
ORD7890,U380,R65,2026-04-17 11:26:00,268
ORD7891,U581,R22,2026-04-17 13:05:00,228
ORD7892,U847,R98,2026-04-17 15:38:00,528
ORD7893,U941,R156,2026-04-17 16:02:00,188
ORD7894,U399,R128,2026-04-17 15:08:00,101
ORD7895,U460,R88,2026-04-17 13:42:00,476
ORD7896,U487,R156,2026-04-17 12:27:00,351
ORD7897,U301,R73,2026-04-17 12:05:00,187
ORD7898,U282,R55,2026-04-17 15:38:00,492
ORD7899,U257,R175,2026-04-17 19:05:00,107
ORD7900,U642,R104,2026-04-17 15:11:00,429
ORD7901,U224,R114,2026-04-17 19:58:00,275
ORD7902,U575,R27,2026-04-17 10:11:00,715
ORD7903,U279,R74,2026-04-17 19:01:00,319
ORD7904,U483,R63,2026-04-17 16:42:00,314
ORD7905,U412,R39,2026-04-17 10:10:00,437
ORD7906,U432,R187,2026-04-17 18:38:00,473
ORD7907,U877,R138,2026-04-17 16:40:00,390
ORD7908,U858,R53,2026-04-17 18:42:00,319
ORD7909,U573,R72,2026-04-17 17:45:00,764
ORD7910,U700,R15,2026-04-17 19:16:00,309
ORD7911,U478,R118,2026-04-17 11:27:00,422
ORD7912,U678,R124,2026-04-17 15:00:00,157
ORD7913,U655,R175,2026-04-17 14:31:00,239
ORD7914,U97,R143,2026-04-17 13:14:00,694
ORD7915,U505,R6,2026-04-17 12:21:00,128
ORD7916,U97,R178,2026-04-17 10:52:00,409
ORD7917,U93,R66,2026-04-17 14:33:00,289
ORD7918,U375,R28,2026-04-17 17:22:00,688
ORD7919,U598,R87,2026-04-17 14:51:00,724
ORD7920,U896,R129,2026-04-17 13:19:00,363
ORD7921,U23,R35,2026-04-17 10:19:00,608
ORD7922,U787,R165,2026-04-17 19:59:00,755
ORD7923,U519,R109,2026-04-17 13:03:00,645
ORD7924,U284,R149,2026-04-17 10:28:00,753
ORD7925,U753,R113,2026-04-17 10:45:00,358
ORD7926,U254,R23,2026-04-17 15:57:00,486
ORD7927,U746,R117,2026-04-17 19:15:00,304
ORD7928,U404,R34,2026-04-17 15:47:00,638
ORD7929,U874,R36,2026-04-17 13:14:00,674
ORD7930,U361,R60,2026-04-17 12:07:00,216
ORD7931,U19,R118,2026-04-17 11:49:00,659
ORD7932,U779,R179,2026-04-17 11:39:00,397
ORD7933,U388,R160,2026-04-17 11:04:00,150
ORD7934,U489,R35,2026-04-17 18:46:00,563
ORD7935,U790,R171,2026-04-17 15:06:00,133
ORD7936,U451,R15,2026-04-17 10:46:00,236
ORD7937,U545,R133,2026-04-17 12:48:00,248
ORD7938,U613,R78,2026-04-17 12:57:00,378
ORD7939,U938,R110,2026-04-17 15:01:00,423
ORD7940,U11,R20,2026-04-17 11:33:00,163
ORD7941,U710,R120,2026-04-17 11:43:00,300
ORD7942,U312,R176,2026-04-17 19:24:00,589
ORD7943,U488,R68,2026-04-17 19:38:00,239
ORD7944,U519,R141,2026-04-17 17:29:00,490
ORD7945,U613,R96,2026-04-17 18:12:00,365
ORD7946,U552,R172,2026-04-17 11:19:00,315
ORD7947,U7,R75,2026-04-17 12:25:00,410
ORD7948,U626,R41,2026-04-17 10:12:00,217
ORD7949,U909,R69,2026-04-17 19:06:00,771
ORD7950,U716,R119,2026-04-17 17:17:00,744
ORD7951,U604,R68,2026-04-17 16:05:00,159
ORD7952,U821,R35,2026-04-17 11:16:00,183
ORD7953,U150,R115,2026-04-17 13:19:00,674
ORD7954,U958,R98,2026-04-17 14:06:00,109
ORD7955,U542,R64,2026-04-17 17:34:00,355
ORD7956,U940,R189,2026-04-17 14:15:00,375
ORD7957,U976,R28,2026-04-17 19:41:00,547
ORD7958,U919,R185,2026-04-17 13:52:00,102
ORD7959,U846,R24,2026-04-17 19:24:00,419
ORD7960,U262,R111,2026-04-17 14:49:00,302
ORD7961,U526,R19,2026-04-17 16:04:00,212
ORD7962,U123,R110,2026-04-17 14:42:00,799
ORD7963,U989,R195,2026-04-17 16:39:00,448
ORD7964,U205,R55,2026-04-17 11:31:00,570
ORD7965,U876,R11,2026-04-17 13:53:00,515
ORD7966,U250,R197,2026-04-17 19:01:00,572
ORD7967,U796,R76,2026-04-17 18:25:00,275
ORD7968,U565,R162,2026-04-17 18:37:00,624
ORD7969,U2,R88,2026-04-17 10:44:00,606
ORD7970,U449,R30,2026-04-17 10:57:00,320
ORD7971,U110,R114,2026-04-17 12:47:00,599
ORD7972,U546,R102,2026-04-17 13:43:00,473
ORD7973,U594,R165,2026-04-17 14:14:00,292
ORD7974,U862,R94,2026-04-17 14:25:00,151
ORD7975,U707,R12,2026-04-17 12:37:00,574
ORD7976,U42,R94,2026-04-17 12:04:00,230
ORD7977,U364,R79,2026-04-17 10:14:00,637
ORD7978,U112,R42,2026-04-17 18:30:00,486
ORD7979,U367,R160,2026-04-17 18:43:00,779
ORD7980,U691,R94,2026-04-17 15:46:00,157
ORD7981,U240,R18,2026-04-17 11:36:00,363
ORD7982,U358,R163,2026-04-17 12:00:00,278
ORD7983,U775,R16,2026-04-17 18:48:00,760
ORD7984,U613,R104,2026-04-17 17:39:00,383
ORD7985,U700,R118,2026-04-17 14:00:00,262
ORD7986,U918,R163,2026-04-17 12:21:00,213
ORD7987,U626,R62,2026-04-17 16:21:00,634
ORD7988,U964,R167,2026-04-17 18:29:00,273
ORD7989,U817,R25,2026-04-17 12:06:00,486
ORD7990,U767,R38,2026-04-17 19:20:00,379
ORD7991,U152,R97,2026-04-17 10:04:00,123
ORD7992,U831,R195,2026-04-17 12:31:00,172
ORD7993,U398,R48,2026-04-17 14:30:00,620
ORD7994,U18,R130,2026-04-17 18:42:00,756
ORD7995,U623,R167,2026-04-17 15:29:00,543
ORD7996,U970,R81,2026-04-17 16:34:00,656
ORD7997,U888,R35,2026-04-17 14:27:00,416
ORD7998,U996,R25,2026-04-17 18:25:00,445
ORD7999,U613,R17,2026-04-17 19:36:00,756
ORD8000,U358,R6,2026-04-17 16:50:00,236
ORD8001,U677,R85,2026-04-17 11:28:00,366
ORD8002,U306,R175,2026-04-17 14:35:00,184
ORD8003,U478,R58,2026-04-17 18:05:00,555
ORD8004,U445,R143,2026-04-17 10:54:00,718
ORD8005,U779,R182,2026-04-17 15:16:00,316
ORD8006,U878,R131,2026-04-17 19:33:00,315
ORD8007,U567,R191,2026-04-17 10:53:00,730
ORD8008,U132,R144,2026-04-17 10:15:00,658
ORD8009,U211,R155,2026-04-17 15:54:00,650
ORD8010,U843,R11,2026-04-17 17:42:00,443
ORD8011,U890,R51,2026-04-17 15:11:00,292
ORD8012,U929,R160,2026-04-17 16:29:00,532
ORD8013,U917,R161,2026-04-17 12:22:00,595
ORD8014,U182,R136,2026-04-17 16:39:00,599
ORD8015,U790,R143,2026-04-17 19:43:00,115
ORD8016,U486,R192,2026-04-17 19:22:00,586
ORD8017,U455,R90,2026-04-17 19:43:00,361
ORD8018,U313,R182,2026-04-17 17:55:00,557
ORD8019,U292,R132,2026-04-17 13:59:00,125
ORD8020,U975,R103,2026-04-17 17:10:00,376
ORD8021,U536,R177,2026-04-17 12:22:00,793
ORD8022,U564,R72,2026-04-17 16:30:00,643
ORD8023,U888,R200,2026-04-17 18:10:00,172
ORD8024,U386,R193,2026-04-17 10:56:00,217
ORD8025,U50,R95,2026-04-17 10:48:00,462
ORD8026,U335,R42,2026-04-17 12:05:00,417
ORD8027,U90,R187,2026-04-17 19:50:00,271
ORD8028,U885,R165,2026-04-17 17:26:00,345
ORD8029,U433,R178,2026-04-17 14:03:00,263
ORD8030,U245,R191,2026-04-17 13:18:00,578
ORD8031,U73,R27,2026-04-17 18:09:00,476
ORD8032,U242,R89,2026-04-17 10:07:00,254
ORD8033,U329,R29,2026-04-17 18:25:00,408
ORD8034,U520,R113,2026-04-17 19:01:00,613
ORD8035,U886,R41,2026-04-17 10:26:00,131
ORD8036,U174,R177,2026-04-17 13:54:00,634
ORD8037,U90,R153,2026-04-17 14:32:00,111
ORD8038,U244,R154,2026-04-17 14:44:00,763
ORD8039,U179,R31,2026-04-17 14:49:00,555
ORD8040,U635,R164,2026-04-17 13:22:00,187
ORD8041,U574,R109,2026-04-17 10:56:00,447
ORD8042,U577,R182,2026-04-17 11:47:00,554
ORD8043,U823,R138,2026-04-17 10:46:00,545
ORD8044,U558,R185,2026-04-17 16:59:00,244
ORD8045,U990,R72,2026-04-17 15:36:00,774
ORD8046,U887,R157,2026-04-17 17:32:00,756
ORD8047,U390,R98,2026-04-17 10:18:00,381
ORD8048,U229,R66,2026-04-17 12:39:00,782
ORD8049,U470,R23,2026-04-17 18:01:00,707
ORD8050,U728,R76,2026-04-17 18:04:00,402
ORD8051,U239,R33,2026-04-17 10:11:00,327
ORD8052,U323,R16,2026-04-17 12:14:00,126
ORD8053,U368,R162,2026-04-17 12:36:00,525
ORD8054,U289,R188,2026-04-17 12:41:00,420
ORD8055,U856,R31,2026-04-17 10:31:00,527
ORD8056,U39,R108,2026-04-17 18:50:00,175
ORD8057,U853,R39,2026-04-17 18:08:00,202
ORD8058,U516,R71,2026-04-17 18:46:00,219
ORD8059,U615,R77,2026-04-17 17:50:00,211
ORD8060,U657,R13,2026-04-17 17:49:00,406
ORD8061,U590,R5,2026-04-17 19:52:00,539
ORD8062,U227,R29,2026-04-17 12:03:00,383
ORD8063,U529,R72,2026-04-17 14:28:00,448
ORD8064,U287,R107,2026-04-17 19:06:00,549
ORD8065,U124,R94,2026-04-17 16:22:00,270
ORD8066,U913,R28,2026-04-17 14:45:00,291
ORD8067,U451,R41,2026-04-17 15:06:00,706
ORD8068,U287,R23,2026-04-17 11:33:00,393
ORD8069,U293,R188,2026-04-17 10:39:00,187
ORD8070,U177,R95,2026-04-17 14:45:00,693
ORD8071,U600,R54,2026-04-17 18:10:00,409
ORD8072,U317,R93,2026-04-17 19:47:00,672
ORD8073,U481,R20,2026-04-17 16:39:00,301
ORD8074,U970,R10,2026-04-17 12:21:00,503
ORD8075,U374,R71,2026-04-17 11:16:00,261
ORD8076,U976,R17,2026-04-17 12:49:00,175
ORD8077,U385,R139,2026-04-17 13:32:00,702
ORD8078,U305,R77,2026-04-17 10:13:00,799
ORD8079,U330,R1,2026-04-17 13:05:00,126
ORD8080,U886,R184,2026-04-17 18:59:00,451
ORD8081,U393,R58,2026-04-17 13:49:00,177
ORD8082,U162,R73,2026-04-17 16:00:00,722
ORD8083,U10,R177,2026-04-17 11:28:00,776
ORD8084,U766,R37,2026-04-17 16:35:00,116
ORD8085,U931,R149,2026-04-17 11:38:00,586
ORD8086,U533,R119,2026-04-17 12:03:00,262
ORD8087,U502,R122,2026-04-17 12:16:00,572
ORD8088,U398,R193,2026-04-17 13:42:00,574
ORD8089,U484,R29,2026-04-17 14:06:00,403
ORD8090,U314,R143,2026-04-17 12:32:00,362
ORD8091,U61,R187,2026-04-17 15:16:00,666
ORD8092,U845,R79,2026-04-17 19:47:00,262
ORD8093,U486,R108,2026-04-17 11:16:00,271
ORD8094,U245,R59,2026-04-17 18:27:00,443
ORD8095,U907,R97,2026-04-17 12:05:00,435
ORD8096,U494,R60,2026-04-17 17:59:00,433
ORD8097,U177,R128,2026-04-17 10:55:00,569
ORD8098,U59,R36,2026-04-17 12:48:00,744
ORD8099,U891,R43,2026-04-17 18:19:00,437
ORD8100,U295,R48,2026-04-17 12:05:00,574
ORD8101,U186,R9,2026-04-17 16:05:00,189
ORD8102,U360,R44,2026-04-17 10:15:00,220
ORD8103,U424,R50,2026-04-17 14:42:00,473
ORD8104,U574,R141,2026-04-17 14:48:00,251
ORD8105,U218,R185,2026-04-17 15:01:00,603
ORD8106,U98,R48,2026-04-17 18:14:00,495
ORD8107,U332,R133,2026-04-17 19:03:00,442
ORD8108,U102,R35,2026-04-17 10:31:00,556
ORD8109,U39,R199,2026-04-17 16:37:00,415
ORD8110,U306,R55,2026-04-17 12:04:00,366
ORD8111,U818,R92,2026-04-17 18:06:00,785
ORD8112,U256,R87,2026-04-17 13:06:00,270
ORD8113,U701,R157,2026-04-17 11:18:00,286
ORD8114,U536,R85,2026-04-17 10:17:00,429
ORD8115,U703,R43,2026-04-17 17:18:00,383
ORD8116,U422,R145,2026-04-17 19:24:00,268
ORD8117,U866,R66,2026-04-17 19:20:00,784
ORD8118,U280,R156,2026-04-17 19:03:00,380
ORD8119,U803,R123,2026-04-17 10:33:00,548
ORD8120,U761,R116,2026-04-17 12:08:00,302
ORD8121,U37,R48,2026-04-17 19:15:00,669
ORD8122,U895,R130,2026-04-17 14:12:00,590
ORD8123,U665,R161,2026-04-17 16:36:00,561
ORD8124,U966,R134,2026-04-17 14:16:00,775
ORD8125,U876,R196,2026-04-17 13:57:00,760
ORD8126,U348,R190,2026-04-17 17:25:00,419
ORD8127,U668,R129,2026-04-17 17:09:00,633
ORD8128,U426,R109,2026-04-17 13:38:00,661
ORD8129,U838,R71,2026-04-17 14:34:00,200
ORD8130,U963,R9,2026-04-17 19:01:00,701
ORD8131,U317,R125,2026-04-17 15:20:00,136
ORD8132,U110,R92,2026-04-17 15:20:00,707
ORD8133,U484,R105,2026-04-17 13:26:00,146
ORD8134,U305,R130,2026-04-17 17:43:00,657
ORD8135,U74,R194,2026-04-17 11:02:00,164
ORD8136,U947,R91,2026-04-17 15:27:00,603
ORD8137,U311,R108,2026-04-17 18:49:00,519
ORD8138,U445,R80,2026-04-17 17:33:00,786
ORD8139,U826,R165,2026-04-17 13:16:00,525
ORD8140,U408,R81,2026-04-17 12:26:00,163
ORD8141,U128,R93,2026-04-17 12:53:00,502
ORD8142,U886,R95,2026-04-17 16:29:00,665
ORD8143,U566,R17,2026-04-17 17:52:00,427
ORD8144,U47,R15,2026-04-17 17:20:00,454
ORD8145,U565,R27,2026-04-17 10:43:00,668
ORD8146,U780,R76,2026-04-17 12:24:00,634
ORD8147,U693,R44,2026-04-17 11:31:00,591
ORD8148,U420,R89,2026-04-17 10:06:00,146
ORD8149,U692,R123,2026-04-17 18:08:00,132
ORD8150,U28,R98,2026-04-17 10:24:00,330
ORD8151,U783,R3,2026-04-17 15:55:00,257
ORD8152,U988,R91,2026-04-17 13:37:00,428
ORD8153,U598,R71,2026-04-17 13:34:00,400
ORD8154,U252,R33,2026-04-17 16:25:00,294
ORD8155,U18,R115,2026-04-17 19:10:00,425
ORD8156,U996,R77,2026-04-17 12:00:00,700
ORD8157,U28,R12,2026-04-17 11:53:00,405
ORD8158,U224,R34,2026-04-17 15:30:00,700
ORD8159,U162,R58,2026-04-17 12:31:00,565
ORD8160,U190,R13,2026-04-17 19:17:00,750
ORD8161,U328,R115,2026-04-17 10:31:00,161
ORD8162,U611,R5,2026-04-17 10:18:00,705
ORD8163,U470,R135,2026-04-17 16:54:00,482
ORD8164,U892,R53,2026-04-17 13:57:00,244
ORD8165,U877,R199,2026-04-17 13:51:00,378
ORD8166,U574,R185,2026-04-17 11:18:00,632
ORD8167,U843,R83,2026-04-17 10:32:00,543
ORD8168,U517,R179,2026-04-17 10:48:00,502
ORD8169,U199,R23,2026-04-17 12:26:00,456
ORD8170,U574,R40,2026-04-17 17:25:00,711
ORD8171,U926,R159,2026-04-17 19:54:00,473
ORD8172,U5,R152,2026-04-17 18:21:00,665
ORD8173,U465,R103,2026-04-17 18:05:00,317
ORD8174,U25,R43,2026-04-17 10:57:00,371
ORD8175,U860,R118,2026-04-17 18:36:00,632
ORD8176,U921,R163,2026-04-17 14:05:00,402
ORD8177,U136,R111,2026-04-17 10:42:00,536
ORD8178,U723,R152,2026-04-17 11:31:00,593
ORD8179,U50,R187,2026-04-17 17:59:00,718
ORD8180,U947,R159,2026-04-17 13:17:00,761
ORD8181,U777,R156,2026-04-17 14:53:00,266
ORD8182,U73,R195,2026-04-17 13:33:00,222
ORD8183,U348,R84,2026-04-17 11:01:00,588
ORD8184,U42,R82,2026-04-17 11:51:00,319
ORD8185,U240,R176,2026-04-17 18:38:00,264
ORD8186,U660,R128,2026-04-17 11:12:00,370
ORD8187,U515,R120,2026-04-17 12:20:00,473
ORD8188,U640,R113,2026-04-17 16:41:00,404
ORD8189,U985,R14,2026-04-17 15:39:00,105
ORD8190,U984,R135,2026-04-17 18:16:00,257
ORD8191,U786,R13,2026-04-17 12:49:00,511
ORD8192,U14,R152,2026-04-17 18:52:00,769
ORD8193,U453,R85,2026-04-17 16:17:00,314
ORD8194,U58,R198,2026-04-17 10:38:00,397
ORD8195,U596,R132,2026-04-17 14:10:00,274
ORD8196,U547,R62,2026-04-17 16:45:00,572
ORD8197,U619,R14,2026-04-17 19:53:00,234
ORD8198,U332,R39,2026-04-17 11:48:00,566
ORD8199,U151,R11,2026-04-17 13:47:00,657
ORD8200,U669,R43,2026-04-17 10:04:00,457
ORD8201,U583,R200,2026-04-17 16:35:00,798
ORD8202,U580,R165,2026-04-17 13:55:00,698
ORD8203,U500,R13,2026-04-17 11:54:00,392
ORD8204,U644,R91,2026-04-17 15:33:00,601
ORD8205,U689,R65,2026-04-17 10:53:00,477
ORD8206,U570,R30,2026-04-17 16:58:00,528
ORD8207,U290,R21,2026-04-17 14:32:00,372
ORD8208,U358,R125,2026-04-17 16:55:00,408
ORD8209,U225,R183,2026-04-17 15:09:00,461
ORD8210,U298,R72,2026-04-17 18:02:00,780
ORD8211,U983,R188,2026-04-17 10:01:00,507
ORD8212,U737,R169,2026-04-17 11:04:00,233
ORD8213,U810,R80,2026-04-17 11:14:00,463
ORD8214,U153,R139,2026-04-17 15:37:00,415
ORD8215,U201,R117,2026-04-17 12:19:00,288
ORD8216,U944,R34,2026-04-17 16:43:00,304
ORD8217,U663,R15,2026-04-17 13:44:00,223
ORD8218,U471,R40,2026-04-17 11:55:00,248
ORD8219,U334,R155,2026-04-17 16:26:00,339
ORD8220,U290,R145,2026-04-17 18:04:00,331
ORD8221,U320,R184,2026-04-17 13:29:00,323
ORD8222,U91,R35,2026-04-17 12:16:00,662
ORD8223,U169,R156,2026-04-17 14:57:00,273
ORD8224,U833,R15,2026-04-17 11:38:00,780
ORD8225,U304,R129,2026-04-17 19:05:00,339
ORD8226,U308,R57,2026-04-17 18:46:00,204
ORD8227,U477,R109,2026-04-17 16:56:00,174
ORD8228,U316,R158,2026-04-17 11:52:00,275
ORD8229,U588,R146,2026-04-17 19:44:00,289
ORD8230,U776,R5,2026-04-17 15:02:00,206
ORD8231,U417,R86,2026-04-17 19:39:00,551
ORD8232,U667,R97,2026-04-17 19:40:00,541
ORD8233,U46,R181,2026-04-17 14:27:00,539
ORD8234,U786,R158,2026-04-17 14:39:00,106
ORD8235,U953,R18,2026-04-17 14:22:00,645
ORD8236,U846,R93,2026-04-17 19:33:00,765
ORD8237,U528,R37,2026-04-17 13:55:00,425
ORD8238,U796,R152,2026-04-17 17:04:00,475
ORD8239,U134,R132,2026-04-17 10:43:00,726
ORD8240,U360,R143,2026-04-17 11:30:00,369
ORD8241,U296,R108,2026-04-17 12:26:00,536
ORD8242,U423,R56,2026-04-17 10:45:00,451
ORD8243,U704,R62,2026-04-17 14:40:00,784
ORD8244,U116,R163,2026-04-17 14:34:00,104
ORD8245,U610,R151,2026-04-17 11:06:00,129
ORD8246,U1,R143,2026-04-17 18:02:00,454
ORD8247,U927,R15,2026-04-17 18:26:00,256
ORD8248,U691,R34,2026-04-17 11:36:00,240
ORD8249,U212,R188,2026-04-17 17:33:00,175
ORD8250,U996,R143,2026-04-17 14:46:00,714
ORD8251,U954,R28,2026-04-17 14:58:00,100
ORD8252,U87,R171,2026-04-17 16:38:00,290
ORD8253,U413,R192,2026-04-17 13:34:00,525
ORD8254,U587,R89,2026-04-17 13:28:00,440
ORD8255,U385,R146,2026-04-17 12:31:00,164
ORD8256,U610,R75,2026-04-17 12:11:00,251
ORD8257,U940,R78,2026-04-17 15:47:00,281
ORD8258,U59,R143,2026-04-17 17:26:00,124
ORD8259,U734,R41,2026-04-17 19:38:00,570
ORD8260,U328,R142,2026-04-17 12:28:00,624
ORD8261,U696,R176,2026-04-17 17:04:00,205
ORD8262,U272,R120,2026-04-17 13:19:00,639
ORD8263,U417,R85,2026-04-17 18:21:00,334
ORD8264,U740,R116,2026-04-17 10:57:00,627
ORD8265,U538,R85,2026-04-17 14:14:00,368
ORD8266,U785,R49,2026-04-17 11:25:00,409
ORD8267,U978,R178,2026-04-17 14:57:00,488
ORD8268,U184,R102,2026-04-17 10:13:00,641
ORD8269,U316,R197,2026-04-17 18:50:00,511
ORD8270,U43,R112,2026-04-17 17:14:00,449
ORD8271,U865,R71,2026-04-17 15:02:00,192
ORD8272,U973,R149,2026-04-17 15:42:00,179
ORD8273,U667,R181,2026-04-17 11:55:00,161
ORD8274,U247,R9,2026-04-17 15:49:00,458
ORD8275,U45,R117,2026-04-17 19:19:00,287
ORD8276,U478,R185,2026-04-17 11:05:00,371
ORD8277,U698,R153,2026-04-17 12:38:00,341
ORD8278,U133,R164,2026-04-17 17:58:00,789
ORD8279,U539,R107,2026-04-17 14:26:00,725
ORD8280,U894,R137,2026-04-17 15:30:00,196
ORD8281,U577,R157,2026-04-17 13:13:00,393
ORD8282,U529,R140,2026-04-17 19:32:00,485
ORD8283,U962,R23,2026-04-17 16:41:00,299
ORD8284,U708,R5,2026-04-17 14:00:00,418
ORD8285,U965,R119,2026-04-17 11:39:00,774
ORD8286,U866,R121,2026-04-17 13:12:00,528
ORD8287,U387,R125,2026-04-17 16:20:00,425
ORD8288,U774,R69,2026-04-17 18:12:00,767
ORD8289,U417,R138,2026-04-17 13:49:00,475
ORD8290,U669,R199,2026-04-17 14:15:00,605
ORD8291,U386,R48,2026-04-17 18:35:00,496
ORD8292,U507,R134,2026-04-17 19:39:00,470
ORD8293,U922,R115,2026-04-17 17:36:00,318
ORD8294,U291,R117,2026-04-17 19:41:00,616
ORD8295,U511,R19,2026-04-17 18:19:00,267
ORD8296,U193,R64,2026-04-17 13:38:00,664
ORD8297,U238,R164,2026-04-17 12:34:00,721
ORD8298,U155,R187,2026-04-17 10:45:00,265
ORD8299,U11,R103,2026-04-17 15:00:00,105
ORD8300,U620,R152,2026-04-17 16:39:00,637
ORD8301,U578,R189,2026-04-17 17:50:00,270
ORD8302,U690,R101,2026-04-17 13:37:00,551
ORD8303,U445,R16,2026-04-17 16:21:00,445
ORD8304,U128,R77,2026-04-17 10:02:00,189
ORD8305,U342,R163,2026-04-17 15:23:00,290
ORD8306,U279,R160,2026-04-17 17:16:00,119
ORD8307,U963,R188,2026-04-17 14:20:00,427
ORD8308,U614,R141,2026-04-17 16:54:00,278
ORD8309,U804,R91,2026-04-17 14:47:00,366
ORD8310,U78,R171,2026-04-17 14:42:00,468
ORD8311,U881,R15,2026-04-17 19:18:00,445
ORD8312,U923,R86,2026-04-17 18:54:00,262
ORD8313,U773,R141,2026-04-17 14:52:00,180
ORD8314,U437,R24,2026-04-17 13:04:00,158
ORD8315,U99,R70,2026-04-17 10:01:00,265
ORD8316,U108,R125,2026-04-17 18:09:00,706
ORD8317,U558,R200,2026-04-17 12:47:00,389
ORD8318,U601,R12,2026-04-17 13:10:00,649
ORD8319,U869,R105,2026-04-17 14:38:00,799
ORD8320,U704,R191,2026-04-17 16:35:00,158
ORD8321,U669,R104,2026-04-17 17:55:00,585
ORD8322,U341,R100,2026-04-17 13:28:00,397
ORD8323,U387,R2,2026-04-17 16:07:00,686
ORD8324,U611,R120,2026-04-17 18:39:00,373
ORD8325,U98,R42,2026-04-17 13:30:00,219
ORD8326,U414,R104,2026-04-17 14:35:00,798
ORD8327,U264,R103,2026-04-17 18:46:00,776
ORD8328,U856,R8,2026-04-17 12:58:00,444
ORD8329,U391,R31,2026-04-17 12:06:00,329
ORD8330,U282,R1,2026-04-17 11:07:00,138
ORD8331,U656,R95,2026-04-17 10:42:00,220
ORD8332,U335,R17,2026-04-17 19:41:00,183
ORD8333,U591,R195,2026-04-17 14:49:00,704
ORD8334,U104,R156,2026-04-17 17:35:00,665
ORD8335,U203,R123,2026-04-17 15:34:00,626
ORD8336,U907,R197,2026-04-17 16:50:00,638
ORD8337,U878,R151,2026-04-17 15:02:00,458
ORD8338,U469,R196,2026-04-17 17:31:00,485
ORD8339,U1000,R132,2026-04-17 12:00:00,285
ORD8340,U425,R39,2026-04-17 16:31:00,558
ORD8341,U540,R62,2026-04-17 15:05:00,615
ORD8342,U256,R130,2026-04-17 11:53:00,531
ORD8343,U95,R163,2026-04-17 19:54:00,590
ORD8344,U917,R16,2026-04-17 12:24:00,654
ORD8345,U584,R116,2026-04-17 17:38:00,360
ORD8346,U200,R164,2026-04-17 19:15:00,750
ORD8347,U209,R18,2026-04-17 12:52:00,761
ORD8348,U625,R147,2026-04-17 17:01:00,555
ORD8349,U469,R61,2026-04-17 19:56:00,109
ORD8350,U140,R3,2026-04-17 18:17:00,559
ORD8351,U136,R188,2026-04-17 17:22:00,201
ORD8352,U980,R25,2026-04-17 11:17:00,216
ORD8353,U571,R161,2026-04-17 18:52:00,257
ORD8354,U565,R167,2026-04-17 13:12:00,725
ORD8355,U766,R124,2026-04-17 17:07:00,182
ORD8356,U843,R176,2026-04-17 11:56:00,593
ORD8357,U421,R41,2026-04-17 19:45:00,752
ORD8358,U889,R181,2026-04-17 16:49:00,411
ORD8359,U861,R104,2026-04-17 10:39:00,569
ORD8360,U138,R188,2026-04-17 16:54:00,682
ORD8361,U63,R69,2026-04-17 11:43:00,392
ORD8362,U484,R115,2026-04-17 11:58:00,681
ORD8363,U954,R32,2026-04-17 11:36:00,738
ORD8364,U39,R79,2026-04-17 14:22:00,375
ORD8365,U978,R121,2026-04-17 13:04:00,348
ORD8366,U66,R84,2026-04-17 17:39:00,582
ORD8367,U695,R122,2026-04-17 15:24:00,422
ORD8368,U364,R65,2026-04-17 16:13:00,783
ORD8369,U204,R48,2026-04-17 16:16:00,549
ORD8370,U659,R78,2026-04-17 19:41:00,298
ORD8371,U886,R113,2026-04-17 12:25:00,565
ORD8372,U113,R40,2026-04-17 10:33:00,485
ORD8373,U624,R56,2026-04-17 15:55:00,792
ORD8374,U625,R136,2026-04-17 17:49:00,687
ORD8375,U687,R16,2026-04-17 18:35:00,373
ORD8376,U178,R89,2026-04-17 12:19:00,357
ORD8377,U415,R117,2026-04-17 17:03:00,490
ORD8378,U877,R141,2026-04-17 10:16:00,383
ORD8379,U553,R40,2026-04-17 14:16:00,633
ORD8380,U270,R90,2026-04-17 16:40:00,360
ORD8381,U607,R193,2026-04-17 15:21:00,707
ORD8382,U766,R78,2026-04-17 19:08:00,589
ORD8383,U789,R76,2026-04-17 18:41:00,188
ORD8384,U733,R109,2026-04-17 13:04:00,374
ORD8385,U174,R188,2026-04-17 11:58:00,508
ORD8386,U487,R14,2026-04-17 17:31:00,588
ORD8387,U87,R33,2026-04-17 13:28:00,276
ORD8388,U330,R16,2026-04-17 10:50:00,200
ORD8389,U294,R52,2026-04-17 12:17:00,337
ORD8390,U71,R195,2026-04-17 12:20:00,384
ORD8391,U645,R114,2026-04-17 15:22:00,242
ORD8392,U432,R138,2026-04-17 10:03:00,654
ORD8393,U123,R42,2026-04-17 19:42:00,564
ORD8394,U776,R32,2026-04-17 15:46:00,521
ORD8395,U86,R189,2026-04-17 12:19:00,547
ORD8396,U671,R196,2026-04-17 15:06:00,208
ORD8397,U707,R52,2026-04-17 13:54:00,688
ORD8398,U514,R61,2026-04-17 19:17:00,677
ORD8399,U236,R180,2026-04-17 17:19:00,417
ORD8400,U912,R144,2026-04-17 13:57:00,626
ORD8401,U490,R102,2026-04-17 11:15:00,336
ORD8402,U136,R143,2026-04-17 13:40:00,418
ORD8403,U293,R113,2026-04-17 19:12:00,697
ORD8404,U68,R102,2026-04-17 12:23:00,156
ORD8405,U351,R59,2026-04-17 10:20:00,567
ORD8406,U778,R99,2026-04-17 11:52:00,563
ORD8407,U17,R131,2026-04-17 12:04:00,653
ORD8408,U850,R10,2026-04-17 12:29:00,446
ORD8409,U360,R86,2026-04-17 13:31:00,473
ORD8410,U25,R66,2026-04-17 11:17:00,730
ORD8411,U413,R13,2026-04-17 18:46:00,580
ORD8412,U1,R63,2026-04-17 18:14:00,575
ORD8413,U556,R109,2026-04-17 18:42:00,308
ORD8414,U299,R156,2026-04-17 14:48:00,493
ORD8415,U838,R18,2026-04-17 11:10:00,459
ORD8416,U720,R91,2026-04-17 14:14:00,465
ORD8417,U545,R63,2026-04-17 12:17:00,259
ORD8418,U874,R116,2026-04-17 18:39:00,106
ORD8419,U366,R129,2026-04-17 19:06:00,774
ORD8420,U806,R140,2026-04-17 10:45:00,204
ORD8421,U712,R132,2026-04-17 11:46:00,719
ORD8422,U628,R172,2026-04-17 16:16:00,202
ORD8423,U937,R20,2026-04-17 18:49:00,375
ORD8424,U920,R121,2026-04-17 13:09:00,492
ORD8425,U673,R74,2026-04-17 18:11:00,543
ORD8426,U984,R29,2026-04-17 17:18:00,302
ORD8427,U744,R161,2026-04-17 18:52:00,452
ORD8428,U58,R104,2026-04-17 19:21:00,280
ORD8429,U905,R7,2026-04-17 18:03:00,248
ORD8430,U623,R105,2026-04-17 10:13:00,436
ORD8431,U470,R194,2026-04-17 19:45:00,721
ORD8432,U149,R69,2026-04-17 14:49:00,133
ORD8433,U857,R155,2026-04-17 14:30:00,411
ORD8434,U700,R93,2026-04-17 14:18:00,630
ORD8435,U530,R175,2026-04-17 13:20:00,771
ORD8436,U384,R152,2026-04-17 19:38:00,574
ORD8437,U845,R10,2026-04-17 16:07:00,792
ORD8438,U373,R188,2026-04-17 16:11:00,676
ORD8439,U327,R164,2026-04-17 19:13:00,180
ORD8440,U311,R105,2026-04-17 19:21:00,595
ORD8441,U737,R69,2026-04-17 11:49:00,279
ORD8442,U2,R1,2026-04-17 13:39:00,256
ORD8443,U76,R135,2026-04-17 17:17:00,201
ORD8444,U461,R45,2026-04-17 14:03:00,127
ORD8445,U45,R99,2026-04-17 19:17:00,765
ORD8446,U228,R118,2026-04-17 13:34:00,282
ORD8447,U663,R155,2026-04-17 17:18:00,658
ORD8448,U49,R156,2026-04-17 19:14:00,499
ORD8449,U588,R143,2026-04-17 16:17:00,422
ORD8450,U383,R12,2026-04-17 15:11:00,728
ORD8451,U79,R12,2026-04-17 15:22:00,561
ORD8452,U598,R180,2026-04-17 14:27:00,633
ORD8453,U733,R184,2026-04-17 17:17:00,696
ORD8454,U9,R121,2026-04-17 12:45:00,528
ORD8455,U582,R196,2026-04-17 10:15:00,132
ORD8456,U373,R33,2026-04-17 16:04:00,527
ORD8457,U597,R99,2026-04-17 10:07:00,206
ORD8458,U499,R185,2026-04-17 17:52:00,723
ORD8459,U417,R105,2026-04-17 11:28:00,259
ORD8460,U719,R19,2026-04-17 10:40:00,273
ORD8461,U754,R110,2026-04-17 11:38:00,432
ORD8462,U992,R25,2026-04-17 19:17:00,334
ORD8463,U802,R157,2026-04-17 11:35:00,306
ORD8464,U456,R82,2026-04-17 12:16:00,421
ORD8465,U741,R16,2026-04-17 12:12:00,660
ORD8466,U966,R94,2026-04-17 15:36:00,571
ORD8467,U969,R55,2026-04-17 18:10:00,617
ORD8468,U941,R118,2026-04-17 15:25:00,452
ORD8469,U879,R156,2026-04-17 19:20:00,442
ORD8470,U461,R84,2026-04-17 14:06:00,128
ORD8471,U119,R169,2026-04-17 13:57:00,339
ORD8472,U317,R179,2026-04-17 11:28:00,144
ORD8473,U559,R188,2026-04-17 19:49:00,673
ORD8474,U520,R117,2026-04-17 19:23:00,486
ORD8475,U42,R79,2026-04-17 18:50:00,463
ORD8476,U985,R103,2026-04-17 19:45:00,150
ORD8477,U607,R154,2026-04-17 12:03:00,475
ORD8478,U574,R134,2026-04-17 11:59:00,454
ORD8479,U279,R11,2026-04-17 14:38:00,618
ORD8480,U699,R182,2026-04-17 15:03:00,295
ORD8481,U556,R128,2026-04-17 13:22:00,496
ORD8482,U800,R4,2026-04-17 17:25:00,172
ORD8483,U146,R16,2026-04-17 19:20:00,468
ORD8484,U306,R140,2026-04-17 19:12:00,754
ORD8485,U426,R99,2026-04-17 10:57:00,600
ORD8486,U65,R162,2026-04-17 16:10:00,286
ORD8487,U451,R59,2026-04-17 11:57:00,768
ORD8488,U776,R50,2026-04-17 16:31:00,479
ORD8489,U649,R141,2026-04-17 15:31:00,461
ORD8490,U607,R19,2026-04-17 12:54:00,666
ORD8491,U737,R17,2026-04-17 12:29:00,530
ORD8492,U224,R110,2026-04-17 17:52:00,641
ORD8493,U195,R146,2026-04-17 19:22:00,290
ORD8494,U32,R27,2026-04-17 12:20:00,336
ORD8495,U753,R4,2026-04-17 19:28:00,718
ORD8496,U28,R167,2026-04-17 19:58:00,793
ORD8497,U650,R198,2026-04-17 18:29:00,328
ORD8498,U683,R106,2026-04-17 14:34:00,481
ORD8499,U798,R42,2026-04-17 14:31:00,608
ORD8500,U655,R44,2026-04-17 17:05:00,352
ORD8501,U102,R23,2026-04-17 13:24:00,302
ORD8502,U363,R98,2026-04-17 16:58:00,427
ORD8503,U590,R144,2026-04-17 11:12:00,465
ORD8504,U877,R175,2026-04-17 19:24:00,317
ORD8505,U723,R124,2026-04-17 14:59:00,505
ORD8506,U984,R181,2026-04-17 16:19:00,322
ORD8507,U909,R198,2026-04-17 12:21:00,385
ORD8508,U857,R178,2026-04-17 11:47:00,331
ORD8509,U455,R134,2026-04-17 12:28:00,395
ORD8510,U808,R60,2026-04-17 10:16:00,173
ORD8511,U430,R174,2026-04-17 10:49:00,233
ORD8512,U336,R128,2026-04-17 10:29:00,688
ORD8513,U76,R194,2026-04-17 14:54:00,211
ORD8514,U175,R80,2026-04-17 13:10:00,210
ORD8515,U260,R154,2026-04-17 18:58:00,459
ORD8516,U59,R33,2026-04-17 16:31:00,255
ORD8517,U443,R99,2026-04-17 13:44:00,225
ORD8518,U756,R103,2026-04-17 13:26:00,566
ORD8519,U953,R121,2026-04-17 14:56:00,141
ORD8520,U220,R163,2026-04-17 16:52:00,786
ORD8521,U518,R178,2026-04-17 17:29:00,788
ORD8522,U522,R118,2026-04-17 18:10:00,118
ORD8523,U288,R91,2026-04-17 16:53:00,396
ORD8524,U363,R174,2026-04-17 14:49:00,725
ORD8525,U278,R64,2026-04-17 14:51:00,279
ORD8526,U852,R104,2026-04-17 17:09:00,106
ORD8527,U780,R128,2026-04-17 12:22:00,633
ORD8528,U882,R116,2026-04-17 19:21:00,330
ORD8529,U916,R119,2026-04-17 18:06:00,785
ORD8530,U171,R70,2026-04-17 11:48:00,207
ORD8531,U732,R17,2026-04-17 18:23:00,683
ORD8532,U917,R64,2026-04-17 18:45:00,311
ORD8533,U992,R20,2026-04-17 18:33:00,647
ORD8534,U103,R101,2026-04-17 14:43:00,113
ORD8535,U965,R178,2026-04-17 17:11:00,162
ORD8536,U222,R84,2026-04-17 12:59:00,645
ORD8537,U258,R50,2026-04-17 19:29:00,800
ORD8538,U143,R192,2026-04-17 15:24:00,134
ORD8539,U29,R163,2026-04-17 18:14:00,621
ORD8540,U321,R8,2026-04-17 17:31:00,542
ORD8541,U129,R53,2026-04-17 19:28:00,228
ORD8542,U168,R102,2026-04-17 12:12:00,527
ORD8543,U35,R138,2026-04-17 18:08:00,345
ORD8544,U974,R30,2026-04-17 13:13:00,578
ORD8545,U824,R56,2026-04-17 17:55:00,311
ORD8546,U813,R60,2026-04-17 14:13:00,147
ORD8547,U125,R125,2026-04-17 15:47:00,418
ORD8548,U138,R51,2026-04-17 19:12:00,373
ORD8549,U957,R34,2026-04-17 19:43:00,722
ORD8550,U812,R150,2026-04-17 16:18:00,394
ORD8551,U953,R34,2026-04-17 15:21:00,723
ORD8552,U960,R21,2026-04-17 18:33:00,610
ORD8553,U476,R113,2026-04-17 14:58:00,107
ORD8554,U397,R11,2026-04-17 19:55:00,765
ORD8555,U695,R163,2026-04-17 17:30:00,583
ORD8556,U605,R15,2026-04-17 10:46:00,161
ORD8557,U935,R191,2026-04-17 11:15:00,476
ORD8558,U116,R111,2026-04-17 14:48:00,359
ORD8559,U863,R102,2026-04-17 14:48:00,245
ORD8560,U277,R22,2026-04-17 15:39:00,163
ORD8561,U497,R141,2026-04-17 19:12:00,257
ORD8562,U807,R17,2026-04-17 17:37:00,199
ORD8563,U492,R82,2026-04-17 17:09:00,702
ORD8564,U552,R170,2026-04-17 19:25:00,518
ORD8565,U507,R33,2026-04-17 13:27:00,611
ORD8566,U666,R114,2026-04-17 19:56:00,635
ORD8567,U846,R26,2026-04-17 16:06:00,312
ORD8568,U27,R54,2026-04-17 10:55:00,201
ORD8569,U69,R38,2026-04-17 11:12:00,315
ORD8570,U591,R87,2026-04-17 15:21:00,461
ORD8571,U858,R198,2026-04-17 12:15:00,480
ORD8572,U420,R168,2026-04-17 12:11:00,423
ORD8573,U662,R55,2026-04-17 17:11:00,334
ORD8574,U463,R43,2026-04-17 18:37:00,328
ORD8575,U289,R8,2026-04-17 16:50:00,168
ORD8576,U94,R177,2026-04-17 10:00:00,468
ORD8577,U121,R95,2026-04-17 16:05:00,519
ORD8578,U254,R58,2026-04-17 14:48:00,259
ORD8579,U163,R56,2026-04-17 17:15:00,788
ORD8580,U946,R11,2026-04-17 18:16:00,660
ORD8581,U191,R112,2026-04-17 12:13:00,359
ORD8582,U385,R89,2026-04-17 19:44:00,612
ORD8583,U455,R170,2026-04-17 12:07:00,270
ORD8584,U60,R10,2026-04-17 18:42:00,474
ORD8585,U32,R39,2026-04-17 11:43:00,319
ORD8586,U622,R106,2026-04-17 10:46:00,307
ORD8587,U351,R49,2026-04-17 13:27:00,208
ORD8588,U586,R58,2026-04-17 17:00:00,447
ORD8589,U551,R58,2026-04-17 15:45:00,670
ORD8590,U785,R194,2026-04-17 16:53:00,208
ORD8591,U624,R90,2026-04-17 10:38:00,117
ORD8592,U958,R195,2026-04-17 15:06:00,275
ORD8593,U924,R102,2026-04-17 12:27:00,140
ORD8594,U655,R118,2026-04-17 18:31:00,756
ORD8595,U876,R17,2026-04-17 17:19:00,759
ORD8596,U86,R154,2026-04-17 16:04:00,595
ORD8597,U929,R84,2026-04-17 10:41:00,166
ORD8598,U636,R36,2026-04-17 16:36:00,526
ORD8599,U285,R33,2026-04-17 14:55:00,492
ORD8600,U366,R200,2026-04-17 17:47:00,495
ORD8601,U476,R21,2026-04-17 19:37:00,443
ORD8602,U105,R43,2026-04-17 10:05:00,340
ORD8603,U335,R91,2026-04-17 18:10:00,339
ORD8604,U724,R42,2026-04-17 19:53:00,359
ORD8605,U602,R164,2026-04-17 11:12:00,365
ORD8606,U539,R112,2026-04-17 18:33:00,678
ORD8607,U173,R30,2026-04-17 17:00:00,366
ORD8608,U892,R124,2026-04-17 10:07:00,390
ORD8609,U856,R115,2026-04-17 18:09:00,788
ORD8610,U788,R90,2026-04-17 17:59:00,629
ORD8611,U183,R107,2026-04-17 13:44:00,224
ORD8612,U592,R154,2026-04-17 17:30:00,293
ORD8613,U681,R182,2026-04-17 15:10:00,542
ORD8614,U240,R95,2026-04-17 10:27:00,757
ORD8615,U838,R24,2026-04-17 10:00:00,217
ORD8616,U686,R5,2026-04-17 16:30:00,558
ORD8617,U601,R14,2026-04-17 10:14:00,732
ORD8618,U908,R38,2026-04-17 17:59:00,703
ORD8619,U742,R67,2026-04-17 12:01:00,375
ORD8620,U871,R8,2026-04-17 18:43:00,413
ORD8621,U738,R39,2026-04-17 14:34:00,779
ORD8622,U104,R16,2026-04-17 19:06:00,475
ORD8623,U153,R150,2026-04-17 18:50:00,271
ORD8624,U822,R191,2026-04-17 14:24:00,486
ORD8625,U417,R95,2026-04-17 15:37:00,567
ORD8626,U910,R29,2026-04-17 10:56:00,338
ORD8627,U172,R26,2026-04-17 19:55:00,200
ORD8628,U816,R71,2026-04-17 12:13:00,132
ORD8629,U405,R92,2026-04-17 18:56:00,411
ORD8630,U648,R150,2026-04-17 15:04:00,101
ORD8631,U336,R64,2026-04-17 11:44:00,577
ORD8632,U32,R24,2026-04-17 10:18:00,524
ORD8633,U804,R88,2026-04-17 14:22:00,268
ORD8634,U100,R182,2026-04-17 16:47:00,387
ORD8635,U332,R52,2026-04-17 17:56:00,507
ORD8636,U983,R168,2026-04-17 17:41:00,518
ORD8637,U911,R166,2026-04-17 11:50:00,153
ORD8638,U77,R17,2026-04-17 13:38:00,218
ORD8639,U229,R122,2026-04-17 16:10:00,693
ORD8640,U95,R149,2026-04-17 16:03:00,727
ORD8641,U494,R70,2026-04-17 17:47:00,353
ORD8642,U355,R132,2026-04-17 18:01:00,491
ORD8643,U400,R109,2026-04-17 13:21:00,753
ORD8644,U486,R65,2026-04-17 19:30:00,307
ORD8645,U477,R163,2026-04-17 15:21:00,567
ORD8646,U463,R51,2026-04-17 13:35:00,776
ORD8647,U547,R89,2026-04-17 12:03:00,674
ORD8648,U94,R160,2026-04-17 10:52:00,652
ORD8649,U855,R156,2026-04-17 19:31:00,789
ORD8650,U188,R65,2026-04-17 10:37:00,411
ORD8651,U777,R199,2026-04-17 10:31:00,215
ORD8652,U799,R5,2026-04-17 11:54:00,516
ORD8653,U217,R2,2026-04-17 12:39:00,289
ORD8654,U782,R86,2026-04-17 13:40:00,171
ORD8655,U913,R51,2026-04-17 10:47:00,469
ORD8656,U547,R102,2026-04-17 14:49:00,747
ORD8657,U407,R34,2026-04-17 11:24:00,201
ORD8658,U124,R101,2026-04-17 12:55:00,364
ORD8659,U404,R34,2026-04-17 13:25:00,368
ORD8660,U169,R116,2026-04-17 15:30:00,423
ORD8661,U839,R140,2026-04-17 11:02:00,650
ORD8662,U914,R130,2026-04-17 17:56:00,373
ORD8663,U857,R186,2026-04-17 18:28:00,455
ORD8664,U415,R165,2026-04-17 13:01:00,636
ORD8665,U846,R73,2026-04-17 13:17:00,633
ORD8666,U129,R101,2026-04-17 18:35:00,501
ORD8667,U945,R98,2026-04-17 13:41:00,781
ORD8668,U278,R92,2026-04-17 18:18:00,302
ORD8669,U862,R104,2026-04-17 12:52:00,442
ORD8670,U388,R11,2026-04-17 13:28:00,543
ORD8671,U206,R149,2026-04-17 16:16:00,307
ORD8672,U817,R25,2026-04-17 15:10:00,200
ORD8673,U618,R63,2026-04-17 13:17:00,369
ORD8674,U378,R61,2026-04-17 14:01:00,450
ORD8675,U382,R123,2026-04-17 19:55:00,776
ORD8676,U863,R138,2026-04-17 12:52:00,616
ORD8677,U867,R88,2026-04-17 15:19:00,430
ORD8678,U85,R15,2026-04-17 15:41:00,764
ORD8679,U700,R13,2026-04-17 18:25:00,793
ORD8680,U613,R106,2026-04-17 17:08:00,358
ORD8681,U209,R15,2026-04-17 17:34:00,367
ORD8682,U166,R144,2026-04-17 15:30:00,688
ORD8683,U514,R168,2026-04-17 12:52:00,265
ORD8684,U496,R165,2026-04-17 19:46:00,315
ORD8685,U557,R172,2026-04-17 18:08:00,607
ORD8686,U568,R105,2026-04-17 12:47:00,639
ORD8687,U990,R157,2026-04-17 11:03:00,276
ORD8688,U850,R168,2026-04-17 16:14:00,410
ORD8689,U74,R2,2026-04-17 10:10:00,141
ORD8690,U182,R157,2026-04-17 17:07:00,769
ORD8691,U108,R197,2026-04-17 12:57:00,313
ORD8692,U111,R133,2026-04-17 11:57:00,707
ORD8693,U715,R40,2026-04-17 19:07:00,671
ORD8694,U792,R32,2026-04-17 16:16:00,195
ORD8695,U921,R74,2026-04-17 11:13:00,435
ORD8696,U949,R114,2026-04-17 14:36:00,158
ORD8697,U723,R21,2026-04-17 16:32:00,327
ORD8698,U539,R126,2026-04-17 11:22:00,755
ORD8699,U317,R69,2026-04-17 16:18:00,534
ORD8700,U553,R127,2026-04-17 13:20:00,528
ORD8701,U448,R68,2026-04-17 18:37:00,587
ORD8702,U812,R7,2026-04-17 19:07:00,277
ORD8703,U440,R55,2026-04-17 17:00:00,434
ORD8704,U589,R123,2026-04-17 16:51:00,253
ORD8705,U765,R183,2026-04-17 11:50:00,441
ORD8706,U13,R40,2026-04-17 15:56:00,177
ORD8707,U637,R188,2026-04-17 18:47:00,630
ORD8708,U168,R168,2026-04-17 19:43:00,739
ORD8709,U747,R91,2026-04-17 19:21:00,717
ORD8710,U195,R64,2026-04-17 12:32:00,785
ORD8711,U233,R83,2026-04-17 13:34:00,404
ORD8712,U304,R20,2026-04-17 13:47:00,575
ORD8713,U445,R117,2026-04-17 19:54:00,100
ORD8714,U459,R37,2026-04-17 10:46:00,323
ORD8715,U585,R133,2026-04-17 17:05:00,729
ORD8716,U530,R102,2026-04-17 17:08:00,689
ORD8717,U169,R133,2026-04-17 13:28:00,171
ORD8718,U177,R93,2026-04-17 19:16:00,288
ORD8719,U544,R70,2026-04-17 11:12:00,334
ORD8720,U791,R104,2026-04-17 13:36:00,405
ORD8721,U28,R185,2026-04-17 16:26:00,211
ORD8722,U780,R71,2026-04-17 18:31:00,666
ORD8723,U817,R15,2026-04-17 16:00:00,529
ORD8724,U240,R24,2026-04-17 19:49:00,462
ORD8725,U781,R52,2026-04-17 15:52:00,448
ORD8726,U72,R61,2026-04-17 12:06:00,118
ORD8727,U819,R184,2026-04-17 11:57:00,148
ORD8728,U237,R45,2026-04-17 15:24:00,301
ORD8729,U941,R85,2026-04-17 18:56:00,671
ORD8730,U148,R144,2026-04-17 19:03:00,586
ORD8731,U528,R137,2026-04-17 14:02:00,449
ORD8732,U543,R50,2026-04-17 17:18:00,651
ORD8733,U49,R20,2026-04-17 10:02:00,769
ORD8734,U267,R65,2026-04-17 15:14:00,145
ORD8735,U534,R36,2026-04-17 16:44:00,265
ORD8736,U830,R136,2026-04-17 12:11:00,134
ORD8737,U263,R43,2026-04-17 13:38:00,306
ORD8738,U157,R105,2026-04-17 10:42:00,312
ORD8739,U154,R187,2026-04-17 17:04:00,306
ORD8740,U126,R151,2026-04-17 17:44:00,449
ORD8741,U870,R195,2026-04-17 12:56:00,742
ORD8742,U273,R97,2026-04-17 18:11:00,674
ORD8743,U27,R157,2026-04-17 12:06:00,402
ORD8744,U916,R5,2026-04-17 15:11:00,256
ORD8745,U484,R127,2026-04-17 13:29:00,739
ORD8746,U676,R190,2026-04-17 12:56:00,453
ORD8747,U964,R157,2026-04-17 12:24:00,171
ORD8748,U908,R80,2026-04-17 17:36:00,345
ORD8749,U362,R102,2026-04-17 14:41:00,735
ORD8750,U53,R179,2026-04-17 13:23:00,584
ORD8751,U80,R155,2026-04-17 18:22:00,310
ORD8752,U273,R142,2026-04-17 14:36:00,478
ORD8753,U956,R155,2026-04-17 12:49:00,353
ORD8754,U411,R102,2026-04-17 12:37:00,616
ORD8755,U653,R111,2026-04-17 10:44:00,179
ORD8756,U78,R162,2026-04-17 19:33:00,211
ORD8757,U686,R155,2026-04-17 17:53:00,216
ORD8758,U924,R141,2026-04-17 10:33:00,397
ORD8759,U50,R159,2026-04-17 15:28:00,318
ORD8760,U251,R44,2026-04-17 10:04:00,653
ORD8761,U437,R89,2026-04-17 17:21:00,275
ORD8762,U642,R5,2026-04-17 18:03:00,710
ORD8763,U875,R188,2026-04-17 18:18:00,105
ORD8764,U719,R131,2026-04-17 13:13:00,136
ORD8765,U245,R159,2026-04-17 15:36:00,432
ORD8766,U553,R109,2026-04-17 18:45:00,444
ORD8767,U809,R24,2026-04-17 17:08:00,271
ORD8768,U908,R110,2026-04-17 13:45:00,664
ORD8769,U795,R193,2026-04-17 11:40:00,620
ORD8770,U38,R198,2026-04-17 17:22:00,570
ORD8771,U221,R79,2026-04-17 18:47:00,603
ORD8772,U998,R57,2026-04-17 10:02:00,121
ORD8773,U787,R28,2026-04-17 16:50:00,394
ORD8774,U554,R134,2026-04-17 19:45:00,501
ORD8775,U411,R148,2026-04-17 19:42:00,314
ORD8776,U406,R127,2026-04-17 16:16:00,311
ORD8777,U474,R130,2026-04-17 15:00:00,581
ORD8778,U788,R161,2026-04-17 13:21:00,753
ORD8779,U853,R55,2026-04-17 11:31:00,215
ORD8780,U221,R65,2026-04-17 14:18:00,612
ORD8781,U321,R6,2026-04-17 11:30:00,353
ORD8782,U58,R145,2026-04-17 14:51:00,445
ORD8783,U41,R180,2026-04-17 19:32:00,684
ORD8784,U4,R32,2026-04-17 10:24:00,535
ORD8785,U191,R191,2026-04-17 16:00:00,256
ORD8786,U561,R134,2026-04-17 18:07:00,362
ORD8787,U17,R117,2026-04-17 11:35:00,687
ORD8788,U422,R145,2026-04-17 14:33:00,452
ORD8789,U667,R181,2026-04-17 18:34:00,631
ORD8790,U173,R182,2026-04-17 15:38:00,355
ORD8791,U419,R13,2026-04-17 13:07:00,748
ORD8792,U920,R67,2026-04-17 18:25:00,601
ORD8793,U696,R143,2026-04-17 17:07:00,408
ORD8794,U879,R58,2026-04-17 12:06:00,240
ORD8795,U474,R165,2026-04-17 15:39:00,736
ORD8796,U546,R40,2026-04-17 15:29:00,466
ORD8797,U647,R197,2026-04-17 14:15:00,336
ORD8798,U35,R90,2026-04-17 12:35:00,281
ORD8799,U262,R28,2026-04-17 13:31:00,615
ORD8800,U747,R172,2026-04-17 17:45:00,469
ORD8801,U56,R194,2026-04-17 15:13:00,735
ORD8802,U148,R94,2026-04-17 11:25:00,709
ORD8803,U240,R15,2026-04-17 19:54:00,317
ORD8804,U685,R78,2026-04-17 15:55:00,450
ORD8805,U936,R129,2026-04-17 19:38:00,611
ORD8806,U484,R96,2026-04-17 19:14:00,276
ORD8807,U979,R12,2026-04-17 17:48:00,790
ORD8808,U944,R182,2026-04-17 17:26:00,224
ORD8809,U702,R184,2026-04-17 12:24:00,185
ORD8810,U652,R113,2026-04-17 13:08:00,447
ORD8811,U66,R38,2026-04-17 15:07:00,564
ORD8812,U464,R179,2026-04-17 17:24:00,213
ORD8813,U41,R78,2026-04-17 10:01:00,324
ORD8814,U956,R37,2026-04-17 12:19:00,391
ORD8815,U995,R158,2026-04-17 16:34:00,721
ORD8816,U255,R34,2026-04-17 15:56:00,759
ORD8817,U685,R80,2026-04-17 13:24:00,588
ORD8818,U924,R75,2026-04-17 14:55:00,606
ORD8819,U626,R165,2026-04-17 10:42:00,245
ORD8820,U853,R141,2026-04-17 16:46:00,240
ORD8821,U453,R160,2026-04-17 15:41:00,760
ORD8822,U187,R32,2026-04-17 17:19:00,318
ORD8823,U993,R38,2026-04-17 13:25:00,462
ORD8824,U397,R167,2026-04-17 14:21:00,251
ORD8825,U864,R56,2026-04-17 11:54:00,607
ORD8826,U948,R183,2026-04-17 13:51:00,244
ORD8827,U806,R177,2026-04-17 13:01:00,513
ORD8828,U224,R31,2026-04-17 13:16:00,602
ORD8829,U734,R5,2026-04-17 17:48:00,320
ORD8830,U762,R96,2026-04-17 14:32:00,794
ORD8831,U6,R55,2026-04-17 11:34:00,234
ORD8832,U893,R98,2026-04-17 12:38:00,551
ORD8833,U928,R152,2026-04-17 19:43:00,560
ORD8834,U947,R102,2026-04-17 14:38:00,581
ORD8835,U170,R66,2026-04-17 19:56:00,464
ORD8836,U526,R42,2026-04-17 17:50:00,603
ORD8837,U191,R123,2026-04-17 19:14:00,591
ORD8838,U704,R39,2026-04-17 15:27:00,121
ORD8839,U281,R86,2026-04-17 15:42:00,237
ORD8840,U134,R92,2026-04-17 14:56:00,234
ORD8841,U928,R165,2026-04-17 18:38:00,318
ORD8842,U959,R69,2026-04-17 19:34:00,598
ORD8843,U372,R143,2026-04-17 14:10:00,482
ORD8844,U628,R7,2026-04-17 11:24:00,282
ORD8845,U77,R168,2026-04-17 19:59:00,800
ORD8846,U786,R197,2026-04-17 12:37:00,468
ORD8847,U792,R105,2026-04-17 16:08:00,609
ORD8848,U187,R183,2026-04-17 11:32:00,216
ORD8849,U404,R71,2026-04-17 13:20:00,707
ORD8850,U528,R143,2026-04-17 18:26:00,475
ORD8851,U744,R125,2026-04-17 17:57:00,197
ORD8852,U627,R119,2026-04-17 11:59:00,656
ORD8853,U407,R120,2026-04-17 11:24:00,785
ORD8854,U90,R17,2026-04-17 15:29:00,479
ORD8855,U867,R120,2026-04-17 18:26:00,652
ORD8856,U504,R154,2026-04-17 14:18:00,521
ORD8857,U357,R149,2026-04-17 12:51:00,320
ORD8858,U385,R65,2026-04-17 10:33:00,304
ORD8859,U375,R93,2026-04-17 16:51:00,747
ORD8860,U779,R57,2026-04-17 17:15:00,467
ORD8861,U580,R13,2026-04-17 18:46:00,747
ORD8862,U813,R135,2026-04-17 15:54:00,675
ORD8863,U56,R52,2026-04-17 14:13:00,581
ORD8864,U126,R49,2026-04-17 13:45:00,402
ORD8865,U433,R178,2026-04-17 14:32:00,753
ORD8866,U64,R70,2026-04-17 19:34:00,317
ORD8867,U723,R34,2026-04-17 12:52:00,684
ORD8868,U861,R184,2026-04-17 19:58:00,365
ORD8869,U363,R14,2026-04-17 11:18:00,616
ORD8870,U610,R128,2026-04-17 18:40:00,483
ORD8871,U451,R85,2026-04-17 12:58:00,658
ORD8872,U726,R168,2026-04-17 13:46:00,792
ORD8873,U727,R41,2026-04-17 16:54:00,356
ORD8874,U159,R11,2026-04-17 15:05:00,757
ORD8875,U232,R173,2026-04-17 14:58:00,736
ORD8876,U397,R25,2026-04-17 14:49:00,640
ORD8877,U845,R140,2026-04-17 12:01:00,748
ORD8878,U97,R59,2026-04-17 19:05:00,394
ORD8879,U764,R76,2026-04-17 10:16:00,483
ORD8880,U721,R68,2026-04-17 19:03:00,356
ORD8881,U350,R117,2026-04-17 18:10:00,708
ORD8882,U145,R74,2026-04-17 16:05:00,132
ORD8883,U973,R98,2026-04-17 19:04:00,695
ORD8884,U264,R114,2026-04-17 10:51:00,550
ORD8885,U410,R45,2026-04-17 11:29:00,598
ORD8886,U555,R28,2026-04-17 16:13:00,685
ORD8887,U716,R172,2026-04-17 11:24:00,544
ORD8888,U942,R77,2026-04-17 17:23:00,267
ORD8889,U415,R42,2026-04-17 10:40:00,344
ORD8890,U110,R158,2026-04-17 18:37:00,681
ORD8891,U760,R194,2026-04-17 10:26:00,314
ORD8892,U431,R3,2026-04-17 13:36:00,278
ORD8893,U779,R78,2026-04-17 12:50:00,246
ORD8894,U11,R68,2026-04-17 14:54:00,670
ORD8895,U184,R72,2026-04-17 19:38:00,397
ORD8896,U546,R156,2026-04-17 19:52:00,684
ORD8897,U617,R61,2026-04-17 16:09:00,416
ORD8898,U84,R18,2026-04-17 16:03:00,262
ORD8899,U531,R167,2026-04-17 15:25:00,406
ORD8900,U668,R172,2026-04-17 12:38:00,130
ORD8901,U269,R16,2026-04-17 10:15:00,693
ORD8902,U969,R11,2026-04-17 16:12:00,352
ORD8903,U83,R181,2026-04-17 14:30:00,309
ORD8904,U71,R2,2026-04-17 11:04:00,215
ORD8905,U563,R139,2026-04-17 18:10:00,213
ORD8906,U905,R176,2026-04-17 18:12:00,122
ORD8907,U383,R2,2026-04-17 14:11:00,332
ORD8908,U869,R103,2026-04-17 17:29:00,237
ORD8909,U830,R111,2026-04-17 12:36:00,141
ORD8910,U937,R44,2026-04-17 17:06:00,456
ORD8911,U495,R43,2026-04-17 18:05:00,647
ORD8912,U737,R138,2026-04-17 11:21:00,570
ORD8913,U795,R26,2026-04-17 14:02:00,574
ORD8914,U138,R155,2026-04-17 15:45:00,449
ORD8915,U794,R23,2026-04-17 13:01:00,632
ORD8916,U4,R173,2026-04-17 17:54:00,654
ORD8917,U767,R101,2026-04-17 15:37:00,323
ORD8918,U169,R26,2026-04-17 16:39:00,657
ORD8919,U646,R117,2026-04-17 19:16:00,205
ORD8920,U745,R46,2026-04-17 16:35:00,393
ORD8921,U499,R116,2026-04-17 17:36:00,427
ORD8922,U300,R9,2026-04-17 10:30:00,458
ORD8923,U397,R81,2026-04-17 10:32:00,722
ORD8924,U852,R126,2026-04-17 11:00:00,206
ORD8925,U840,R134,2026-04-17 18:25:00,587
ORD8926,U809,R64,2026-04-17 10:39:00,487
ORD8927,U265,R44,2026-04-17 11:08:00,712
ORD8928,U403,R21,2026-04-17 19:43:00,579
ORD8929,U592,R183,2026-04-17 12:44:00,302
ORD8930,U538,R70,2026-04-17 13:21:00,290
ORD8931,U277,R50,2026-04-17 11:14:00,376
ORD8932,U859,R163,2026-04-17 19:43:00,695
ORD8933,U767,R100,2026-04-17 18:23:00,193
ORD8934,U677,R106,2026-04-17 11:19:00,421
ORD8935,U460,R34,2026-04-17 17:49:00,744
ORD8936,U516,R53,2026-04-17 15:28:00,440
ORD8937,U63,R185,2026-04-17 10:36:00,400
ORD8938,U181,R178,2026-04-17 14:35:00,108
ORD8939,U349,R89,2026-04-17 11:26:00,289
ORD8940,U12,R169,2026-04-17 13:39:00,263
ORD8941,U728,R26,2026-04-17 18:26:00,326
ORD8942,U790,R118,2026-04-17 19:11:00,465
ORD8943,U914,R119,2026-04-17 11:51:00,321
ORD8944,U834,R100,2026-04-17 17:52:00,739
ORD8945,U896,R99,2026-04-17 16:12:00,540
ORD8946,U671,R18,2026-04-17 16:13:00,107
ORD8947,U486,R15,2026-04-17 15:25:00,761
ORD8948,U601,R39,2026-04-17 16:09:00,797
ORD8949,U129,R61,2026-04-17 17:38:00,288
ORD8950,U4,R198,2026-04-17 10:15:00,549
ORD8951,U140,R15,2026-04-17 16:01:00,786
ORD8952,U220,R117,2026-04-17 17:42:00,621
ORD8953,U327,R42,2026-04-17 12:55:00,164
ORD8954,U14,R117,2026-04-17 16:49:00,663
ORD8955,U457,R12,2026-04-17 12:19:00,548
ORD8956,U267,R29,2026-04-17 12:37:00,330
ORD8957,U592,R132,2026-04-17 18:10:00,413
ORD8958,U566,R138,2026-04-17 18:43:00,707
ORD8959,U299,R77,2026-04-17 11:56:00,464
ORD8960,U643,R80,2026-04-17 19:33:00,125
ORD8961,U175,R99,2026-04-17 15:25:00,377
ORD8962,U299,R94,2026-04-17 19:37:00,481
ORD8963,U972,R187,2026-04-17 16:21:00,520
ORD8964,U958,R186,2026-04-17 19:29:00,278
ORD8965,U51,R170,2026-04-17 15:09:00,185
ORD8966,U312,R43,2026-04-17 13:47:00,466
ORD8967,U91,R132,2026-04-17 17:45:00,337
ORD8968,U144,R176,2026-04-17 14:11:00,731
ORD8969,U952,R74,2026-04-17 17:17:00,765
ORD8970,U230,R7,2026-04-17 11:02:00,405
ORD8971,U213,R121,2026-04-17 16:03:00,760
ORD8972,U905,R75,2026-04-17 11:23:00,650
ORD8973,U238,R170,2026-04-17 16:56:00,655
ORD8974,U12,R100,2026-04-17 14:13:00,213
ORD8975,U164,R80,2026-04-17 15:25:00,550
ORD8976,U944,R28,2026-04-17 17:49:00,481
ORD8977,U281,R64,2026-04-17 11:42:00,554
ORD8978,U339,R188,2026-04-17 19:49:00,505
ORD8979,U867,R75,2026-04-17 10:44:00,342
ORD8980,U815,R32,2026-04-17 18:21:00,389
ORD8981,U350,R99,2026-04-17 13:19:00,472
ORD8982,U144,R84,2026-04-17 14:55:00,141
ORD8983,U620,R66,2026-04-17 17:18:00,682
ORD8984,U618,R101,2026-04-17 15:36:00,455
ORD8985,U698,R27,2026-04-17 15:22:00,321
ORD8986,U508,R73,2026-04-17 12:50:00,721
ORD8987,U911,R30,2026-04-17 17:05:00,331
ORD8988,U431,R35,2026-04-17 15:47:00,386
ORD8989,U895,R11,2026-04-17 12:31:00,738
ORD8990,U495,R165,2026-04-17 14:12:00,129
ORD8991,U234,R200,2026-04-17 12:57:00,170
ORD8992,U812,R171,2026-04-17 19:40:00,343
ORD8993,U868,R190,2026-04-17 17:15:00,290
ORD8994,U524,R114,2026-04-17 19:24:00,353
ORD8995,U326,R194,2026-04-17 18:24:00,791
ORD8996,U380,R82,2026-04-17 16:57:00,424
ORD8997,U874,R64,2026-04-17 18:58:00,178
ORD8998,U757,R66,2026-04-17 13:25:00,154
ORD8999,U144,R124,2026-04-17 19:34:00,689
ORD9000,U995,R148,2026-04-17 15:54:00,314
ORD9001,U463,R16,2026-04-17 17:51:00,243
ORD9002,U749,R142,2026-04-17 18:19:00,796
ORD9003,U264,R20,2026-04-17 14:09:00,567
ORD9004,U348,R17,2026-04-17 18:57:00,236
ORD9005,U790,R20,2026-04-17 18:38:00,562
ORD9006,U559,R69,2026-04-17 15:44:00,735
ORD9007,U610,R122,2026-04-17 18:59:00,420
ORD9008,U177,R173,2026-04-17 16:03:00,550
ORD9009,U678,R159,2026-04-17 16:50:00,190
ORD9010,U21,R31,2026-04-17 15:43:00,557
ORD9011,U950,R160,2026-04-17 12:29:00,251
ORD9012,U469,R68,2026-04-17 16:06:00,581
ORD9013,U764,R75,2026-04-17 15:33:00,427
ORD9014,U954,R180,2026-04-17 12:10:00,416
ORD9015,U618,R9,2026-04-17 11:42:00,746
ORD9016,U134,R26,2026-04-17 15:59:00,494
ORD9017,U476,R138,2026-04-17 18:56:00,312
ORD9018,U106,R166,2026-04-17 16:42:00,519
ORD9019,U255,R19,2026-04-17 10:45:00,121
ORD9020,U761,R31,2026-04-17 15:35:00,587
ORD9021,U799,R26,2026-04-17 12:35:00,659
ORD9022,U333,R174,2026-04-17 10:57:00,325
ORD9023,U996,R85,2026-04-17 10:34:00,604
ORD9024,U658,R30,2026-04-17 13:04:00,494
ORD9025,U568,R93,2026-04-17 14:15:00,374
ORD9026,U933,R153,2026-04-17 11:35:00,204
ORD9027,U44,R127,2026-04-17 14:04:00,109
ORD9028,U967,R8,2026-04-17 17:14:00,215
ORD9029,U747,R172,2026-04-17 10:30:00,614
ORD9030,U1000,R133,2026-04-17 18:22:00,787
ORD9031,U2,R107,2026-04-17 15:08:00,781
ORD9032,U766,R151,2026-04-17 18:41:00,484
ORD9033,U769,R92,2026-04-17 16:49:00,654
ORD9034,U741,R4,2026-04-17 13:02:00,141
ORD9035,U249,R169,2026-04-17 15:09:00,780
ORD9036,U601,R171,2026-04-17 18:52:00,665
ORD9037,U327,R142,2026-04-17 13:55:00,579
ORD9038,U790,R130,2026-04-17 13:11:00,610
ORD9039,U101,R189,2026-04-17 14:31:00,382
ORD9040,U335,R97,2026-04-17 15:27:00,485
ORD9041,U865,R192,2026-04-17 18:38:00,641
ORD9042,U79,R146,2026-04-17 10:40:00,463
ORD9043,U741,R9,2026-04-17 12:25:00,493
ORD9044,U601,R200,2026-04-17 13:56:00,504
ORD9045,U820,R173,2026-04-17 10:14:00,738
ORD9046,U33,R40,2026-04-17 14:59:00,715
ORD9047,U513,R168,2026-04-17 12:47:00,344
ORD9048,U950,R109,2026-04-17 14:53:00,292
ORD9049,U998,R195,2026-04-17 10:14:00,424
ORD9050,U639,R163,2026-04-17 11:17:00,272
ORD9051,U883,R7,2026-04-17 17:45:00,122
ORD9052,U486,R151,2026-04-17 11:04:00,594
ORD9053,U190,R67,2026-04-17 19:39:00,148
ORD9054,U80,R131,2026-04-17 15:04:00,637
ORD9055,U553,R58,2026-04-17 18:00:00,696
ORD9056,U306,R23,2026-04-17 12:46:00,297
ORD9057,U497,R117,2026-04-17 16:09:00,157
ORD9058,U61,R96,2026-04-17 11:07:00,159
ORD9059,U300,R95,2026-04-17 12:16:00,354
ORD9060,U288,R92,2026-04-17 15:57:00,105
ORD9061,U579,R113,2026-04-17 11:56:00,642
ORD9062,U945,R149,2026-04-17 17:04:00,286
ORD9063,U968,R113,2026-04-17 19:33:00,627
ORD9064,U210,R21,2026-04-17 14:30:00,486
ORD9065,U112,R115,2026-04-17 18:16:00,745
ORD9066,U232,R38,2026-04-17 18:45:00,209
ORD9067,U388,R136,2026-04-17 11:39:00,590
ORD9068,U255,R67,2026-04-17 14:26:00,414
ORD9069,U68,R39,2026-04-17 17:49:00,490
ORD9070,U297,R179,2026-04-17 19:14:00,439
ORD9071,U9,R162,2026-04-17 10:53:00,447
ORD9072,U713,R119,2026-04-17 15:01:00,480
ORD9073,U172,R189,2026-04-17 18:03:00,309
ORD9074,U340,R44,2026-04-17 10:38:00,564
ORD9075,U603,R181,2026-04-17 15:07:00,748
ORD9076,U620,R138,2026-04-17 14:10:00,106
ORD9077,U684,R125,2026-04-17 15:31:00,556
ORD9078,U336,R148,2026-04-17 11:33:00,669
ORD9079,U430,R41,2026-04-17 14:22:00,131
ORD9080,U118,R112,2026-04-17 19:15:00,720
ORD9081,U784,R169,2026-04-17 16:17:00,762
ORD9082,U70,R124,2026-04-17 19:20:00,792
ORD9083,U33,R5,2026-04-17 19:45:00,554
ORD9084,U397,R99,2026-04-17 10:46:00,153
ORD9085,U414,R42,2026-04-17 14:57:00,745
ORD9086,U463,R53,2026-04-17 13:57:00,420
ORD9087,U437,R174,2026-04-17 15:59:00,499
ORD9088,U851,R166,2026-04-17 17:35:00,727
ORD9089,U228,R101,2026-04-17 19:58:00,418
ORD9090,U991,R149,2026-04-17 15:08:00,522
ORD9091,U75,R83,2026-04-17 18:12:00,695
ORD9092,U118,R45,2026-04-17 10:56:00,212
ORD9093,U970,R71,2026-04-17 17:42:00,191
ORD9094,U903,R59,2026-04-17 10:57:00,609
ORD9095,U756,R128,2026-04-17 19:12:00,208
ORD9096,U512,R68,2026-04-17 11:49:00,193
ORD9097,U568,R136,2026-04-17 10:29:00,581
ORD9098,U703,R56,2026-04-17 17:44:00,296
ORD9099,U570,R92,2026-04-17 19:26:00,113
ORD9100,U684,R50,2026-04-17 13:58:00,414
ORD9101,U367,R97,2026-04-17 14:48:00,537
ORD9102,U950,R138,2026-04-17 19:19:00,568
ORD9103,U149,R30,2026-04-17 13:54:00,509
ORD9104,U529,R93,2026-04-17 14:11:00,446
ORD9105,U579,R158,2026-04-17 17:22:00,325
ORD9106,U283,R54,2026-04-17 13:01:00,481
ORD9107,U106,R30,2026-04-17 10:32:00,334
ORD9108,U463,R76,2026-04-17 14:32:00,622
ORD9109,U57,R135,2026-04-17 17:47:00,526
ORD9110,U385,R22,2026-04-17 12:35:00,277
ORD9111,U963,R80,2026-04-17 13:17:00,322
ORD9112,U162,R6,2026-04-17 13:36:00,364
ORD9113,U641,R51,2026-04-17 14:42:00,252
ORD9114,U501,R35,2026-04-17 19:35:00,649
ORD9115,U141,R82,2026-04-17 16:09:00,715
ORD9116,U881,R54,2026-04-17 14:48:00,612
ORD9117,U784,R160,2026-04-17 11:09:00,682
ORD9118,U259,R116,2026-04-17 15:35:00,769
ORD9119,U410,R24,2026-04-17 18:45:00,707
ORD9120,U282,R90,2026-04-17 15:32:00,688
ORD9121,U64,R188,2026-04-17 13:12:00,416
ORD9122,U228,R53,2026-04-17 16:33:00,792
ORD9123,U108,R85,2026-04-17 14:54:00,617
ORD9124,U410,R128,2026-04-17 17:29:00,493
ORD9125,U290,R47,2026-04-17 14:16:00,694
ORD9126,U105,R151,2026-04-17 11:04:00,254
ORD9127,U147,R143,2026-04-17 14:12:00,573
ORD9128,U154,R107,2026-04-17 14:53:00,758
ORD9129,U54,R179,2026-04-17 16:28:00,680
ORD9130,U420,R65,2026-04-17 18:00:00,455
ORD9131,U15,R104,2026-04-17 18:43:00,682
ORD9132,U750,R115,2026-04-17 18:30:00,716
ORD9133,U72,R74,2026-04-17 10:49:00,372
ORD9134,U967,R69,2026-04-17 15:54:00,383
ORD9135,U148,R94,2026-04-17 12:46:00,778
ORD9136,U300,R116,2026-04-17 16:54:00,514
ORD9137,U276,R179,2026-04-17 13:47:00,516
ORD9138,U949,R107,2026-04-17 12:28:00,242
ORD9139,U34,R58,2026-04-17 16:18:00,557
ORD9140,U248,R7,2026-04-17 15:02:00,455
ORD9141,U317,R20,2026-04-17 16:14:00,419
ORD9142,U678,R195,2026-04-17 16:40:00,131
ORD9143,U316,R55,2026-04-17 19:55:00,620
ORD9144,U327,R26,2026-04-17 18:41:00,153
ORD9145,U57,R190,2026-04-17 10:43:00,672
ORD9146,U672,R17,2026-04-17 12:50:00,523
ORD9147,U84,R166,2026-04-17 19:21:00,717
ORD9148,U294,R149,2026-04-17 19:38:00,135
ORD9149,U524,R78,2026-04-17 13:59:00,147
ORD9150,U586,R111,2026-04-17 19:10:00,333
ORD9151,U717,R43,2026-04-17 13:44:00,351
ORD9152,U522,R132,2026-04-17 10:37:00,457
ORD9153,U861,R73,2026-04-17 18:50:00,366
ORD9154,U234,R26,2026-04-17 16:36:00,152
ORD9155,U326,R197,2026-04-17 17:05:00,657
ORD9156,U945,R158,2026-04-17 15:36:00,263
ORD9157,U482,R152,2026-04-17 17:44:00,287
ORD9158,U626,R117,2026-04-17 10:24:00,705
ORD9159,U336,R187,2026-04-17 17:09:00,636
ORD9160,U388,R180,2026-04-17 13:48:00,228
ORD9161,U785,R131,2026-04-17 17:10:00,368
ORD9162,U935,R52,2026-04-17 18:12:00,483
ORD9163,U968,R55,2026-04-17 10:14:00,321
ORD9164,U902,R177,2026-04-17 14:26:00,300
ORD9165,U122,R71,2026-04-17 17:25:00,174
ORD9166,U522,R151,2026-04-17 12:46:00,267
ORD9167,U983,R52,2026-04-17 11:19:00,550
ORD9168,U994,R127,2026-04-17 18:56:00,772
ORD9169,U420,R15,2026-04-17 14:28:00,478
ORD9170,U652,R87,2026-04-17 13:31:00,611
ORD9171,U189,R1,2026-04-17 18:46:00,592
ORD9172,U861,R6,2026-04-17 11:09:00,248
ORD9173,U185,R57,2026-04-17 11:59:00,275
ORD9174,U763,R191,2026-04-17 11:08:00,431
ORD9175,U344,R196,2026-04-17 12:22:00,620
ORD9176,U684,R89,2026-04-17 16:05:00,434
ORD9177,U381,R3,2026-04-17 15:28:00,691
ORD9178,U611,R101,2026-04-17 19:22:00,728
ORD9179,U899,R113,2026-04-17 14:49:00,150
ORD9180,U857,R19,2026-04-17 14:00:00,627
ORD9181,U585,R177,2026-04-17 16:21:00,651
ORD9182,U567,R4,2026-04-17 19:22:00,349
ORD9183,U315,R71,2026-04-17 10:08:00,468
ORD9184,U382,R97,2026-04-17 12:35:00,325
ORD9185,U453,R193,2026-04-17 12:17:00,265
ORD9186,U32,R36,2026-04-17 14:36:00,431
ORD9187,U632,R181,2026-04-17 10:29:00,413
ORD9188,U397,R172,2026-04-17 18:25:00,553
ORD9189,U993,R66,2026-04-17 18:33:00,547
ORD9190,U686,R33,2026-04-17 19:20:00,505
ORD9191,U862,R162,2026-04-17 17:54:00,420
ORD9192,U72,R117,2026-04-17 13:18:00,125
ORD9193,U488,R138,2026-04-17 13:03:00,660
ORD9194,U687,R161,2026-04-17 12:50:00,130
ORD9195,U81,R65,2026-04-17 10:09:00,127
ORD9196,U106,R175,2026-04-17 10:33:00,339
ORD9197,U786,R186,2026-04-17 11:23:00,508
ORD9198,U612,R118,2026-04-17 14:14:00,527
ORD9199,U606,R1,2026-04-17 13:50:00,191
ORD9200,U896,R164,2026-04-17 12:55:00,593
ORD9201,U407,R185,2026-04-17 11:39:00,241
ORD9202,U221,R61,2026-04-17 14:13:00,624
ORD9203,U954,R192,2026-04-17 13:42:00,768
ORD9204,U326,R83,2026-04-17 15:11:00,391
ORD9205,U43,R88,2026-04-17 14:53:00,342
ORD9206,U257,R64,2026-04-17 19:44:00,287
ORD9207,U642,R108,2026-04-17 15:57:00,724
ORD9208,U709,R144,2026-04-17 19:51:00,516
ORD9209,U336,R136,2026-04-17 15:25:00,440
ORD9210,U605,R166,2026-04-17 14:33:00,105
ORD9211,U564,R89,2026-04-17 19:19:00,721
ORD9212,U397,R177,2026-04-17 18:39:00,665
ORD9213,U371,R114,2026-04-17 14:21:00,165
ORD9214,U89,R61,2026-04-17 11:55:00,455
ORD9215,U90,R86,2026-04-17 12:31:00,132
ORD9216,U534,R181,2026-04-17 16:10:00,676
ORD9217,U85,R3,2026-04-17 16:19:00,449
ORD9218,U710,R43,2026-04-17 12:54:00,518
ORD9219,U966,R183,2026-04-17 16:24:00,797
ORD9220,U646,R192,2026-04-17 13:00:00,531
ORD9221,U157,R189,2026-04-17 15:53:00,489
ORD9222,U483,R21,2026-04-17 15:15:00,428
ORD9223,U182,R74,2026-04-17 11:15:00,565
ORD9224,U856,R123,2026-04-17 15:33:00,755
ORD9225,U431,R41,2026-04-17 15:05:00,560
ORD9226,U231,R172,2026-04-17 17:37:00,530
ORD9227,U645,R159,2026-04-17 10:23:00,381
ORD9228,U547,R138,2026-04-17 15:41:00,738
ORD9229,U513,R129,2026-04-17 15:49:00,291
ORD9230,U375,R95,2026-04-17 11:14:00,575
ORD9231,U696,R163,2026-04-17 11:32:00,497
ORD9232,U837,R91,2026-04-17 11:23:00,603
ORD9233,U605,R156,2026-04-17 19:59:00,499
ORD9234,U780,R80,2026-04-17 18:17:00,119
ORD9235,U19,R55,2026-04-17 12:38:00,364
ORD9236,U343,R94,2026-04-17 16:40:00,762
ORD9237,U970,R118,2026-04-17 19:42:00,106
ORD9238,U542,R193,2026-04-17 10:37:00,268
ORD9239,U585,R110,2026-04-17 13:54:00,730
ORD9240,U873,R199,2026-04-17 10:58:00,673
ORD9241,U266,R178,2026-04-17 13:11:00,475
ORD9242,U830,R100,2026-04-17 10:58:00,287
ORD9243,U778,R154,2026-04-17 14:30:00,662
ORD9244,U977,R187,2026-04-17 19:47:00,773
ORD9245,U324,R29,2026-04-17 11:17:00,304
ORD9246,U88,R48,2026-04-17 17:38:00,709
ORD9247,U433,R48,2026-04-17 15:09:00,273
ORD9248,U292,R21,2026-04-17 16:56:00,604
ORD9249,U282,R181,2026-04-17 13:29:00,291
ORD9250,U839,R33,2026-04-17 19:15:00,386
ORD9251,U778,R159,2026-04-17 16:42:00,183
ORD9252,U543,R24,2026-04-17 16:26:00,691
ORD9253,U48,R84,2026-04-17 14:55:00,670
ORD9254,U166,R11,2026-04-17 10:14:00,784
ORD9255,U4,R142,2026-04-17 18:19:00,435
ORD9256,U446,R100,2026-04-17 10:04:00,171
ORD9257,U207,R164,2026-04-17 13:17:00,697
ORD9258,U518,R50,2026-04-17 14:44:00,697
ORD9259,U534,R25,2026-04-17 15:54:00,778
ORD9260,U338,R144,2026-04-17 17:14:00,646
ORD9261,U912,R150,2026-04-17 17:57:00,306
ORD9262,U166,R147,2026-04-17 10:31:00,756
ORD9263,U65,R32,2026-04-17 15:27:00,466
ORD9264,U325,R68,2026-04-17 12:22:00,490
ORD9265,U846,R29,2026-04-17 17:04:00,717
ORD9266,U967,R7,2026-04-17 11:52:00,700
ORD9267,U764,R162,2026-04-17 17:30:00,181
ORD9268,U10,R184,2026-04-17 16:57:00,188
ORD9269,U46,R39,2026-04-17 10:09:00,106
ORD9270,U935,R195,2026-04-17 19:52:00,405
ORD9271,U983,R165,2026-04-17 11:11:00,518
ORD9272,U661,R166,2026-04-17 19:58:00,140
ORD9273,U515,R175,2026-04-17 16:04:00,685
ORD9274,U673,R92,2026-04-17 13:04:00,642
ORD9275,U478,R97,2026-04-17 17:05:00,291
ORD9276,U82,R177,2026-04-17 12:25:00,703
ORD9277,U422,R34,2026-04-17 19:07:00,183
ORD9278,U36,R192,2026-04-17 17:14:00,382
ORD9279,U43,R25,2026-04-17 18:03:00,158
ORD9280,U693,R169,2026-04-17 15:46:00,775
ORD9281,U53,R183,2026-04-17 17:45:00,491
ORD9282,U293,R165,2026-04-17 10:52:00,150
ORD9283,U22,R98,2026-04-17 18:11:00,247
ORD9284,U349,R108,2026-04-17 19:24:00,431
ORD9285,U79,R118,2026-04-17 13:42:00,434
ORD9286,U918,R139,2026-04-17 17:55:00,547
ORD9287,U201,R44,2026-04-17 14:02:00,626
ORD9288,U542,R123,2026-04-17 12:08:00,102
ORD9289,U364,R142,2026-04-17 14:30:00,264
ORD9290,U156,R102,2026-04-17 15:29:00,283
ORD9291,U200,R54,2026-04-17 13:16:00,318
ORD9292,U414,R64,2026-04-17 17:49:00,258
ORD9293,U41,R180,2026-04-17 17:15:00,789
ORD9294,U711,R174,2026-04-17 12:21:00,129
ORD9295,U120,R186,2026-04-17 19:48:00,546
ORD9296,U775,R106,2026-04-17 12:28:00,353
ORD9297,U673,R42,2026-04-17 13:39:00,418
ORD9298,U635,R167,2026-04-17 19:52:00,219
ORD9299,U580,R35,2026-04-17 16:26:00,737
ORD9300,U286,R191,2026-04-17 11:35:00,606
ORD9301,U104,R18,2026-04-17 16:51:00,682
ORD9302,U648,R16,2026-04-17 17:11:00,155
ORD9303,U347,R157,2026-04-17 19:06:00,203
ORD9304,U63,R94,2026-04-17 16:55:00,632
ORD9305,U479,R27,2026-04-17 15:30:00,710
ORD9306,U312,R140,2026-04-17 14:59:00,326
ORD9307,U575,R100,2026-04-17 15:27:00,728
ORD9308,U106,R2,2026-04-17 10:49:00,767
ORD9309,U680,R38,2026-04-17 16:50:00,769
ORD9310,U915,R134,2026-04-17 12:46:00,151
ORD9311,U179,R88,2026-04-17 15:37:00,674
ORD9312,U612,R175,2026-04-17 16:57:00,780
ORD9313,U91,R163,2026-04-17 13:55:00,633
ORD9314,U883,R142,2026-04-17 19:03:00,785
ORD9315,U361,R169,2026-04-17 18:03:00,292
ORD9316,U975,R59,2026-04-17 13:54:00,498
ORD9317,U516,R170,2026-04-17 14:36:00,511
ORD9318,U579,R1,2026-04-17 16:12:00,790
ORD9319,U369,R39,2026-04-17 13:13:00,781
ORD9320,U557,R131,2026-04-17 11:31:00,759
ORD9321,U255,R93,2026-04-17 11:57:00,138
ORD9322,U305,R92,2026-04-17 11:16:00,572
ORD9323,U90,R27,2026-04-17 12:06:00,256
ORD9324,U2,R156,2026-04-17 15:50:00,504
ORD9325,U711,R134,2026-04-17 12:03:00,461
ORD9326,U356,R148,2026-04-17 12:04:00,533
ORD9327,U749,R189,2026-04-17 11:30:00,345
ORD9328,U691,R29,2026-04-17 17:23:00,490
ORD9329,U987,R117,2026-04-17 14:41:00,339
ORD9330,U293,R165,2026-04-17 16:49:00,262
ORD9331,U480,R91,2026-04-17 18:23:00,175
ORD9332,U499,R180,2026-04-17 15:18:00,303
ORD9333,U279,R42,2026-04-17 17:54:00,449
ORD9334,U241,R176,2026-04-17 17:18:00,794
ORD9335,U875,R1,2026-04-17 16:20:00,150
ORD9336,U278,R50,2026-04-17 18:13:00,529
ORD9337,U478,R130,2026-04-17 11:05:00,122
ORD9338,U910,R66,2026-04-17 11:30:00,350
ORD9339,U449,R169,2026-04-17 17:24:00,626
ORD9340,U819,R23,2026-04-17 11:51:00,580
ORD9341,U228,R154,2026-04-17 11:52:00,735
ORD9342,U243,R73,2026-04-17 16:02:00,596
ORD9343,U563,R108,2026-04-17 18:28:00,779
ORD9344,U71,R90,2026-04-17 12:34:00,456
ORD9345,U290,R118,2026-04-17 11:31:00,135
ORD9346,U161,R176,2026-04-17 15:45:00,200
ORD9347,U417,R159,2026-04-17 16:04:00,657
ORD9348,U186,R113,2026-04-17 19:11:00,374
ORD9349,U489,R141,2026-04-17 15:58:00,532
ORD9350,U168,R194,2026-04-17 17:22:00,137
ORD9351,U514,R147,2026-04-17 16:11:00,569
ORD9352,U139,R146,2026-04-17 17:14:00,202
ORD9353,U747,R102,2026-04-17 19:19:00,106
ORD9354,U510,R143,2026-04-17 19:33:00,159
ORD9355,U215,R13,2026-04-17 14:25:00,578
ORD9356,U625,R106,2026-04-17 12:23:00,659
ORD9357,U510,R24,2026-04-17 15:46:00,317
ORD9358,U779,R122,2026-04-17 11:08:00,173
ORD9359,U757,R54,2026-04-17 11:26:00,102
ORD9360,U207,R109,2026-04-17 10:46:00,236
ORD9361,U720,R47,2026-04-17 16:25:00,111
ORD9362,U987,R129,2026-04-17 11:08:00,606
ORD9363,U791,R179,2026-04-17 16:02:00,127
ORD9364,U316,R119,2026-04-17 14:20:00,429
ORD9365,U654,R30,2026-04-17 14:40:00,333
ORD9366,U341,R134,2026-04-17 19:09:00,743
ORD9367,U711,R192,2026-04-17 15:08:00,506
ORD9368,U263,R136,2026-04-17 12:42:00,617
ORD9369,U910,R8,2026-04-17 19:41:00,408
ORD9370,U304,R171,2026-04-17 18:20:00,332
ORD9371,U910,R77,2026-04-17 13:17:00,327
ORD9372,U424,R32,2026-04-17 18:22:00,310
ORD9373,U601,R172,2026-04-17 11:28:00,733
ORD9374,U878,R27,2026-04-17 10:23:00,196
ORD9375,U681,R137,2026-04-17 18:59:00,634
ORD9376,U283,R163,2026-04-17 19:52:00,274
ORD9377,U649,R48,2026-04-17 11:26:00,635
ORD9378,U69,R24,2026-04-17 14:24:00,746
ORD9379,U950,R165,2026-04-17 16:39:00,732
ORD9380,U750,R54,2026-04-17 16:11:00,476
ORD9381,U814,R55,2026-04-17 10:54:00,411
ORD9382,U799,R92,2026-04-17 12:29:00,248
ORD9383,U316,R144,2026-04-17 18:31:00,572
ORD9384,U191,R32,2026-04-17 17:38:00,627
ORD9385,U63,R129,2026-04-17 12:22:00,155
ORD9386,U176,R88,2026-04-17 13:36:00,565
ORD9387,U406,R76,2026-04-17 14:53:00,785
ORD9388,U466,R145,2026-04-17 18:30:00,295
ORD9389,U423,R137,2026-04-17 16:52:00,426
ORD9390,U18,R104,2026-04-17 16:55:00,227
ORD9391,U885,R117,2026-04-17 10:07:00,370
ORD9392,U143,R183,2026-04-17 14:52:00,112
ORD9393,U130,R180,2026-04-17 17:29:00,758
ORD9394,U489,R98,2026-04-17 13:54:00,400
ORD9395,U755,R1,2026-04-17 18:57:00,325
ORD9396,U139,R122,2026-04-17 15:18:00,406
ORD9397,U324,R90,2026-04-17 15:12:00,441
ORD9398,U90,R93,2026-04-17 12:27:00,189
ORD9399,U683,R181,2026-04-17 15:29:00,711
ORD9400,U50,R30,2026-04-17 11:25:00,761
ORD9401,U682,R163,2026-04-17 12:48:00,124
ORD9402,U900,R105,2026-04-17 18:40:00,405
ORD9403,U88,R31,2026-04-17 17:33:00,465
ORD9404,U237,R179,2026-04-17 10:23:00,411
ORD9405,U294,R108,2026-04-17 11:42:00,575
ORD9406,U959,R146,2026-04-17 12:34:00,171
ORD9407,U130,R107,2026-04-17 17:57:00,606
ORD9408,U365,R94,2026-04-17 11:21:00,441
ORD9409,U607,R93,2026-04-17 10:52:00,794
ORD9410,U875,R161,2026-04-17 12:08:00,745
ORD9411,U241,R44,2026-04-17 11:44:00,779
ORD9412,U350,R141,2026-04-17 12:28:00,339
ORD9413,U297,R200,2026-04-17 17:20:00,613
ORD9414,U507,R53,2026-04-17 13:03:00,589
ORD9415,U289,R35,2026-04-17 12:56:00,409
ORD9416,U795,R81,2026-04-17 12:08:00,343
ORD9417,U268,R126,2026-04-17 19:33:00,446
ORD9418,U941,R192,2026-04-17 14:11:00,291
ORD9419,U810,R102,2026-04-17 10:52:00,601
ORD9420,U402,R156,2026-04-17 10:08:00,678
ORD9421,U127,R50,2026-04-17 18:38:00,473
ORD9422,U558,R30,2026-04-17 14:07:00,757
ORD9423,U933,R55,2026-04-17 15:30:00,304
ORD9424,U32,R82,2026-04-17 12:57:00,436
ORD9425,U534,R75,2026-04-17 15:56:00,377
ORD9426,U344,R3,2026-04-17 15:13:00,330
ORD9427,U51,R59,2026-04-17 13:22:00,202
ORD9428,U326,R66,2026-04-17 16:02:00,257
ORD9429,U217,R130,2026-04-17 15:51:00,280
ORD9430,U860,R179,2026-04-17 11:17:00,341
ORD9431,U858,R169,2026-04-17 13:03:00,641
ORD9432,U861,R174,2026-04-17 17:39:00,447
ORD9433,U861,R128,2026-04-17 14:29:00,460
ORD9434,U946,R122,2026-04-17 10:23:00,376
ORD9435,U924,R200,2026-04-17 10:55:00,263
ORD9436,U732,R7,2026-04-17 19:30:00,770
ORD9437,U755,R170,2026-04-17 14:22:00,422
ORD9438,U792,R94,2026-04-17 15:02:00,694
ORD9439,U626,R78,2026-04-17 12:55:00,397
ORD9440,U822,R179,2026-04-17 10:19:00,584
ORD9441,U458,R182,2026-04-17 18:35:00,739
ORD9442,U856,R141,2026-04-17 11:46:00,735
ORD9443,U635,R34,2026-04-17 12:23:00,442
ORD9444,U159,R60,2026-04-17 18:47:00,523
ORD9445,U436,R165,2026-04-17 17:31:00,733
ORD9446,U30,R141,2026-04-17 13:07:00,338
ORD9447,U353,R25,2026-04-17 10:35:00,115
ORD9448,U47,R133,2026-04-17 16:52:00,320
ORD9449,U874,R31,2026-04-17 14:30:00,218
ORD9450,U606,R20,2026-04-17 16:30:00,280
ORD9451,U835,R81,2026-04-17 10:24:00,110
ORD9452,U618,R84,2026-04-17 19:36:00,383
ORD9453,U490,R192,2026-04-17 19:13:00,154
ORD9454,U354,R169,2026-04-17 16:02:00,661
ORD9455,U791,R56,2026-04-17 13:16:00,399
ORD9456,U520,R83,2026-04-17 14:14:00,511
ORD9457,U204,R42,2026-04-17 17:52:00,324
ORD9458,U100,R188,2026-04-17 17:22:00,638
ORD9459,U54,R196,2026-04-17 18:12:00,203
ORD9460,U134,R79,2026-04-17 15:47:00,577
ORD9461,U446,R2,2026-04-17 11:32:00,554
ORD9462,U733,R56,2026-04-17 19:12:00,227
ORD9463,U202,R51,2026-04-17 13:28:00,371
ORD9464,U888,R65,2026-04-17 10:05:00,772
ORD9465,U804,R128,2026-04-17 18:29:00,369
ORD9466,U162,R81,2026-04-17 17:02:00,289
ORD9467,U666,R128,2026-04-17 16:41:00,649
ORD9468,U222,R172,2026-04-17 14:40:00,288
ORD9469,U721,R78,2026-04-17 18:57:00,312
ORD9470,U417,R83,2026-04-17 12:51:00,104
ORD9471,U724,R162,2026-04-17 10:30:00,435
ORD9472,U896,R189,2026-04-17 18:24:00,467
ORD9473,U833,R20,2026-04-17 17:03:00,680
ORD9474,U963,R56,2026-04-17 17:02:00,113
ORD9475,U349,R155,2026-04-17 14:59:00,238
ORD9476,U219,R109,2026-04-17 16:38:00,313
ORD9477,U250,R41,2026-04-17 13:22:00,276
ORD9478,U184,R70,2026-04-17 16:05:00,772
ORD9479,U453,R33,2026-04-17 10:12:00,628
ORD9480,U575,R151,2026-04-17 10:54:00,179
ORD9481,U38,R71,2026-04-17 11:35:00,504
ORD9482,U193,R115,2026-04-17 16:19:00,683
ORD9483,U117,R10,2026-04-17 10:31:00,492
ORD9484,U407,R96,2026-04-17 19:49:00,714
ORD9485,U744,R159,2026-04-17 15:38:00,141
ORD9486,U658,R9,2026-04-17 13:19:00,691
ORD9487,U70,R15,2026-04-17 14:15:00,594
ORD9488,U178,R198,2026-04-17 18:48:00,262
ORD9489,U36,R54,2026-04-17 18:45:00,190
ORD9490,U721,R122,2026-04-17 14:17:00,236
ORD9491,U694,R61,2026-04-17 18:20:00,429
ORD9492,U461,R55,2026-04-17 13:27:00,342
ORD9493,U759,R29,2026-04-17 14:34:00,431
ORD9494,U652,R54,2026-04-17 10:07:00,619
ORD9495,U144,R5,2026-04-17 14:46:00,430
ORD9496,U698,R84,2026-04-17 13:49:00,582
ORD9497,U63,R178,2026-04-17 11:36:00,611
ORD9498,U89,R80,2026-04-17 19:03:00,374
ORD9499,U160,R123,2026-04-17 12:54:00,433
ORD9500,U846,R47,2026-04-17 14:30:00,180
ORD9501,U450,R48,2026-04-17 17:07:00,714
ORD9502,U235,R174,2026-04-17 12:13:00,565
ORD9503,U855,R11,2026-04-17 10:56:00,200
ORD9504,U485,R36,2026-04-17 11:52:00,223
ORD9505,U543,R14,2026-04-17 17:43:00,155
ORD9506,U401,R106,2026-04-17 18:22:00,471
ORD9507,U938,R22,2026-04-17 19:37:00,490
ORD9508,U916,R174,2026-04-17 18:05:00,323
ORD9509,U971,R59,2026-04-17 12:57:00,409
ORD9510,U94,R55,2026-04-17 13:34:00,183
ORD9511,U312,R132,2026-04-17 10:43:00,732
ORD9512,U686,R190,2026-04-17 13:27:00,324
ORD9513,U450,R26,2026-04-17 18:26:00,513
ORD9514,U459,R11,2026-04-17 13:50:00,512
ORD9515,U14,R16,2026-04-17 13:53:00,455
ORD9516,U728,R66,2026-04-17 10:31:00,649
ORD9517,U98,R110,2026-04-17 19:13:00,397
ORD9518,U269,R35,2026-04-17 19:09:00,422
ORD9519,U977,R68,2026-04-17 19:56:00,730
ORD9520,U216,R27,2026-04-17 15:02:00,728
ORD9521,U523,R67,2026-04-17 16:20:00,300
ORD9522,U231,R59,2026-04-17 15:55:00,462
ORD9523,U511,R169,2026-04-17 12:14:00,704
ORD9524,U196,R112,2026-04-17 16:40:00,686
ORD9525,U937,R92,2026-04-17 16:03:00,204
ORD9526,U763,R142,2026-04-17 11:48:00,189
ORD9527,U224,R174,2026-04-17 14:53:00,275
ORD9528,U748,R17,2026-04-17 13:11:00,467
ORD9529,U180,R198,2026-04-17 11:44:00,452
ORD9530,U811,R158,2026-04-17 18:51:00,734
ORD9531,U928,R165,2026-04-17 13:02:00,509
ORD9532,U116,R39,2026-04-17 17:48:00,704
ORD9533,U904,R84,2026-04-17 18:55:00,734
ORD9534,U23,R118,2026-04-17 19:12:00,300
ORD9535,U142,R30,2026-04-17 11:56:00,167
ORD9536,U486,R26,2026-04-17 18:26:00,315
ORD9537,U369,R4,2026-04-17 18:25:00,629
ORD9538,U168,R161,2026-04-17 15:48:00,417
ORD9539,U711,R190,2026-04-17 16:18:00,379
ORD9540,U796,R65,2026-04-17 14:07:00,369
ORD9541,U282,R46,2026-04-17 11:09:00,659
ORD9542,U106,R99,2026-04-17 18:41:00,472
ORD9543,U387,R55,2026-04-17 12:39:00,217
ORD9544,U821,R136,2026-04-17 17:52:00,705
ORD9545,U66,R42,2026-04-17 11:25:00,430
ORD9546,U198,R129,2026-04-17 13:04:00,698
ORD9547,U268,R34,2026-04-17 15:58:00,191
ORD9548,U297,R161,2026-04-17 14:51:00,523
ORD9549,U353,R72,2026-04-17 16:12:00,751
ORD9550,U37,R29,2026-04-17 14:22:00,108
ORD9551,U719,R134,2026-04-17 16:15:00,449
ORD9552,U444,R143,2026-04-17 16:07:00,600
ORD9553,U224,R156,2026-04-17 16:34:00,256
ORD9554,U528,R162,2026-04-17 10:21:00,387
ORD9555,U21,R35,2026-04-17 11:08:00,605
ORD9556,U253,R6,2026-04-17 14:02:00,400
ORD9557,U252,R190,2026-04-17 10:00:00,572
ORD9558,U23,R32,2026-04-17 12:18:00,659
ORD9559,U597,R183,2026-04-17 14:01:00,433
ORD9560,U825,R37,2026-04-17 13:22:00,154
ORD9561,U258,R50,2026-04-17 18:13:00,704
ORD9562,U868,R65,2026-04-17 12:01:00,699
ORD9563,U927,R49,2026-04-17 12:50:00,179
ORD9564,U98,R111,2026-04-17 13:10:00,375
ORD9565,U553,R144,2026-04-17 19:12:00,619
ORD9566,U150,R174,2026-04-17 13:39:00,236
ORD9567,U523,R98,2026-04-17 13:21:00,794
ORD9568,U950,R104,2026-04-17 12:24:00,125
ORD9569,U898,R136,2026-04-17 16:42:00,436
ORD9570,U915,R32,2026-04-17 13:58:00,564
ORD9571,U935,R74,2026-04-17 12:51:00,425
ORD9572,U376,R123,2026-04-17 11:09:00,228
ORD9573,U481,R184,2026-04-17 18:37:00,326
ORD9574,U401,R53,2026-04-17 19:13:00,373
ORD9575,U642,R39,2026-04-17 17:35:00,478
ORD9576,U38,R30,2026-04-17 18:12:00,569
ORD9577,U26,R106,2026-04-17 13:17:00,607
ORD9578,U604,R6,2026-04-17 11:23:00,647
ORD9579,U974,R195,2026-04-17 15:02:00,544
ORD9580,U606,R156,2026-04-17 12:50:00,200
ORD9581,U471,R34,2026-04-17 17:49:00,733
ORD9582,U180,R64,2026-04-17 15:11:00,682
ORD9583,U31,R98,2026-04-17 14:48:00,781
ORD9584,U693,R65,2026-04-17 17:43:00,443
ORD9585,U975,R107,2026-04-17 13:21:00,490
ORD9586,U372,R159,2026-04-17 12:52:00,764
ORD9587,U111,R91,2026-04-17 15:20:00,231
ORD9588,U705,R127,2026-04-17 10:09:00,635
ORD9589,U76,R6,2026-04-17 13:30:00,542
ORD9590,U347,R20,2026-04-17 19:35:00,598
ORD9591,U706,R122,2026-04-17 10:05:00,580
ORD9592,U186,R41,2026-04-17 17:04:00,256
ORD9593,U85,R135,2026-04-17 12:52:00,134
ORD9594,U916,R59,2026-04-17 11:48:00,338
ORD9595,U129,R45,2026-04-17 18:44:00,712
ORD9596,U438,R72,2026-04-17 13:12:00,308
ORD9597,U826,R108,2026-04-17 16:44:00,441
ORD9598,U822,R31,2026-04-17 12:39:00,520
ORD9599,U212,R128,2026-04-17 16:46:00,269
ORD9600,U651,R175,2026-04-17 13:57:00,799
ORD9601,U901,R164,2026-04-17 19:40:00,181
ORD9602,U349,R59,2026-04-17 15:57:00,256
ORD9603,U589,R182,2026-04-17 17:14:00,528
ORD9604,U10,R34,2026-04-17 12:14:00,726
ORD9605,U183,R186,2026-04-17 12:49:00,177
ORD9606,U878,R78,2026-04-17 12:04:00,541
ORD9607,U113,R9,2026-04-17 12:00:00,100
ORD9608,U512,R130,2026-04-17 15:37:00,252
ORD9609,U289,R163,2026-04-17 16:14:00,630
ORD9610,U817,R168,2026-04-17 20:00:00,283
ORD9611,U597,R86,2026-04-17 18:51:00,454
ORD9612,U667,R184,2026-04-17 10:39:00,784
ORD9613,U647,R9,2026-04-17 10:36:00,405
ORD9614,U474,R65,2026-04-17 16:31:00,384
ORD9615,U631,R4,2026-04-17 13:41:00,387
ORD9616,U997,R99,2026-04-17 16:41:00,700
ORD9617,U544,R148,2026-04-17 16:18:00,467
ORD9618,U257,R188,2026-04-17 16:49:00,121
ORD9619,U513,R82,2026-04-17 11:52:00,431
ORD9620,U504,R168,2026-04-17 14:06:00,463
ORD9621,U553,R68,2026-04-17 10:06:00,402
ORD9622,U157,R186,2026-04-17 10:18:00,339
ORD9623,U727,R63,2026-04-17 18:29:00,765
ORD9624,U633,R143,2026-04-17 17:57:00,743
ORD9625,U47,R12,2026-04-17 16:56:00,194
ORD9626,U266,R88,2026-04-17 13:01:00,232
ORD9627,U180,R170,2026-04-17 14:08:00,403
ORD9628,U886,R47,2026-04-17 13:27:00,278
ORD9629,U248,R3,2026-04-17 19:18:00,681
ORD9630,U847,R15,2026-04-17 12:43:00,232
ORD9631,U412,R160,2026-04-17 11:13:00,205
ORD9632,U682,R130,2026-04-17 11:22:00,312
ORD9633,U101,R78,2026-04-17 12:06:00,307
ORD9634,U746,R53,2026-04-17 15:08:00,757
ORD9635,U245,R165,2026-04-17 15:40:00,624
ORD9636,U495,R195,2026-04-17 14:11:00,537
ORD9637,U131,R193,2026-04-17 19:13:00,342
ORD9638,U816,R24,2026-04-17 16:02:00,411
ORD9639,U953,R40,2026-04-17 13:30:00,435
ORD9640,U436,R166,2026-04-17 13:36:00,559
ORD9641,U931,R94,2026-04-17 11:21:00,771
ORD9642,U453,R59,2026-04-17 14:17:00,670
ORD9643,U386,R98,2026-04-17 19:34:00,538
ORD9644,U182,R197,2026-04-17 14:24:00,328
ORD9645,U236,R169,2026-04-17 12:04:00,642
ORD9646,U787,R140,2026-04-17 16:46:00,584
ORD9647,U546,R140,2026-04-17 15:00:00,789
ORD9648,U734,R91,2026-04-17 15:01:00,611
ORD9649,U776,R26,2026-04-17 13:37:00,632
ORD9650,U191,R61,2026-04-17 10:45:00,605
ORD9651,U362,R22,2026-04-17 19:34:00,604
ORD9652,U202,R122,2026-04-17 15:06:00,242
ORD9653,U302,R106,2026-04-17 11:25:00,238
ORD9654,U737,R125,2026-04-17 14:01:00,696
ORD9655,U613,R189,2026-04-17 13:42:00,123
ORD9656,U767,R40,2026-04-17 16:06:00,606
ORD9657,U289,R87,2026-04-17 19:45:00,283
ORD9658,U723,R114,2026-04-17 19:50:00,128
ORD9659,U595,R194,2026-04-17 14:29:00,576
ORD9660,U200,R91,2026-04-17 19:21:00,149
ORD9661,U498,R158,2026-04-17 11:13:00,316
ORD9662,U793,R101,2026-04-17 15:54:00,718
ORD9663,U352,R189,2026-04-17 17:18:00,490
ORD9664,U14,R157,2026-04-17 13:13:00,453
ORD9665,U849,R185,2026-04-17 19:12:00,522
ORD9666,U888,R134,2026-04-17 16:42:00,104
ORD9667,U329,R42,2026-04-17 14:23:00,226
ORD9668,U563,R126,2026-04-17 10:46:00,465
ORD9669,U801,R65,2026-04-17 10:20:00,798
ORD9670,U25,R192,2026-04-17 14:44:00,651
ORD9671,U188,R88,2026-04-17 14:32:00,603
ORD9672,U101,R176,2026-04-17 12:13:00,577
ORD9673,U37,R21,2026-04-17 17:52:00,385
ORD9674,U435,R50,2026-04-17 15:52:00,175
ORD9675,U596,R67,2026-04-17 17:12:00,770
ORD9676,U62,R37,2026-04-17 19:56:00,248
ORD9677,U402,R109,2026-04-17 17:55:00,586
ORD9678,U861,R9,2026-04-17 11:14:00,550
ORD9679,U93,R190,2026-04-17 19:47:00,588
ORD9680,U806,R177,2026-04-17 13:41:00,650
ORD9681,U660,R194,2026-04-17 14:17:00,273
ORD9682,U598,R115,2026-04-17 16:30:00,575
ORD9683,U985,R6,2026-04-17 19:53:00,137
ORD9684,U309,R49,2026-04-17 15:35:00,626
ORD9685,U507,R43,2026-04-17 18:14:00,276
ORD9686,U923,R83,2026-04-17 12:45:00,235
ORD9687,U214,R27,2026-04-17 10:42:00,231
ORD9688,U452,R70,2026-04-17 10:23:00,551
ORD9689,U911,R158,2026-04-17 13:51:00,215
ORD9690,U600,R97,2026-04-17 11:09:00,125
ORD9691,U507,R46,2026-04-17 17:02:00,694
ORD9692,U349,R45,2026-04-17 15:56:00,549
ORD9693,U404,R4,2026-04-17 14:18:00,123
ORD9694,U859,R101,2026-04-17 11:28:00,443
ORD9695,U274,R145,2026-04-17 10:30:00,205
ORD9696,U387,R122,2026-04-17 13:22:00,466
ORD9697,U251,R127,2026-04-17 14:24:00,708
ORD9698,U925,R139,2026-04-17 14:24:00,538
ORD9699,U571,R160,2026-04-17 13:47:00,640
ORD9700,U814,R8,2026-04-17 16:59:00,455
ORD9701,U439,R100,2026-04-17 10:47:00,487
ORD9702,U550,R171,2026-04-17 10:54:00,745
ORD9703,U939,R185,2026-04-17 15:10:00,340
ORD9704,U681,R119,2026-04-17 16:29:00,702
ORD9705,U406,R184,2026-04-17 17:16:00,743
ORD9706,U896,R197,2026-04-17 11:07:00,468
ORD9707,U446,R48,2026-04-17 11:44:00,599
ORD9708,U833,R37,2026-04-17 14:00:00,333
ORD9709,U857,R188,2026-04-17 17:42:00,527
ORD9710,U603,R182,2026-04-17 19:02:00,445
ORD9711,U92,R173,2026-04-17 19:58:00,426
ORD9712,U138,R191,2026-04-17 11:57:00,788
ORD9713,U32,R94,2026-04-17 19:03:00,441
ORD9714,U965,R75,2026-04-17 18:48:00,642
ORD9715,U818,R112,2026-04-17 18:57:00,623
ORD9716,U891,R140,2026-04-17 16:35:00,711
ORD9717,U481,R167,2026-04-17 19:57:00,238
ORD9718,U57,R74,2026-04-17 10:33:00,609
ORD9719,U289,R142,2026-04-17 18:44:00,674
ORD9720,U592,R60,2026-04-17 17:39:00,218
ORD9721,U153,R169,2026-04-17 17:14:00,203
ORD9722,U501,R137,2026-04-17 15:26:00,503
ORD9723,U716,R10,2026-04-17 18:19:00,122
ORD9724,U92,R71,2026-04-17 12:58:00,508
ORD9725,U785,R145,2026-04-17 13:16:00,738
ORD9726,U454,R47,2026-04-17 12:36:00,516
ORD9727,U819,R13,2026-04-17 19:18:00,156
ORD9728,U540,R27,2026-04-17 15:26:00,226
ORD9729,U531,R56,2026-04-17 15:48:00,684
ORD9730,U764,R129,2026-04-17 16:59:00,545
ORD9731,U208,R131,2026-04-17 14:42:00,515
ORD9732,U167,R194,2026-04-17 13:11:00,736
ORD9733,U67,R99,2026-04-17 12:15:00,148
ORD9734,U598,R16,2026-04-17 19:59:00,465
ORD9735,U72,R121,2026-04-17 19:59:00,715
ORD9736,U53,R77,2026-04-17 16:44:00,492
ORD9737,U650,R134,2026-04-17 15:45:00,265
ORD9738,U336,R193,2026-04-17 17:12:00,162
ORD9739,U789,R108,2026-04-17 18:51:00,189
ORD9740,U797,R7,2026-04-17 12:58:00,724
ORD9741,U522,R134,2026-04-17 14:57:00,571
ORD9742,U669,R126,2026-04-17 13:17:00,787
ORD9743,U509,R114,2026-04-17 14:55:00,475
ORD9744,U455,R132,2026-04-17 14:43:00,322
ORD9745,U892,R177,2026-04-17 19:49:00,776
ORD9746,U378,R28,2026-04-17 16:08:00,615
ORD9747,U506,R135,2026-04-17 15:22:00,428
ORD9748,U851,R26,2026-04-17 10:43:00,755
ORD9749,U360,R84,2026-04-17 16:59:00,637
ORD9750,U46,R128,2026-04-17 14:07:00,606
ORD9751,U702,R147,2026-04-17 12:07:00,409
ORD9752,U320,R40,2026-04-17 18:22:00,790
ORD9753,U39,R66,2026-04-17 17:34:00,687
ORD9754,U271,R188,2026-04-17 16:17:00,572
ORD9755,U123,R74,2026-04-17 13:10:00,244
ORD9756,U545,R11,2026-04-17 14:17:00,370
ORD9757,U219,R30,2026-04-17 11:28:00,426
ORD9758,U99,R139,2026-04-17 10:42:00,541
ORD9759,U89,R20,2026-04-17 19:59:00,582
ORD9760,U893,R65,2026-04-17 13:40:00,532
ORD9761,U89,R6,2026-04-17 17:39:00,205
ORD9762,U229,R138,2026-04-17 12:21:00,331
ORD9763,U885,R166,2026-04-17 17:03:00,207
ORD9764,U455,R15,2026-04-17 11:31:00,348
ORD9765,U220,R153,2026-04-17 17:40:00,761
ORD9766,U663,R75,2026-04-17 12:08:00,441
ORD9767,U336,R37,2026-04-17 19:00:00,686
ORD9768,U773,R62,2026-04-17 10:56:00,431
ORD9769,U616,R110,2026-04-17 12:41:00,259
ORD9770,U843,R15,2026-04-17 16:43:00,459
ORD9771,U87,R25,2026-04-17 15:41:00,427
ORD9772,U627,R92,2026-04-17 17:06:00,696
ORD9773,U768,R136,2026-04-17 17:51:00,743
ORD9774,U597,R29,2026-04-17 17:49:00,307
ORD9775,U776,R91,2026-04-17 10:57:00,784
ORD9776,U225,R122,2026-04-17 16:26:00,598
ORD9777,U984,R17,2026-04-17 10:40:00,623
ORD9778,U222,R18,2026-04-17 18:09:00,717
ORD9779,U921,R171,2026-04-17 13:28:00,271
ORD9780,U107,R42,2026-04-17 14:15:00,576
ORD9781,U372,R143,2026-04-17 13:09:00,455
ORD9782,U405,R6,2026-04-17 13:48:00,124
ORD9783,U944,R44,2026-04-17 11:48:00,785
ORD9784,U119,R89,2026-04-17 14:54:00,761
ORD9785,U364,R100,2026-04-17 15:22:00,522
ORD9786,U911,R46,2026-04-17 12:22:00,572
ORD9787,U579,R77,2026-04-17 12:20:00,151
ORD9788,U538,R20,2026-04-17 15:04:00,485
ORD9789,U822,R67,2026-04-17 18:43:00,289
ORD9790,U497,R91,2026-04-17 18:23:00,224
ORD9791,U113,R128,2026-04-17 13:13:00,768
ORD9792,U903,R161,2026-04-17 19:34:00,314
ORD9793,U785,R144,2026-04-17 16:50:00,646
ORD9794,U782,R145,2026-04-17 13:11:00,536
ORD9795,U380,R127,2026-04-17 12:42:00,524
ORD9796,U340,R50,2026-04-17 16:38:00,169
ORD9797,U266,R23,2026-04-17 19:31:00,423
ORD9798,U848,R135,2026-04-17 16:18:00,413
ORD9799,U759,R96,2026-04-17 17:19:00,171
ORD9800,U799,R68,2026-04-17 19:59:00,257
ORD9801,U922,R124,2026-04-17 16:43:00,469
ORD9802,U211,R19,2026-04-17 17:28:00,129
ORD9803,U533,R177,2026-04-17 19:05:00,231
ORD9804,U209,R115,2026-04-17 17:31:00,302
ORD9805,U468,R155,2026-04-17 16:48:00,527
ORD9806,U26,R125,2026-04-17 16:35:00,409
ORD9807,U228,R107,2026-04-17 12:32:00,424
ORD9808,U742,R200,2026-04-17 18:37:00,731
ORD9809,U359,R94,2026-04-17 10:11:00,139
ORD9810,U335,R68,2026-04-17 10:00:00,586
ORD9811,U453,R23,2026-04-17 19:14:00,613
ORD9812,U289,R121,2026-04-17 14:13:00,334
ORD9813,U776,R46,2026-04-17 17:56:00,560
ORD9814,U807,R166,2026-04-17 19:46:00,590
ORD9815,U545,R49,2026-04-17 19:16:00,368
ORD9816,U785,R128,2026-04-17 15:08:00,667
ORD9817,U340,R137,2026-04-17 13:53:00,403
ORD9818,U659,R6,2026-04-17 16:25:00,196
ORD9819,U355,R59,2026-04-17 13:59:00,698
ORD9820,U813,R131,2026-04-17 11:41:00,166
ORD9821,U192,R180,2026-04-17 18:55:00,148
ORD9822,U406,R12,2026-04-17 11:49:00,104
ORD9823,U826,R37,2026-04-17 13:01:00,235
ORD9824,U576,R129,2026-04-17 17:14:00,656
ORD9825,U174,R23,2026-04-17 13:52:00,631
ORD9826,U554,R129,2026-04-17 16:56:00,564
ORD9827,U251,R111,2026-04-17 19:55:00,519
ORD9828,U914,R116,2026-04-17 12:01:00,613
ORD9829,U471,R169,2026-04-17 17:01:00,123
ORD9830,U816,R16,2026-04-17 14:28:00,408
ORD9831,U241,R88,2026-04-17 17:15:00,284
ORD9832,U407,R118,2026-04-17 10:47:00,598
ORD9833,U447,R120,2026-04-17 19:20:00,385
ORD9834,U945,R61,2026-04-17 12:12:00,495
ORD9835,U311,R143,2026-04-17 15:59:00,223
ORD9836,U807,R145,2026-04-17 16:04:00,614
ORD9837,U384,R45,2026-04-17 14:07:00,312
ORD9838,U639,R139,2026-04-17 19:13:00,452
ORD9839,U560,R69,2026-04-17 12:31:00,356
ORD9840,U418,R39,2026-04-17 12:37:00,170
ORD9841,U111,R88,2026-04-17 11:34:00,363
ORD9842,U246,R138,2026-04-17 19:17:00,741
ORD9843,U165,R62,2026-04-17 10:28:00,665
ORD9844,U103,R41,2026-04-17 17:53:00,388
ORD9845,U947,R140,2026-04-17 10:25:00,642
ORD9846,U740,R100,2026-04-17 12:34:00,567
ORD9847,U452,R185,2026-04-17 12:01:00,645
ORD9848,U295,R136,2026-04-17 13:43:00,182
ORD9849,U303,R140,2026-04-17 18:52:00,680
ORD9850,U645,R174,2026-04-17 10:50:00,111
ORD9851,U707,R136,2026-04-17 13:50:00,673
ORD9852,U504,R37,2026-04-17 17:17:00,134
ORD9853,U282,R5,2026-04-17 19:19:00,570
ORD9854,U223,R48,2026-04-17 11:21:00,691
ORD9855,U925,R134,2026-04-17 13:16:00,795
ORD9856,U455,R41,2026-04-17 19:57:00,543
ORD9857,U965,R101,2026-04-17 16:24:00,221
ORD9858,U352,R173,2026-04-17 14:08:00,347
ORD9859,U496,R158,2026-04-17 16:38:00,316
ORD9860,U244,R181,2026-04-17 10:27:00,523
ORD9861,U124,R161,2026-04-17 19:22:00,135
ORD9862,U713,R181,2026-04-17 15:32:00,179
ORD9863,U405,R46,2026-04-17 12:51:00,420
ORD9864,U998,R199,2026-04-17 10:46:00,126
ORD9865,U475,R120,2026-04-17 18:44:00,552
ORD9866,U810,R105,2026-04-17 11:20:00,439
ORD9867,U813,R9,2026-04-17 18:54:00,240
ORD9868,U878,R12,2026-04-17 14:47:00,739
ORD9869,U591,R144,2026-04-17 19:35:00,725
ORD9870,U838,R55,2026-04-17 10:20:00,753
ORD9871,U139,R173,2026-04-17 13:08:00,584
ORD9872,U810,R74,2026-04-17 11:50:00,557
ORD9873,U630,R103,2026-04-17 18:29:00,795
ORD9874,U65,R24,2026-04-17 18:17:00,453
ORD9875,U913,R54,2026-04-17 11:43:00,532
ORD9876,U12,R37,2026-04-17 17:50:00,488
ORD9877,U974,R26,2026-04-17 11:33:00,638
ORD9878,U577,R121,2026-04-17 13:00:00,116
ORD9879,U782,R150,2026-04-17 16:18:00,599
ORD9880,U902,R148,2026-04-17 19:59:00,596
ORD9881,U300,R180,2026-04-17 14:36:00,590
ORD9882,U674,R79,2026-04-17 19:38:00,602
ORD9883,U456,R177,2026-04-17 19:07:00,396
ORD9884,U941,R81,2026-04-17 19:13:00,303
ORD9885,U938,R118,2026-04-17 14:40:00,213
ORD9886,U969,R97,2026-04-17 19:23:00,303
ORD9887,U187,R170,2026-04-17 12:23:00,730
ORD9888,U257,R188,2026-04-17 15:03:00,217
ORD9889,U314,R115,2026-04-17 17:35:00,416
ORD9890,U194,R143,2026-04-17 12:22:00,312
ORD9891,U223,R28,2026-04-17 15:31:00,222
ORD9892,U114,R67,2026-04-17 18:21:00,541
ORD9893,U516,R170,2026-04-17 14:12:00,268
ORD9894,U398,R76,2026-04-17 17:40:00,355
ORD9895,U833,R146,2026-04-17 11:14:00,366
ORD9896,U104,R80,2026-04-17 15:16:00,533
ORD9897,U129,R48,2026-04-17 18:39:00,744
ORD9898,U131,R166,2026-04-17 10:06:00,150
ORD9899,U601,R90,2026-04-17 16:32:00,205
ORD9900,U897,R11,2026-04-17 17:26:00,653
ORD9901,U169,R136,2026-04-17 17:52:00,189
ORD9902,U354,R150,2026-04-17 12:15:00,514
ORD9903,U562,R169,2026-04-17 16:46:00,391
ORD9904,U468,R69,2026-04-17 12:20:00,370
ORD9905,U330,R142,2026-04-17 19:31:00,473
ORD9906,U103,R160,2026-04-17 11:12:00,378
ORD9907,U52,R53,2026-04-17 19:45:00,531
ORD9908,U348,R193,2026-04-17 19:14:00,181
ORD9909,U427,R90,2026-04-17 10:05:00,192
ORD9910,U574,R104,2026-04-17 11:51:00,587
ORD9911,U108,R58,2026-04-17 15:49:00,497
ORD9912,U866,R137,2026-04-17 16:12:00,160
ORD9913,U752,R59,2026-04-17 13:51:00,196
ORD9914,U231,R70,2026-04-17 17:29:00,461
ORD9915,U614,R67,2026-04-17 12:48:00,158
ORD9916,U835,R69,2026-04-17 10:31:00,580
ORD9917,U860,R48,2026-04-17 15:58:00,652
ORD9918,U586,R159,2026-04-17 11:35:00,536
ORD9919,U910,R22,2026-04-17 17:26:00,452
ORD9920,U549,R9,2026-04-17 10:12:00,473
ORD9921,U681,R167,2026-04-17 11:57:00,522
ORD9922,U402,R44,2026-04-17 17:49:00,389
ORD9923,U817,R160,2026-04-17 19:18:00,251
ORD9924,U784,R33,2026-04-17 16:51:00,528
ORD9925,U577,R125,2026-04-17 10:43:00,193
ORD9926,U300,R45,2026-04-17 15:17:00,639
ORD9927,U46,R130,2026-04-17 15:37:00,755
ORD9928,U117,R64,2026-04-17 10:44:00,740
ORD9929,U649,R118,2026-04-17 18:36:00,390
ORD9930,U113,R20,2026-04-17 10:37:00,559
ORD9931,U209,R197,2026-04-17 16:38:00,505
ORD9932,U324,R93,2026-04-17 16:23:00,662
ORD9933,U319,R23,2026-04-17 15:15:00,409
ORD9934,U398,R144,2026-04-17 17:12:00,427
ORD9935,U668,R118,2026-04-17 18:26:00,142
ORD9936,U704,R161,2026-04-17 17:52:00,309
ORD9937,U414,R1,2026-04-17 13:55:00,519
ORD9938,U952,R19,2026-04-17 18:30:00,406
ORD9939,U52,R33,2026-04-17 19:56:00,480
ORD9940,U158,R11,2026-04-17 17:20:00,786
ORD9941,U740,R172,2026-04-17 10:30:00,790
ORD9942,U463,R42,2026-04-17 10:29:00,609
ORD9943,U104,R80,2026-04-17 16:02:00,313
ORD9944,U275,R71,2026-04-17 13:08:00,535
ORD9945,U25,R150,2026-04-17 12:26:00,691
ORD9946,U356,R183,2026-04-17 11:32:00,315
ORD9947,U967,R57,2026-04-17 14:15:00,189
ORD9948,U803,R65,2026-04-17 19:01:00,594
ORD9949,U505,R50,2026-04-17 19:58:00,338
ORD9950,U664,R156,2026-04-17 18:50:00,298
ORD9951,U82,R98,2026-04-17 13:18:00,556
ORD9952,U861,R5,2026-04-17 10:39:00,315
ORD9953,U259,R67,2026-04-17 19:22:00,642
ORD9954,U236,R22,2026-04-17 13:37:00,248
ORD9955,U587,R55,2026-04-17 11:02:00,497
ORD9956,U672,R145,2026-04-17 15:31:00,528
ORD9957,U916,R126,2026-04-17 16:38:00,128
ORD9958,U317,R82,2026-04-17 13:30:00,436
ORD9959,U339,R95,2026-04-17 10:57:00,249
ORD9960,U361,R166,2026-04-17 15:33:00,391
ORD9961,U952,R49,2026-04-17 15:12:00,314
ORD9962,U789,R141,2026-04-17 15:34:00,427
ORD9963,U574,R157,2026-04-17 12:47:00,254
ORD9964,U860,R6,2026-04-17 10:22:00,488
ORD9965,U582,R98,2026-04-17 17:39:00,129
ORD9966,U267,R130,2026-04-17 17:21:00,243
ORD9967,U86,R164,2026-04-17 17:11:00,800
ORD9968,U156,R152,2026-04-17 11:58:00,677
ORD9969,U380,R160,2026-04-17 17:37:00,537
ORD9970,U272,R146,2026-04-17 14:01:00,733
ORD9971,U340,R40,2026-04-17 19:31:00,543
ORD9972,U113,R23,2026-04-17 12:45:00,170
ORD9973,U248,R34,2026-04-17 19:02:00,742
ORD9974,U214,R157,2026-04-17 14:26:00,556
ORD9975,U506,R165,2026-04-17 19:30:00,427
ORD9976,U761,R82,2026-04-17 12:31:00,539
ORD9977,U747,R5,2026-04-17 15:03:00,364
ORD9978,U31,R148,2026-04-17 11:09:00,232
ORD9979,U856,R50,2026-04-17 14:10:00,679
ORD9980,U143,R64,2026-04-17 18:17:00,642
ORD9981,U821,R22,2026-04-17 12:32:00,264
ORD9982,U580,R112,2026-04-17 15:23:00,583
ORD9983,U242,R152,2026-04-17 19:07:00,322
ORD9984,U174,R18,2026-04-17 17:36:00,561
ORD9985,U676,R144,2026-04-17 17:17:00,272
ORD9986,U753,R151,2026-04-17 17:12:00,749
ORD9987,U998,R55,2026-04-17 15:00:00,615
ORD9988,U205,R190,2026-04-17 10:03:00,544
ORD9989,U216,R41,2026-04-17 19:14:00,658
ORD9990,U68,R23,2026-04-17 13:25:00,545
ORD9991,U481,R121,2026-04-17 14:35:00,244
ORD9992,U64,R162,2026-04-17 14:52:00,335
ORD9993,U603,R153,2026-04-17 19:30:00,302
ORD9994,U121,R132,2026-04-17 15:27:00,199
ORD9995,U828,R150,2026-04-17 13:53:00,295
ORD9996,U982,R165,2026-04-17 13:09:00,356
ORD9997,U47,R159,2026-04-17 15:42:00,385
ORD9998,U871,R34,2026-04-17 11:35:00,254
ORD9999,U798,R124,2026-04-17 11:25:00,576
ORD10000,U662,R33,2026-04-17 13:02:00,322
ORD10001,U316,R59,2026-04-17 10:18:00,775
ORD10002,U814,R55,2026-04-17 15:53:00,133
ORD10003,U253,R141,2026-04-17 17:48:00,127
ORD10004,U112,R185,2026-04-17 14:26:00,456
ORD10005,U722,R92,2026-04-17 17:23:00,770
ORD10006,U182,R102,2026-04-17 15:24:00,749
ORD10007,U870,R33,2026-04-17 14:45:00,120
ORD10008,U642,R181,2026-04-17 14:39:00,477
ORD10009,U58,R56,2026-04-17 17:00:00,770
ORD10010,U433,R80,2026-04-17 18:50:00,373
ORD10011,U613,R189,2026-04-17 18:54:00,480
ORD10012,U795,R54,2026-04-17 18:51:00,670
ORD10013,U715,R114,2026-04-17 12:07:00,484
ORD10014,U274,R12,2026-04-17 16:30:00,188
ORD10015,U484,R178,2026-04-17 11:03:00,144
ORD10016,U380,R115,2026-04-17 19:25:00,736
ORD10017,U146,R106,2026-04-17 17:35:00,580
ORD10018,U47,R172,2026-04-17 11:20:00,560
ORD10019,U566,R112,2026-04-17 16:04:00,517
ORD10020,U772,R103,2026-04-17 13:54:00,621
ORD10021,U869,R1,2026-04-17 18:08:00,450
ORD10022,U837,R62,2026-04-17 12:29:00,636
ORD10023,U276,R96,2026-04-17 19:22:00,305
ORD10024,U837,R166,2026-04-17 18:15:00,548
ORD10025,U113,R20,2026-04-17 17:49:00,245
ORD10026,U20,R101,2026-04-17 13:32:00,751
ORD10027,U15,R192,2026-04-17 10:42:00,565
ORD10028,U233,R92,2026-04-17 17:30:00,709
ORD10029,U302,R11,2026-04-17 11:42:00,370
ORD10030,U164,R167,2026-04-17 19:45:00,711
ORD10031,U984,R133,2026-04-17 19:42:00,636
ORD10032,U207,R124,2026-04-17 15:44:00,599
ORD10033,U224,R161,2026-04-17 16:21:00,365
ORD10034,U772,R163,2026-04-17 14:46:00,718
ORD10035,U922,R171,2026-04-17 18:13:00,254
ORD10036,U744,R151,2026-04-17 16:06:00,372
ORD10037,U164,R69,2026-04-17 17:44:00,492
ORD10038,U305,R53,2026-04-17 15:00:00,655
ORD10039,U383,R140,2026-04-17 14:59:00,644
ORD10040,U327,R54,2026-04-17 10:40:00,383
ORD10041,U616,R158,2026-04-17 14:10:00,433
ORD10042,U279,R158,2026-04-17 19:06:00,189
ORD10043,U43,R179,2026-04-17 10:24:00,797
ORD10044,U180,R144,2026-04-17 18:34:00,362
ORD10045,U307,R139,2026-04-17 11:47:00,142
ORD10046,U533,R160,2026-04-17 11:04:00,263
ORD10047,U793,R30,2026-04-17 11:32:00,445
ORD10048,U470,R172,2026-04-17 10:04:00,775
ORD10049,U27,R187,2026-04-17 15:43:00,617
ORD10050,U280,R52,2026-04-17 13:49:00,101
ORD10051,U645,R39,2026-04-17 12:52:00,775
ORD10052,U535,R4,2026-04-17 10:25:00,305
ORD10053,U357,R42,2026-04-17 18:25:00,221
ORD10054,U197,R200,2026-04-17 13:26:00,132
ORD10055,U822,R85,2026-04-17 18:09:00,521
ORD10056,U403,R113,2026-04-17 12:59:00,454
ORD10057,U953,R49,2026-04-17 13:13:00,282
ORD10058,U414,R128,2026-04-17 19:31:00,412
ORD10059,U831,R37,2026-04-17 13:41:00,765
ORD10060,U925,R193,2026-04-17 11:18:00,797
ORD10061,U406,R83,2026-04-17 15:26:00,262
ORD10062,U919,R79,2026-04-17 16:43:00,533
ORD10063,U567,R173,2026-04-17 16:35:00,522
ORD10064,U812,R167,2026-04-17 11:26:00,744
ORD10065,U907,R146,2026-04-17 13:41:00,718
ORD10066,U763,R2,2026-04-17 11:25:00,638
ORD10067,U506,R73,2026-04-17 19:35:00,550
ORD10068,U609,R91,2026-04-17 17:43:00,658
ORD10069,U559,R195,2026-04-17 12:37:00,459
ORD10070,U928,R67,2026-04-17 13:49:00,695
ORD10071,U217,R107,2026-04-17 15:56:00,113
ORD10072,U156,R9,2026-04-17 17:44:00,519
ORD10073,U77,R131,2026-04-17 11:54:00,339
ORD10074,U970,R176,2026-04-17 10:57:00,332
ORD10075,U667,R132,2026-04-17 17:52:00,771
ORD10076,U953,R157,2026-04-17 12:10:00,790
ORD10077,U397,R88,2026-04-17 18:31:00,570
ORD10078,U505,R175,2026-04-17 12:09:00,691
ORD10079,U297,R11,2026-04-17 15:14:00,189
ORD10080,U706,R130,2026-04-17 13:24:00,530
ORD10081,U798,R22,2026-04-17 16:01:00,490
ORD10082,U94,R94,2026-04-17 10:44:00,712
ORD10083,U313,R116,2026-04-17 15:33:00,434
ORD10084,U677,R11,2026-04-17 10:59:00,378
ORD10085,U8,R14,2026-04-17 19:17:00,640
ORD10086,U121,R111,2026-04-17 17:51:00,689
ORD10087,U457,R181,2026-04-17 19:23:00,151
ORD10088,U58,R27,2026-04-17 16:56:00,769
ORD10089,U542,R28,2026-04-17 11:58:00,343
ORD10090,U935,R92,2026-04-17 18:05:00,741
ORD10091,U449,R140,2026-04-17 14:08:00,676
ORD10092,U281,R77,2026-04-17 11:21:00,170
ORD10093,U182,R46,2026-04-17 16:16:00,262
ORD10094,U608,R163,2026-04-17 19:19:00,799
ORD10095,U132,R9,2026-04-17 15:50:00,746
ORD10096,U434,R184,2026-04-17 12:02:00,658
ORD10097,U968,R61,2026-04-17 15:26:00,240
ORD10098,U958,R51,2026-04-17 17:12:00,570
ORD10099,U283,R184,2026-04-17 14:48:00,699
ORD10100,U24,R12,2026-04-17 19:26:00,231
ORD10101,U594,R15,2026-04-17 13:29:00,200
ORD10102,U928,R26,2026-04-17 11:09:00,790
ORD10103,U952,R117,2026-04-17 13:25:00,342
ORD10104,U920,R35,2026-04-17 15:30:00,420
ORD10105,U44,R26,2026-04-17 11:38:00,370
ORD10106,U608,R97,2026-04-17 12:03:00,464
ORD10107,U570,R113,2026-04-17 13:48:00,226
ORD10108,U485,R139,2026-04-17 17:47:00,263
ORD10109,U538,R24,2026-04-17 14:10:00,513
ORD10110,U115,R179,2026-04-17 16:23:00,579
ORD10111,U919,R81,2026-04-17 10:18:00,789
ORD10112,U528,R120,2026-04-17 16:54:00,257
ORD10113,U749,R44,2026-04-17 18:03:00,140
ORD10114,U616,R200,2026-04-17 15:49:00,541
ORD10115,U923,R151,2026-04-17 18:43:00,432
ORD10116,U47,R28,2026-04-17 12:31:00,612
ORD10117,U154,R119,2026-04-17 14:08:00,734
ORD10118,U226,R109,2026-04-17 18:55:00,428
ORD10119,U595,R73,2026-04-17 11:56:00,530
ORD10120,U608,R195,2026-04-17 17:30:00,488
ORD10121,U725,R57,2026-04-17 14:52:00,170
ORD10122,U916,R28,2026-04-17 14:23:00,562
ORD10123,U50,R157,2026-04-17 17:33:00,161
ORD10124,U384,R196,2026-04-17 14:36:00,792
ORD10125,U862,R40,2026-04-17 16:37:00,762
ORD10126,U282,R132,2026-04-17 13:44:00,679
ORD10127,U21,R142,2026-04-17 12:23:00,761
ORD10128,U843,R163,2026-04-17 19:25:00,769
ORD10129,U864,R183,2026-04-17 14:22:00,374
ORD10130,U537,R29,2026-04-17 15:57:00,348
ORD10131,U344,R178,2026-04-17 11:42:00,453
ORD10132,U812,R34,2026-04-17 15:50:00,190
ORD10133,U249,R90,2026-04-17 19:32:00,562
ORD10134,U64,R58,2026-04-17 16:40:00,445
ORD10135,U628,R139,2026-04-17 19:35:00,192
ORD10136,U62,R24,2026-04-17 12:06:00,276
ORD10137,U476,R136,2026-04-17 19:20:00,742
ORD10138,U12,R82,2026-04-17 13:45:00,608
ORD10139,U696,R104,2026-04-17 11:55:00,496
ORD10140,U796,R93,2026-04-17 18:34:00,205
ORD10141,U867,R25,2026-04-17 17:46:00,513
ORD10142,U901,R67,2026-04-17 19:40:00,670
ORD10143,U383,R31,2026-04-17 14:41:00,214
ORD10144,U182,R179,2026-04-17 15:05:00,226
ORD10145,U177,R151,2026-04-17 11:52:00,603
ORD10146,U110,R140,2026-04-17 13:17:00,564
ORD10147,U810,R147,2026-04-17 17:22:00,573
ORD10148,U998,R100,2026-04-17 14:32:00,785
ORD10149,U802,R114,2026-04-17 17:21:00,375
ORD10150,U859,R19,2026-04-17 19:18:00,765
ORD10151,U741,R21,2026-04-17 14:38:00,329
ORD10152,U41,R88,2026-04-17 13:23:00,329
ORD10153,U294,R27,2026-04-17 16:08:00,752
ORD10154,U490,R175,2026-04-17 11:14:00,794
ORD10155,U986,R84,2026-04-17 17:14:00,656
ORD10156,U118,R84,2026-04-17 14:28:00,264
ORD10157,U133,R45,2026-04-17 16:29:00,250
ORD10158,U655,R164,2026-04-17 16:01:00,553
ORD10159,U115,R68,2026-04-17 17:33:00,760
ORD10160,U880,R173,2026-04-17 17:34:00,129
ORD10161,U518,R97,2026-04-17 14:29:00,231
ORD10162,U33,R198,2026-04-17 11:23:00,533
ORD10163,U283,R106,2026-04-17 11:33:00,358
ORD10164,U57,R38,2026-04-17 10:01:00,205
ORD10165,U357,R123,2026-04-17 14:24:00,247
ORD10166,U671,R197,2026-04-17 16:27:00,313
ORD10167,U711,R30,2026-04-17 19:57:00,675
ORD10168,U575,R187,2026-04-17 13:27:00,360
ORD10169,U907,R62,2026-04-17 11:48:00,740
ORD10170,U144,R27,2026-04-17 12:18:00,614
ORD10171,U179,R32,2026-04-17 11:37:00,739
ORD10172,U806,R112,2026-04-17 19:48:00,430
ORD10173,U86,R26,2026-04-17 11:39:00,431
ORD10174,U948,R179,2026-04-17 17:28:00,437
ORD10175,U823,R135,2026-04-17 12:19:00,768
ORD10176,U538,R141,2026-04-17 11:29:00,664
ORD10177,U161,R106,2026-04-17 17:27:00,572
ORD10178,U73,R186,2026-04-17 18:03:00,752
ORD10179,U9,R26,2026-04-17 13:53:00,748
ORD10180,U206,R114,2026-04-17 13:06:00,114
ORD10181,U898,R84,2026-04-17 10:28:00,294
ORD10182,U59,R26,2026-04-17 11:57:00,134
ORD10183,U737,R189,2026-04-17 18:42:00,149
ORD10184,U10,R17,2026-04-17 19:26:00,291
ORD10185,U602,R42,2026-04-17 14:39:00,122
ORD10186,U611,R89,2026-04-17 18:20:00,649
ORD10187,U930,R39,2026-04-17 10:30:00,380
ORD10188,U660,R1,2026-04-17 10:48:00,178
ORD10189,U835,R81,2026-04-17 19:44:00,587
ORD10190,U450,R22,2026-04-17 19:11:00,395
ORD10191,U995,R8,2026-04-17 15:18:00,127
ORD10192,U100,R190,2026-04-17 11:19:00,270
ORD10193,U164,R175,2026-04-17 13:04:00,451
ORD10194,U328,R165,2026-04-17 12:20:00,125
ORD10195,U311,R174,2026-04-17 15:20:00,552
ORD10196,U358,R163,2026-04-17 12:15:00,572
ORD10197,U911,R120,2026-04-17 19:12:00,600
ORD10198,U250,R59,2026-04-17 18:26:00,282
ORD10199,U321,R144,2026-04-17 17:59:00,546
ORD10200,U438,R44,2026-04-17 15:32:00,481
ORD10201,U846,R163,2026-04-17 18:30:00,582
ORD10202,U882,R1,2026-04-17 14:04:00,231
ORD10203,U814,R138,2026-04-17 14:57:00,176
ORD10204,U614,R96,2026-04-17 10:58:00,419
ORD10205,U666,R137,2026-04-17 18:29:00,366
ORD10206,U684,R191,2026-04-17 18:48:00,286
ORD10207,U540,R190,2026-04-17 11:59:00,337
ORD10208,U537,R51,2026-04-17 16:42:00,250
ORD10209,U781,R149,2026-04-17 17:07:00,232
ORD10210,U121,R6,2026-04-17 18:48:00,116
ORD10211,U243,R90,2026-04-17 19:27:00,261
ORD10212,U661,R135,2026-04-17 16:09:00,182
ORD10213,U561,R44,2026-04-17 18:23:00,185
ORD10214,U66,R93,2026-04-17 15:40:00,278
ORD10215,U80,R24,2026-04-17 17:19:00,183
ORD10216,U916,R76,2026-04-17 10:07:00,603
ORD10217,U81,R2,2026-04-17 14:06:00,344
ORD10218,U684,R191,2026-04-17 18:59:00,745
ORD10219,U872,R166,2026-04-17 15:51:00,246
ORD10220,U535,R128,2026-04-17 17:36:00,758
ORD10221,U436,R175,2026-04-17 18:05:00,612
ORD10222,U444,R115,2026-04-17 15:06:00,187
ORD10223,U858,R18,2026-04-17 17:24:00,110
ORD10224,U415,R21,2026-04-17 16:00:00,213
ORD10225,U468,R147,2026-04-17 11:39:00,433
ORD10226,U456,R20,2026-04-17 16:55:00,553
ORD10227,U277,R117,2026-04-17 13:32:00,619
ORD10228,U364,R97,2026-04-17 19:40:00,621
ORD10229,U101,R102,2026-04-17 12:46:00,619
ORD10230,U261,R185,2026-04-17 18:35:00,103
ORD10231,U486,R30,2026-04-17 16:31:00,579
ORD10232,U581,R36,2026-04-17 18:37:00,462
ORD10233,U559,R122,2026-04-17 15:35:00,503
ORD10234,U66,R66,2026-04-17 13:00:00,604
ORD10235,U435,R14,2026-04-17 16:41:00,130
ORD10236,U557,R59,2026-04-17 10:18:00,740
ORD10237,U246,R63,2026-04-17 15:08:00,280
ORD10238,U272,R77,2026-04-17 19:25:00,275
ORD10239,U570,R165,2026-04-17 19:12:00,285
ORD10240,U774,R183,2026-04-17 13:39:00,263
ORD10241,U127,R115,2026-04-17 10:22:00,316
ORD10242,U547,R42,2026-04-17 12:13:00,800
ORD10243,U988,R89,2026-04-17 16:08:00,454
ORD10244,U501,R57,2026-04-17 15:42:00,222
ORD10245,U185,R193,2026-04-17 17:24:00,361
ORD10246,U888,R84,2026-04-17 10:26:00,212
ORD10247,U144,R186,2026-04-17 14:55:00,186
ORD10248,U374,R89,2026-04-17 10:37:00,332
ORD10249,U941,R200,2026-04-17 17:13:00,435
ORD10250,U666,R199,2026-04-17 16:38:00,796
ORD10251,U405,R33,2026-04-17 12:34:00,281
ORD10252,U793,R198,2026-04-17 17:41:00,183
ORD10253,U930,R106,2026-04-17 18:44:00,240
ORD10254,U280,R18,2026-04-17 16:59:00,490
ORD10255,U695,R99,2026-04-17 11:54:00,214
ORD10256,U938,R126,2026-04-17 16:53:00,593
ORD10257,U745,R143,2026-04-17 19:57:00,207
ORD10258,U49,R167,2026-04-17 13:53:00,617
ORD10259,U938,R104,2026-04-17 12:18:00,345
ORD10260,U38,R169,2026-04-17 12:38:00,466
ORD10261,U800,R17,2026-04-17 14:19:00,622
ORD10262,U272,R177,2026-04-17 13:19:00,548
ORD10263,U495,R103,2026-04-17 11:00:00,795
ORD10264,U830,R79,2026-04-17 18:29:00,370
ORD10265,U262,R93,2026-04-17 17:44:00,769
ORD10266,U972,R199,2026-04-17 17:35:00,736
ORD10267,U572,R152,2026-04-17 13:25:00,301
ORD10268,U11,R79,2026-04-17 13:49:00,539
ORD10269,U643,R180,2026-04-17 17:59:00,209
ORD10270,U511,R90,2026-04-17 13:49:00,575
ORD10271,U14,R16,2026-04-17 11:48:00,698
ORD10272,U879,R95,2026-04-17 16:03:00,165
ORD10273,U323,R96,2026-04-17 12:36:00,224
ORD10274,U374,R157,2026-04-17 18:51:00,251
ORD10275,U539,R72,2026-04-17 14:14:00,688
ORD10276,U499,R79,2026-04-17 17:23:00,465
ORD10277,U396,R145,2026-04-17 17:50:00,561
ORD10278,U236,R184,2026-04-17 11:28:00,645
ORD10279,U227,R187,2026-04-17 10:53:00,711
ORD10280,U772,R116,2026-04-17 11:54:00,239
ORD10281,U220,R179,2026-04-17 19:06:00,757
ORD10282,U556,R116,2026-04-17 15:00:00,452
ORD10283,U600,R62,2026-04-17 16:28:00,381
ORD10284,U258,R38,2026-04-17 16:00:00,251
ORD10285,U855,R166,2026-04-17 11:00:00,555
ORD10286,U444,R134,2026-04-17 19:33:00,108
ORD10287,U721,R167,2026-04-17 14:19:00,574
ORD10288,U109,R111,2026-04-17 12:35:00,355
ORD10289,U279,R154,2026-04-17 17:35:00,506
ORD10290,U264,R75,2026-04-17 17:42:00,792
ORD10291,U373,R109,2026-04-17 11:33:00,253
ORD10292,U851,R104,2026-04-17 18:27:00,309
ORD10293,U134,R95,2026-04-17 16:10:00,190
ORD10294,U558,R21,2026-04-17 13:54:00,336
ORD10295,U818,R184,2026-04-17 14:40:00,659
ORD10296,U752,R147,2026-04-17 12:28:00,520
ORD10297,U211,R151,2026-04-17 15:08:00,318
ORD10298,U219,R193,2026-04-17 14:46:00,416
ORD10299,U547,R199,2026-04-17 19:37:00,534
ORD10300,U687,R197,2026-04-17 15:01:00,728
ORD10301,U333,R89,2026-04-17 10:54:00,408
ORD10302,U623,R146,2026-04-17 13:46:00,295
ORD10303,U483,R138,2026-04-17 12:14:00,217
ORD10304,U109,R55,2026-04-17 16:51:00,713
ORD10305,U814,R9,2026-04-17 10:44:00,669
ORD10306,U924,R63,2026-04-17 15:04:00,732
ORD10307,U519,R186,2026-04-17 15:30:00,146
ORD10308,U104,R196,2026-04-17 17:17:00,206
ORD10309,U27,R85,2026-04-17 19:04:00,786
ORD10310,U891,R123,2026-04-17 14:28:00,455
ORD10311,U532,R26,2026-04-17 18:15:00,242
ORD10312,U111,R104,2026-04-17 13:07:00,748
ORD10313,U563,R5,2026-04-17 13:00:00,331
ORD10314,U519,R161,2026-04-17 13:09:00,176
ORD10315,U101,R32,2026-04-17 15:27:00,433
ORD10316,U681,R65,2026-04-17 14:34:00,196
ORD10317,U423,R197,2026-04-17 18:55:00,122
ORD10318,U348,R188,2026-04-17 10:47:00,226
ORD10319,U614,R61,2026-04-17 17:25:00,617
ORD10320,U999,R96,2026-04-17 13:22:00,655
ORD10321,U849,R116,2026-04-17 10:04:00,794
ORD10322,U40,R192,2026-04-17 12:26:00,196
ORD10323,U81,R114,2026-04-17 13:54:00,643
ORD10324,U359,R1,2026-04-17 16:39:00,286
ORD10325,U187,R80,2026-04-17 13:19:00,368
ORD10326,U428,R12,2026-04-17 18:30:00,336
ORD10327,U81,R189,2026-04-17 14:14:00,408
ORD10328,U914,R41,2026-04-17 11:56:00,776
ORD10329,U456,R177,2026-04-17 16:16:00,156
ORD10330,U38,R11,2026-04-17 12:19:00,263
ORD10331,U944,R4,2026-04-17 12:37:00,782
ORD10332,U340,R123,2026-04-17 11:33:00,200
ORD10333,U148,R166,2026-04-17 14:23:00,272
ORD10334,U55,R94,2026-04-17 11:12:00,338
ORD10335,U802,R23,2026-04-17 19:33:00,658
ORD10336,U620,R45,2026-04-17 13:44:00,373
ORD10337,U261,R147,2026-04-17 10:20:00,785
ORD10338,U436,R5,2026-04-17 16:04:00,150
ORD10339,U182,R173,2026-04-17 17:49:00,233
ORD10340,U790,R155,2026-04-17 19:30:00,215
ORD10341,U677,R105,2026-04-17 16:13:00,649
ORD10342,U678,R56,2026-04-17 19:28:00,204
ORD10343,U892,R199,2026-04-17 16:42:00,138
ORD10344,U819,R39,2026-04-17 15:09:00,516
ORD10345,U804,R69,2026-04-17 18:34:00,316
ORD10346,U354,R7,2026-04-17 16:14:00,497
ORD10347,U307,R148,2026-04-17 12:13:00,699
ORD10348,U900,R172,2026-04-17 12:28:00,706
ORD10349,U152,R46,2026-04-17 13:09:00,647
ORD10350,U362,R53,2026-04-17 15:44:00,382
ORD10351,U978,R169,2026-04-17 10:34:00,621
ORD10352,U421,R127,2026-04-17 15:10:00,297
ORD10353,U272,R139,2026-04-17 10:27:00,665
ORD10354,U763,R163,2026-04-17 18:37:00,691
ORD10355,U682,R13,2026-04-17 11:15:00,231
ORD10356,U560,R29,2026-04-17 11:56:00,650
ORD10357,U887,R7,2026-04-17 11:41:00,422
ORD10358,U122,R30,2026-04-17 11:10:00,388
ORD10359,U589,R6,2026-04-17 10:43:00,739
ORD10360,U488,R87,2026-04-17 10:08:00,288
ORD10361,U893,R66,2026-04-17 17:09:00,313
ORD10362,U31,R170,2026-04-17 15:47:00,786
ORD10363,U17,R97,2026-04-17 17:11:00,559
ORD10364,U78,R36,2026-04-17 15:48:00,784
ORD10365,U974,R92,2026-04-17 10:30:00,437
ORD10366,U456,R8,2026-04-17 15:50:00,264
ORD10367,U887,R86,2026-04-17 18:48:00,286
ORD10368,U945,R108,2026-04-17 11:05:00,593
ORD10369,U632,R20,2026-04-17 11:38:00,194
ORD10370,U16,R146,2026-04-17 18:23:00,614
ORD10371,U595,R44,2026-04-17 19:04:00,151
ORD10372,U675,R159,2026-04-17 19:40:00,356
ORD10373,U927,R95,2026-04-17 12:37:00,147
ORD10374,U987,R28,2026-04-17 14:44:00,368
ORD10375,U149,R155,2026-04-17 16:46:00,452
ORD10376,U393,R129,2026-04-17 19:50:00,326
ORD10377,U36,R47,2026-04-17 15:04:00,440
ORD10378,U713,R20,2026-04-17 19:55:00,572
ORD10379,U969,R111,2026-04-17 19:43:00,107
ORD10380,U372,R53,2026-04-17 10:10:00,485
ORD10381,U909,R122,2026-04-17 19:40:00,679
ORD10382,U910,R176,2026-04-17 11:35:00,624
ORD10383,U798,R197,2026-04-17 14:16:00,691
ORD10384,U488,R13,2026-04-17 10:01:00,748
ORD10385,U758,R198,2026-04-17 10:55:00,212
ORD10386,U425,R72,2026-04-17 19:45:00,175
ORD10387,U863,R6,2026-04-17 12:13:00,784
ORD10388,U241,R60,2026-04-17 12:44:00,692
ORD10389,U328,R185,2026-04-17 16:39:00,565
ORD10390,U445,R187,2026-04-17 15:54:00,754
ORD10391,U926,R14,2026-04-17 11:35:00,796
ORD10392,U515,R80,2026-04-17 13:08:00,194
ORD10393,U251,R30,2026-04-17 13:36:00,571
ORD10394,U255,R153,2026-04-17 18:19:00,615
ORD10395,U564,R194,2026-04-17 14:18:00,779
ORD10396,U147,R73,2026-04-17 12:34:00,319
ORD10397,U356,R168,2026-04-17 13:53:00,517
ORD10398,U37,R150,2026-04-17 18:00:00,355
ORD10399,U185,R90,2026-04-17 14:25:00,424
ORD10400,U553,R144,2026-04-17 19:36:00,452
ORD10401,U993,R141,2026-04-17 19:23:00,553
ORD10402,U265,R124,2026-04-17 15:28:00,733
ORD10403,U767,R28,2026-04-17 13:10:00,257
ORD10404,U408,R178,2026-04-17 15:21:00,711
ORD10405,U224,R107,2026-04-17 11:51:00,636
ORD10406,U843,R97,2026-04-17 12:38:00,600
ORD10407,U122,R89,2026-04-17 15:46:00,277
ORD10408,U751,R96,2026-04-17 13:52:00,615
ORD10409,U394,R52,2026-04-17 11:08:00,437
ORD10410,U298,R153,2026-04-17 14:00:00,392
ORD10411,U987,R74,2026-04-17 18:48:00,589
ORD10412,U406,R78,2026-04-17 17:13:00,112
ORD10413,U758,R40,2026-04-17 17:42:00,163
ORD10414,U529,R177,2026-04-17 13:00:00,560
ORD10415,U28,R141,2026-04-17 13:53:00,269
ORD10416,U253,R151,2026-04-17 13:44:00,112
ORD10417,U558,R77,2026-04-17 18:12:00,659
ORD10418,U440,R183,2026-04-17 10:27:00,133
ORD10419,U798,R126,2026-04-17 16:37:00,344
ORD10420,U99,R24,2026-04-17 14:24:00,133
ORD10421,U895,R187,2026-04-17 12:38:00,144
ORD10422,U497,R80,2026-04-17 15:50:00,680
ORD10423,U908,R189,2026-04-17 13:27:00,578
ORD10424,U412,R147,2026-04-17 15:05:00,237
ORD10425,U234,R14,2026-04-17 17:47:00,538
ORD10426,U211,R132,2026-04-17 19:24:00,636
ORD10427,U178,R77,2026-04-17 13:49:00,596
ORD10428,U959,R54,2026-04-17 16:24:00,518
ORD10429,U486,R172,2026-04-17 10:44:00,545
ORD10430,U189,R102,2026-04-17 14:52:00,460
ORD10431,U52,R25,2026-04-17 11:16:00,790
ORD10432,U59,R42,2026-04-17 15:42:00,299
ORD10433,U879,R2,2026-04-17 10:26:00,632
ORD10434,U409,R76,2026-04-17 16:39:00,447
ORD10435,U845,R6,2026-04-17 14:43:00,715
ORD10436,U104,R31,2026-04-17 18:47:00,346
ORD10437,U306,R53,2026-04-17 15:16:00,387
ORD10438,U118,R152,2026-04-17 12:57:00,507
ORD10439,U174,R52,2026-04-17 18:32:00,488
ORD10440,U840,R173,2026-04-17 13:26:00,324
ORD10441,U530,R106,2026-04-17 15:34:00,202
ORD10442,U491,R178,2026-04-17 11:09:00,149
ORD10443,U792,R17,2026-04-17 16:17:00,363
ORD10444,U929,R171,2026-04-17 17:34:00,442
ORD10445,U359,R190,2026-04-17 19:13:00,743
ORD10446,U679,R126,2026-04-17 13:07:00,364
ORD10447,U901,R59,2026-04-17 16:18:00,613
ORD10448,U695,R139,2026-04-17 11:48:00,405
ORD10449,U446,R90,2026-04-17 10:50:00,541
ORD10450,U139,R116,2026-04-17 11:53:00,325
ORD10451,U837,R47,2026-04-17 19:03:00,341
ORD10452,U634,R34,2026-04-17 15:31:00,101
ORD10453,U250,R148,2026-04-17 11:04:00,242
ORD10454,U445,R71,2026-04-17 12:18:00,646
ORD10455,U38,R194,2026-04-17 10:10:00,139
ORD10456,U351,R28,2026-04-17 17:50:00,543
ORD10457,U550,R94,2026-04-17 18:01:00,476
ORD10458,U836,R132,2026-04-17 18:25:00,593
ORD10459,U137,R11,2026-04-17 10:34:00,525
ORD10460,U417,R60,2026-04-17 14:43:00,130
ORD10461,U667,R104,2026-04-17 13:22:00,433
ORD10462,U371,R109,2026-04-17 18:11:00,737
ORD10463,U636,R128,2026-04-17 19:25:00,250
ORD10464,U62,R174,2026-04-17 16:36:00,629
ORD10465,U915,R2,2026-04-17 18:56:00,661
ORD10466,U445,R189,2026-04-17 11:39:00,622
ORD10467,U420,R109,2026-04-17 10:48:00,438
ORD10468,U411,R121,2026-04-17 17:10:00,209
ORD10469,U467,R58,2026-04-17 11:39:00,391
ORD10470,U851,R44,2026-04-17 16:32:00,462
ORD10471,U314,R198,2026-04-17 15:24:00,459
ORD10472,U38,R90,2026-04-17 10:58:00,575
ORD10473,U860,R102,2026-04-17 13:18:00,619
ORD10474,U309,R128,2026-04-17 10:17:00,148
ORD10475,U227,R31,2026-04-17 16:53:00,551
ORD10476,U218,R21,2026-04-17 16:58:00,734
ORD10477,U833,R131,2026-04-17 10:25:00,446
ORD10478,U513,R9,2026-04-17 18:21:00,326
ORD10479,U71,R57,2026-04-17 14:43:00,475
ORD10480,U85,R36,2026-04-17 16:08:00,241
ORD10481,U283,R59,2026-04-17 13:03:00,337
ORD10482,U901,R119,2026-04-17 19:28:00,406
ORD10483,U588,R152,2026-04-17 13:10:00,578
ORD10484,U448,R139,2026-04-17 14:34:00,512
ORD10485,U375,R72,2026-04-17 17:56:00,282
ORD10486,U571,R145,2026-04-17 10:17:00,371
ORD10487,U80,R79,2026-04-17 15:10:00,681
ORD10488,U9,R90,2026-04-17 13:32:00,593
ORD10489,U224,R117,2026-04-17 18:26:00,418
ORD10490,U898,R43,2026-04-17 17:56:00,148
ORD10491,U501,R160,2026-04-17 16:08:00,647
ORD10492,U337,R81,2026-04-17 18:31:00,684
ORD10493,U211,R63,2026-04-17 18:47:00,162
ORD10494,U223,R169,2026-04-17 12:25:00,284
ORD10495,U811,R168,2026-04-17 17:26:00,737
ORD10496,U994,R34,2026-04-17 12:19:00,624
ORD10497,U63,R186,2026-04-17 16:23:00,640
ORD10498,U851,R67,2026-04-17 15:44:00,362
ORD10499,U214,R64,2026-04-17 13:16:00,782
ORD10500,U41,R100,2026-04-17 15:53:00,414
ORD10501,U604,R126,2026-04-17 10:51:00,287
ORD10502,U167,R47,2026-04-17 12:03:00,221
ORD10503,U62,R79,2026-04-17 19:06:00,596
ORD10504,U238,R59,2026-04-17 15:51:00,505
ORD10505,U206,R140,2026-04-17 18:01:00,592
ORD10506,U483,R112,2026-04-17 17:23:00,496
ORD10507,U233,R82,2026-04-17 10:36:00,457
ORD10508,U420,R3,2026-04-17 12:54:00,652
ORD10509,U182,R1,2026-04-17 13:15:00,657
ORD10510,U894,R78,2026-04-17 16:03:00,723
ORD10511,U193,R148,2026-04-17 11:31:00,475
ORD10512,U54,R188,2026-04-17 18:29:00,219
ORD10513,U308,R34,2026-04-17 19:42:00,460
ORD10514,U987,R124,2026-04-17 19:17:00,576
ORD10515,U913,R129,2026-04-17 19:05:00,146
ORD10516,U993,R61,2026-04-17 11:00:00,205
ORD10517,U76,R31,2026-04-17 18:33:00,615
ORD10518,U831,R163,2026-04-17 17:25:00,429
ORD10519,U718,R140,2026-04-17 19:06:00,155
ORD10520,U293,R120,2026-04-17 15:46:00,292
ORD10521,U702,R79,2026-04-17 17:07:00,342
ORD10522,U493,R48,2026-04-17 17:05:00,301
ORD10523,U902,R63,2026-04-17 15:32:00,393
ORD10524,U990,R31,2026-04-17 11:14:00,468
ORD10525,U837,R174,2026-04-17 17:35:00,163
ORD10526,U794,R69,2026-04-17 10:44:00,306
ORD10527,U313,R87,2026-04-17 17:27:00,126
ORD10528,U845,R88,2026-04-17 15:30:00,360
ORD10529,U30,R43,2026-04-17 13:15:00,353
ORD10530,U287,R194,2026-04-17 10:30:00,631
ORD10531,U570,R60,2026-04-17 18:12:00,465
ORD10532,U116,R79,2026-04-17 14:31:00,217
ORD10533,U704,R113,2026-04-17 14:39:00,214
ORD10534,U220,R152,2026-04-17 13:21:00,500
ORD10535,U232,R77,2026-04-17 18:18:00,692
ORD10536,U261,R12,2026-04-17 10:57:00,593
ORD10537,U50,R142,2026-04-17 11:03:00,724
ORD10538,U826,R137,2026-04-17 17:57:00,362
ORD10539,U461,R174,2026-04-17 13:50:00,143
ORD10540,U696,R174,2026-04-17 11:58:00,538
ORD10541,U33,R3,2026-04-17 15:55:00,463
ORD10542,U454,R52,2026-04-17 16:48:00,286
ORD10543,U301,R18,2026-04-17 10:41:00,419
ORD10544,U410,R163,2026-04-17 16:16:00,402
ORD10545,U171,R12,2026-04-17 13:27:00,398
ORD10546,U958,R161,2026-04-17 11:21:00,283
ORD10547,U699,R129,2026-04-17 19:32:00,766
ORD10548,U371,R175,2026-04-17 15:07:00,250
ORD10549,U145,R43,2026-04-17 12:20:00,724
ORD10550,U89,R18,2026-04-17 19:08:00,159
ORD10551,U756,R70,2026-04-17 16:34:00,407
ORD10552,U595,R15,2026-04-17 17:42:00,653
ORD10553,U273,R83,2026-04-17 11:31:00,479
ORD10554,U844,R3,2026-04-17 12:11:00,528
ORD10555,U365,R141,2026-04-17 10:16:00,535
ORD10556,U882,R40,2026-04-17 16:08:00,713
ORD10557,U30,R31,2026-04-17 17:13:00,163
ORD10558,U194,R75,2026-04-17 17:23:00,405
ORD10559,U656,R86,2026-04-17 13:18:00,130
ORD10560,U790,R80,2026-04-17 10:46:00,493
ORD10561,U821,R87,2026-04-17 19:25:00,670
ORD10562,U769,R185,2026-04-17 10:57:00,510
ORD10563,U590,R145,2026-04-17 15:40:00,740
ORD10564,U174,R72,2026-04-17 15:49:00,644
ORD10565,U229,R140,2026-04-17 10:28:00,716
ORD10566,U884,R178,2026-04-17 13:15:00,396
ORD10567,U425,R193,2026-04-17 13:48:00,126
ORD10568,U522,R20,2026-04-17 12:45:00,630
ORD10569,U802,R89,2026-04-17 11:19:00,585
ORD10570,U541,R164,2026-04-17 13:17:00,131
ORD10571,U111,R71,2026-04-17 13:56:00,394
ORD10572,U6,R176,2026-04-17 15:48:00,303
ORD10573,U393,R179,2026-04-17 15:01:00,532
ORD10574,U74,R114,2026-04-17 17:05:00,128
ORD10575,U368,R199,2026-04-17 12:58:00,504
ORD10576,U131,R16,2026-04-17 12:04:00,200
ORD10577,U461,R98,2026-04-17 10:38:00,450
ORD10578,U739,R107,2026-04-17 18:00:00,155
ORD10579,U49,R170,2026-04-17 11:41:00,450
ORD10580,U379,R100,2026-04-17 19:40:00,584
ORD10581,U601,R140,2026-04-17 15:54:00,173
ORD10582,U885,R106,2026-04-17 13:40:00,202
ORD10583,U792,R3,2026-04-17 11:29:00,171
ORD10584,U921,R104,2026-04-17 13:05:00,793
ORD10585,U963,R135,2026-04-17 11:46:00,428
ORD10586,U307,R179,2026-04-17 16:33:00,284
ORD10587,U66,R103,2026-04-17 17:57:00,785
ORD10588,U751,R71,2026-04-17 16:41:00,409
ORD10589,U817,R41,2026-04-17 14:25:00,321
ORD10590,U58,R104,2026-04-17 12:25:00,451
ORD10591,U80,R70,2026-04-17 13:07:00,508
ORD10592,U247,R124,2026-04-17 10:05:00,202
ORD10593,U165,R110,2026-04-17 16:56:00,713
ORD10594,U268,R95,2026-04-17 12:15:00,682
ORD10595,U417,R128,2026-04-17 14:30:00,356
ORD10596,U843,R176,2026-04-17 19:59:00,534
ORD10597,U617,R117,2026-04-17 19:31:00,161
ORD10598,U814,R67,2026-04-17 18:56:00,528
ORD10599,U656,R144,2026-04-17 15:18:00,367
ORD10600,U6,R56,2026-04-17 19:16:00,187
ORD10601,U322,R21,2026-04-17 18:37:00,522
ORD10602,U436,R200,2026-04-17 19:57:00,384
ORD10603,U590,R19,2026-04-17 11:49:00,420
ORD10604,U606,R76,2026-04-17 17:27:00,332
ORD10605,U632,R188,2026-04-17 19:27:00,584
ORD10606,U82,R42,2026-04-17 11:25:00,634
ORD10607,U371,R67,2026-04-17 17:23:00,164
ORD10608,U636,R175,2026-04-17 10:18:00,473
ORD10609,U527,R66,2026-04-17 12:58:00,787
ORD10610,U413,R112,2026-04-17 15:59:00,280
ORD10611,U701,R143,2026-04-17 18:42:00,745
ORD10612,U656,R59,2026-04-17 17:23:00,724
ORD10613,U474,R97,2026-04-17 18:29:00,337
ORD10614,U292,R95,2026-04-17 13:42:00,793
ORD10615,U797,R186,2026-04-17 14:22:00,151
ORD10616,U120,R82,2026-04-17 14:40:00,590
ORD10617,U120,R171,2026-04-17 18:01:00,530
ORD10618,U283,R89,2026-04-17 18:22:00,411
ORD10619,U294,R112,2026-04-17 14:15:00,747
ORD10620,U339,R157,2026-04-17 16:37:00,278
ORD10621,U875,R32,2026-04-17 13:38:00,158
ORD10622,U924,R160,2026-04-17 18:12:00,303
ORD10623,U354,R111,2026-04-17 19:34:00,484
ORD10624,U434,R15,2026-04-17 16:18:00,160
ORD10625,U98,R48,2026-04-17 18:36:00,562
ORD10626,U772,R183,2026-04-17 17:45:00,154
ORD10627,U890,R82,2026-04-17 12:22:00,717
ORD10628,U911,R49,2026-04-17 10:22:00,605
ORD10629,U90,R44,2026-04-17 15:26:00,401
ORD10630,U478,R184,2026-04-17 12:30:00,682
ORD10631,U484,R8,2026-04-17 15:53:00,715
ORD10632,U703,R70,2026-04-17 13:05:00,348
ORD10633,U617,R164,2026-04-17 12:41:00,496
ORD10634,U469,R20,2026-04-17 13:34:00,246
ORD10635,U159,R23,2026-04-17 19:30:00,715
ORD10636,U938,R129,2026-04-17 14:12:00,569
ORD10637,U502,R22,2026-04-17 11:33:00,175
ORD10638,U783,R5,2026-04-17 18:43:00,751
ORD10639,U568,R184,2026-04-17 18:59:00,283
ORD10640,U458,R153,2026-04-17 19:34:00,153
ORD10641,U171,R100,2026-04-17 15:05:00,242
ORD10642,U341,R176,2026-04-17 16:20:00,192
ORD10643,U734,R167,2026-04-17 17:33:00,715
ORD10644,U491,R145,2026-04-17 16:59:00,300
ORD10645,U240,R118,2026-04-17 10:45:00,265
ORD10646,U392,R31,2026-04-17 15:34:00,536
ORD10647,U986,R131,2026-04-17 17:41:00,733
ORD10648,U329,R20,2026-04-17 19:41:00,749
ORD10649,U638,R155,2026-04-17 19:11:00,246
ORD10650,U337,R48,2026-04-17 13:07:00,768
ORD10651,U657,R143,2026-04-17 10:27:00,610
ORD10652,U33,R130,2026-04-17 15:53:00,136
ORD10653,U983,R18,2026-04-17 10:34:00,682
ORD10654,U931,R32,2026-04-17 11:26:00,770
ORD10655,U440,R73,2026-04-17 16:16:00,686
ORD10656,U75,R66,2026-04-17 15:16:00,183
ORD10657,U206,R113,2026-04-17 18:33:00,439
ORD10658,U723,R189,2026-04-17 14:34:00,368
ORD10659,U926,R40,2026-04-17 11:13:00,492
ORD10660,U172,R133,2026-04-17 13:19:00,586
ORD10661,U28,R36,2026-04-17 12:02:00,233
ORD10662,U490,R119,2026-04-17 14:56:00,603
ORD10663,U47,R16,2026-04-17 12:00:00,531
ORD10664,U357,R42,2026-04-17 12:47:00,665
ORD10665,U970,R183,2026-04-17 11:37:00,150
ORD10666,U593,R79,2026-04-17 14:19:00,121
ORD10667,U329,R178,2026-04-17 12:35:00,769
ORD10668,U354,R192,2026-04-17 15:09:00,285
ORD10669,U967,R176,2026-04-17 14:34:00,448
ORD10670,U993,R160,2026-04-17 16:37:00,237
ORD10671,U218,R49,2026-04-17 15:05:00,747
ORD10672,U431,R198,2026-04-17 19:59:00,450
ORD10673,U85,R2,2026-04-17 16:28:00,117
ORD10674,U171,R39,2026-04-17 19:17:00,226
ORD10675,U420,R2,2026-04-17 14:14:00,799
ORD10676,U589,R127,2026-04-17 11:20:00,119
ORD10677,U99,R189,2026-04-17 10:23:00,469
ORD10678,U734,R88,2026-04-17 11:44:00,624
ORD10679,U96,R71,2026-04-17 10:45:00,574
ORD10680,U486,R27,2026-04-17 13:41:00,746
ORD10681,U516,R73,2026-04-17 14:17:00,793
ORD10682,U879,R144,2026-04-17 19:01:00,748
ORD10683,U833,R33,2026-04-17 10:36:00,582
ORD10684,U943,R100,2026-04-17 19:18:00,282
ORD10685,U131,R19,2026-04-17 17:06:00,326
ORD10686,U955,R199,2026-04-17 17:01:00,616
ORD10687,U162,R102,2026-04-17 16:12:00,713
ORD10688,U598,R178,2026-04-17 11:37:00,413
ORD10689,U415,R12,2026-04-17 12:09:00,583
ORD10690,U569,R109,2026-04-17 18:30:00,109
ORD10691,U674,R21,2026-04-17 12:34:00,355
ORD10692,U34,R35,2026-04-17 10:58:00,270
ORD10693,U916,R119,2026-04-17 14:41:00,624
ORD10694,U114,R125,2026-04-17 15:07:00,463
ORD10695,U352,R104,2026-04-17 18:56:00,635
ORD10696,U22,R159,2026-04-17 18:20:00,214
ORD10697,U631,R176,2026-04-17 16:14:00,594
ORD10698,U101,R7,2026-04-17 12:59:00,743
ORD10699,U291,R155,2026-04-17 11:13:00,298
ORD10700,U250,R140,2026-04-17 11:48:00,656
ORD10701,U869,R18,2026-04-17 15:53:00,467
ORD10702,U128,R39,2026-04-17 10:15:00,292
ORD10703,U826,R25,2026-04-17 15:37:00,788
ORD10704,U158,R109,2026-04-17 10:23:00,619
ORD10705,U454,R16,2026-04-17 16:55:00,360
ORD10706,U453,R42,2026-04-17 17:28:00,676
ORD10707,U238,R68,2026-04-17 18:55:00,291
ORD10708,U893,R6,2026-04-17 10:25:00,794
ORD10709,U105,R17,2026-04-17 14:39:00,356
ORD10710,U875,R103,2026-04-17 14:34:00,586
ORD10711,U9,R57,2026-04-17 16:08:00,167
ORD10712,U671,R110,2026-04-17 19:26:00,273
ORD10713,U247,R102,2026-04-17 16:01:00,105
ORD10714,U532,R84,2026-04-17 18:12:00,184
ORD10715,U48,R66,2026-04-17 12:45:00,194
ORD10716,U838,R199,2026-04-17 12:53:00,681
ORD10717,U601,R166,2026-04-17 13:46:00,264
ORD10718,U734,R120,2026-04-17 19:37:00,198
ORD10719,U62,R138,2026-04-17 13:27:00,410
ORD10720,U934,R67,2026-04-17 13:46:00,545
ORD10721,U922,R64,2026-04-17 16:03:00,676
ORD10722,U178,R144,2026-04-17 19:38:00,216
ORD10723,U668,R138,2026-04-17 15:55:00,414
ORD10724,U500,R107,2026-04-17 10:49:00,462
ORD10725,U924,R79,2026-04-17 11:26:00,594
ORD10726,U661,R104,2026-04-17 14:50:00,396
ORD10727,U235,R176,2026-04-17 15:29:00,700
ORD10728,U280,R157,2026-04-17 15:29:00,502
ORD10729,U748,R18,2026-04-17 13:29:00,513
ORD10730,U102,R94,2026-04-17 17:39:00,216
ORD10731,U437,R79,2026-04-17 18:18:00,208
ORD10732,U376,R61,2026-04-17 11:22:00,299
ORD10733,U8,R180,2026-04-17 18:53:00,552
ORD10734,U422,R91,2026-04-17 18:10:00,305
ORD10735,U905,R39,2026-04-17 10:30:00,228
ORD10736,U465,R53,2026-04-17 15:17:00,692
ORD10737,U208,R3,2026-04-17 12:11:00,226
ORD10738,U590,R58,2026-04-17 13:28:00,267
ORD10739,U77,R2,2026-04-17 12:07:00,131
ORD10740,U589,R47,2026-04-17 11:58:00,588
ORD10741,U14,R161,2026-04-17 12:09:00,777
ORD10742,U929,R86,2026-04-17 12:28:00,356
ORD10743,U826,R42,2026-04-17 10:07:00,410
ORD10744,U115,R192,2026-04-17 15:39:00,316
ORD10745,U687,R16,2026-04-17 12:10:00,386
ORD10746,U558,R42,2026-04-17 19:53:00,553
ORD10747,U734,R196,2026-04-17 11:10:00,316
ORD10748,U353,R62,2026-04-17 19:27:00,181
ORD10749,U379,R171,2026-04-17 16:31:00,660
ORD10750,U803,R165,2026-04-17 17:03:00,235
ORD10751,U172,R199,2026-04-17 14:59:00,394
ORD10752,U413,R85,2026-04-17 12:10:00,439
ORD10753,U570,R5,2026-04-17 14:24:00,585
ORD10754,U417,R37,2026-04-17 12:09:00,582
ORD10755,U237,R161,2026-04-17 10:48:00,125
ORD10756,U534,R89,2026-04-17 19:41:00,666
ORD10757,U207,R11,2026-04-17 16:03:00,502
ORD10758,U672,R53,2026-04-17 18:09:00,458
ORD10759,U628,R195,2026-04-17 12:11:00,264
ORD10760,U804,R104,2026-04-17 13:33:00,206
ORD10761,U549,R169,2026-04-17 15:35:00,796
ORD10762,U218,R188,2026-04-17 18:25:00,118
ORD10763,U912,R193,2026-04-17 17:20:00,314
ORD10764,U552,R106,2026-04-17 17:13:00,642
ORD10765,U813,R82,2026-04-17 18:16:00,575
ORD10766,U810,R151,2026-04-17 18:29:00,500
ORD10767,U170,R3,2026-04-17 16:22:00,100
ORD10768,U339,R60,2026-04-17 14:27:00,793
ORD10769,U911,R115,2026-04-17 16:08:00,758
ORD10770,U544,R39,2026-04-17 12:51:00,586
ORD10771,U186,R154,2026-04-17 15:01:00,316
ORD10772,U418,R97,2026-04-17 10:28:00,548
ORD10773,U664,R38,2026-04-17 15:52:00,207
ORD10774,U572,R25,2026-04-17 12:07:00,296
ORD10775,U673,R31,2026-04-17 17:29:00,408
ORD10776,U814,R165,2026-04-17 16:32:00,495
ORD10777,U411,R159,2026-04-17 12:09:00,531
ORD10778,U476,R5,2026-04-17 10:21:00,759
ORD10779,U93,R120,2026-04-17 14:13:00,135
ORD10780,U526,R139,2026-04-17 17:38:00,560
ORD10781,U44,R189,2026-04-17 11:27:00,674
ORD10782,U576,R5,2026-04-17 19:37:00,354
ORD10783,U134,R11,2026-04-17 15:48:00,738
ORD10784,U151,R123,2026-04-17 16:25:00,755
ORD10785,U305,R20,2026-04-17 10:37:00,169
ORD10786,U32,R12,2026-04-17 10:08:00,557
ORD10787,U959,R5,2026-04-17 15:18:00,360
ORD10788,U763,R17,2026-04-17 12:47:00,442
ORD10789,U776,R2,2026-04-17 15:01:00,151
ORD10790,U913,R28,2026-04-17 12:11:00,318
ORD10791,U549,R30,2026-04-17 16:27:00,684
ORD10792,U398,R102,2026-04-17 13:02:00,743
ORD10793,U825,R17,2026-04-17 16:39:00,690
ORD10794,U551,R166,2026-04-17 19:36:00,724
ORD10795,U281,R29,2026-04-17 15:37:00,436
ORD10796,U485,R183,2026-04-17 13:25:00,783
ORD10797,U810,R41,2026-04-17 14:20:00,672
ORD10798,U250,R155,2026-04-17 14:56:00,555
ORD10799,U364,R79,2026-04-17 18:37:00,639
ORD10800,U532,R91,2026-04-17 11:00:00,709
ORD10801,U64,R124,2026-04-17 10:14:00,368
ORD10802,U294,R76,2026-04-17 16:23:00,703
ORD10803,U680,R28,2026-04-17 18:34:00,238
ORD10804,U273,R87,2026-04-17 14:34:00,635
ORD10805,U519,R71,2026-04-17 11:42:00,777
ORD10806,U317,R37,2026-04-17 14:15:00,726
ORD10807,U256,R3,2026-04-17 10:27:00,306
ORD10808,U477,R28,2026-04-17 18:05:00,534
ORD10809,U982,R167,2026-04-17 19:47:00,109
ORD10810,U999,R34,2026-04-17 19:20:00,583
ORD10811,U843,R134,2026-04-17 19:05:00,219
ORD10812,U822,R30,2026-04-17 18:06:00,558
ORD10813,U383,R126,2026-04-17 15:14:00,444
ORD10814,U86,R37,2026-04-17 10:15:00,193
ORD10815,U581,R194,2026-04-17 11:07:00,396
ORD10816,U371,R13,2026-04-17 16:11:00,313
ORD10817,U923,R115,2026-04-17 13:15:00,122
ORD10818,U404,R96,2026-04-17 15:11:00,654
ORD10819,U611,R99,2026-04-17 11:11:00,340
ORD10820,U964,R85,2026-04-17 19:43:00,314
ORD10821,U390,R79,2026-04-17 12:20:00,407
ORD10822,U985,R156,2026-04-17 17:05:00,790
ORD10823,U538,R193,2026-04-17 19:12:00,710
ORD10824,U358,R64,2026-04-17 11:04:00,573
ORD10825,U850,R99,2026-04-17 18:16:00,751
ORD10826,U579,R73,2026-04-17 14:59:00,251
ORD10827,U329,R24,2026-04-17 19:01:00,622
ORD10828,U851,R142,2026-04-17 10:01:00,472
ORD10829,U967,R41,2026-04-17 13:09:00,796
ORD10830,U911,R4,2026-04-17 15:07:00,217
ORD10831,U438,R41,2026-04-17 14:38:00,394
ORD10832,U956,R24,2026-04-17 19:25:00,754
ORD10833,U369,R13,2026-04-17 12:03:00,359
ORD10834,U524,R150,2026-04-17 10:40:00,690
ORD10835,U293,R25,2026-04-17 18:40:00,353
ORD10836,U337,R50,2026-04-17 13:52:00,734
ORD10837,U439,R88,2026-04-17 10:53:00,502
ORD10838,U629,R83,2026-04-17 19:29:00,226
ORD10839,U391,R133,2026-04-17 12:54:00,657
ORD10840,U257,R97,2026-04-17 16:22:00,799
ORD10841,U373,R93,2026-04-17 12:40:00,628
ORD10842,U540,R186,2026-04-17 15:07:00,162
ORD10843,U778,R67,2026-04-17 12:36:00,796
ORD10844,U353,R41,2026-04-17 18:23:00,208
ORD10845,U205,R118,2026-04-17 12:49:00,656
ORD10846,U530,R64,2026-04-17 16:46:00,304
ORD10847,U461,R74,2026-04-17 16:23:00,412
ORD10848,U739,R17,2026-04-17 18:09:00,592
ORD10849,U379,R195,2026-04-17 14:35:00,685
ORD10850,U411,R15,2026-04-17 14:27:00,591
ORD10851,U970,R161,2026-04-17 14:16:00,432
ORD10852,U483,R71,2026-04-17 18:35:00,796
ORD10853,U362,R82,2026-04-17 15:07:00,472
ORD10854,U533,R177,2026-04-17 15:56:00,525
ORD10855,U119,R59,2026-04-17 11:23:00,298
ORD10856,U471,R64,2026-04-17 14:35:00,739
ORD10857,U936,R51,2026-04-17 16:35:00,108
ORD10858,U72,R122,2026-04-17 11:02:00,206
ORD10859,U298,R84,2026-04-17 10:21:00,377
ORD10860,U531,R180,2026-04-17 15:55:00,748
ORD10861,U252,R62,2026-04-17 12:42:00,358
ORD10862,U396,R3,2026-04-17 15:14:00,603
ORD10863,U139,R39,2026-04-17 14:21:00,607
ORD10864,U327,R51,2026-04-17 19:13:00,591
ORD10865,U933,R91,2026-04-17 10:13:00,732
ORD10866,U707,R86,2026-04-17 17:57:00,682
ORD10867,U629,R19,2026-04-17 12:04:00,615
ORD10868,U596,R76,2026-04-17 14:56:00,142
ORD10869,U918,R178,2026-04-17 13:15:00,668
ORD10870,U327,R200,2026-04-17 11:27:00,509
ORD10871,U39,R9,2026-04-17 15:45:00,182
ORD10872,U229,R88,2026-04-17 15:30:00,776
ORD10873,U410,R200,2026-04-17 13:40:00,414
ORD10874,U262,R131,2026-04-17 13:28:00,533
ORD10875,U740,R55,2026-04-17 13:32:00,497
ORD10876,U853,R143,2026-04-17 18:47:00,136
ORD10877,U508,R60,2026-04-17 14:16:00,395
ORD10878,U627,R30,2026-04-17 16:24:00,493
ORD10879,U782,R127,2026-04-17 10:12:00,439
ORD10880,U633,R126,2026-04-17 13:46:00,144
ORD10881,U656,R98,2026-04-17 13:14:00,768
ORD10882,U381,R91,2026-04-17 19:43:00,591
ORD10883,U358,R175,2026-04-17 13:06:00,794
ORD10884,U499,R57,2026-04-17 12:11:00,267
ORD10885,U847,R94,2026-04-17 19:27:00,611
ORD10886,U881,R8,2026-04-17 12:46:00,269
ORD10887,U488,R102,2026-04-17 17:38:00,271
ORD10888,U693,R195,2026-04-17 13:46:00,763
ORD10889,U641,R196,2026-04-17 13:51:00,412
ORD10890,U921,R179,2026-04-17 18:32:00,194
ORD10891,U707,R56,2026-04-17 13:54:00,569
ORD10892,U10,R99,2026-04-17 13:45:00,740
ORD10893,U69,R173,2026-04-17 19:07:00,529
ORD10894,U952,R142,2026-04-17 10:08:00,504
ORD10895,U948,R32,2026-04-17 16:35:00,591
ORD10896,U766,R146,2026-04-17 15:26:00,406
ORD10897,U765,R108,2026-04-17 19:43:00,454
ORD10898,U335,R117,2026-04-17 12:45:00,204
ORD10899,U185,R159,2026-04-17 11:25:00,607
ORD10900,U843,R47,2026-04-17 14:01:00,132
ORD10901,U314,R9,2026-04-17 18:03:00,746
ORD10902,U28,R34,2026-04-17 19:28:00,747
ORD10903,U465,R112,2026-04-17 13:34:00,433
ORD10904,U727,R176,2026-04-17 16:27:00,197
ORD10905,U405,R123,2026-04-17 12:26:00,664
ORD10906,U125,R53,2026-04-17 12:10:00,642
ORD10907,U742,R134,2026-04-17 18:55:00,769
ORD10908,U742,R175,2026-04-17 19:25:00,572
ORD10909,U297,R137,2026-04-17 12:26:00,155
ORD10910,U384,R193,2026-04-17 13:13:00,660
ORD10911,U83,R110,2026-04-17 10:53:00,491
ORD10912,U528,R12,2026-04-17 16:28:00,386
ORD10913,U549,R199,2026-04-17 11:47:00,449
ORD10914,U608,R96,2026-04-17 17:39:00,157
ORD10915,U143,R37,2026-04-17 15:05:00,728
ORD10916,U254,R87,2026-04-17 15:49:00,564
ORD10917,U429,R122,2026-04-17 12:42:00,738
ORD10918,U90,R108,2026-04-17 16:50:00,523
ORD10919,U243,R43,2026-04-17 14:36:00,673
ORD10920,U980,R42,2026-04-17 12:49:00,687
ORD10921,U949,R174,2026-04-17 19:48:00,473
ORD10922,U640,R198,2026-04-17 16:22:00,219
ORD10923,U818,R175,2026-04-17 11:29:00,583
ORD10924,U51,R23,2026-04-17 12:18:00,669
ORD10925,U448,R20,2026-04-17 12:35:00,718
ORD10926,U879,R114,2026-04-17 15:11:00,462
ORD10927,U527,R95,2026-04-17 13:17:00,416
ORD10928,U315,R46,2026-04-17 12:44:00,694
ORD10929,U880,R33,2026-04-17 18:04:00,333
ORD10930,U747,R21,2026-04-17 12:25:00,469
ORD10931,U563,R123,2026-04-17 18:57:00,449
ORD10932,U821,R5,2026-04-17 10:06:00,117
ORD10933,U502,R150,2026-04-17 12:35:00,742
ORD10934,U780,R90,2026-04-17 18:28:00,353
ORD10935,U870,R8,2026-04-17 13:09:00,324
ORD10936,U984,R64,2026-04-17 10:33:00,161
ORD10937,U233,R41,2026-04-17 10:38:00,157
ORD10938,U250,R28,2026-04-17 16:00:00,399
ORD10939,U272,R115,2026-04-17 13:12:00,695
ORD10940,U169,R114,2026-04-17 16:30:00,486
ORD10941,U140,R116,2026-04-17 14:48:00,166
ORD10942,U92,R97,2026-04-17 18:31:00,585
ORD10943,U495,R35,2026-04-17 14:18:00,321
ORD10944,U583,R15,2026-04-17 19:25:00,268
ORD10945,U814,R49,2026-04-17 15:39:00,599
ORD10946,U770,R34,2026-04-17 17:02:00,214
ORD10947,U988,R82,2026-04-17 17:18:00,105
ORD10948,U663,R196,2026-04-17 13:24:00,200
ORD10949,U369,R138,2026-04-17 15:03:00,459
ORD10950,U214,R40,2026-04-17 11:07:00,449
ORD10951,U74,R159,2026-04-17 16:44:00,663
ORD10952,U79,R30,2026-04-17 12:21:00,399
ORD10953,U627,R106,2026-04-17 17:46:00,553
ORD10954,U898,R190,2026-04-17 10:04:00,629
ORD10955,U648,R142,2026-04-17 13:52:00,282
ORD10956,U657,R8,2026-04-17 14:06:00,305
ORD10957,U809,R77,2026-04-17 13:22:00,611
ORD10958,U84,R96,2026-04-17 15:34:00,461
ORD10959,U292,R115,2026-04-17 14:08:00,446
ORD10960,U457,R21,2026-04-17 16:51:00,517
ORD10961,U495,R11,2026-04-17 12:57:00,732
ORD10962,U330,R68,2026-04-17 17:43:00,309
ORD10963,U244,R161,2026-04-17 12:03:00,417
ORD10964,U832,R105,2026-04-17 14:13:00,626
ORD10965,U415,R101,2026-04-17 16:55:00,252
ORD10966,U732,R139,2026-04-17 14:15:00,339
ORD10967,U584,R27,2026-04-17 17:36:00,536
ORD10968,U190,R32,2026-04-17 12:19:00,272
ORD10969,U476,R173,2026-04-17 11:00:00,555
ORD10970,U614,R97,2026-04-17 18:50:00,522
ORD10971,U833,R48,2026-04-17 19:09:00,466
ORD10972,U859,R95,2026-04-17 11:21:00,107
ORD10973,U599,R94,2026-04-17 17:51:00,563
ORD10974,U182,R31,2026-04-17 15:16:00,731
ORD10975,U380,R128,2026-04-17 14:07:00,776
ORD10976,U786,R183,2026-04-17 17:22:00,252
ORD10977,U168,R23,2026-04-17 18:57:00,316
ORD10978,U124,R76,2026-04-17 19:56:00,599
ORD10979,U953,R9,2026-04-17 13:55:00,213
ORD10980,U113,R105,2026-04-17 17:53:00,411
ORD10981,U330,R80,2026-04-17 14:02:00,211
ORD10982,U858,R123,2026-04-17 12:28:00,203
ORD10983,U760,R140,2026-04-17 16:47:00,450
ORD10984,U879,R111,2026-04-17 13:02:00,137
ORD10985,U674,R78,2026-04-17 18:09:00,267
ORD10986,U217,R31,2026-04-17 10:59:00,129
ORD10987,U396,R149,2026-04-17 19:01:00,244
ORD10988,U916,R49,2026-04-17 15:32:00,327
ORD10989,U839,R137,2026-04-17 12:14:00,255
ORD10990,U866,R188,2026-04-17 15:53:00,360
ORD10991,U842,R188,2026-04-17 11:30:00,752
ORD10992,U440,R27,2026-04-17 11:01:00,114
ORD10993,U863,R49,2026-04-17 15:04:00,377
ORD10994,U551,R120,2026-04-17 14:07:00,374
ORD10995,U914,R8,2026-04-17 11:13:00,728
ORD10996,U738,R20,2026-04-17 19:58:00,462
ORD10997,U605,R66,2026-04-17 11:40:00,178
ORD10998,U317,R67,2026-04-17 14:38:00,218
ORD10999,U14,R63,2026-04-17 18:07:00,716
ORD11000,U421,R82,2026-04-17 18:03:00,624
ORD11001,U399,R117,2026-04-17 10:05:00,719
ORD11002,U90,R18,2026-04-17 19:32:00,480
ORD11003,U752,R87,2026-04-17 12:32:00,364
ORD11004,U216,R61,2026-04-17 14:03:00,394
ORD11005,U51,R68,2026-04-17 15:33:00,293
ORD11006,U798,R62,2026-04-17 17:22:00,611
ORD11007,U992,R159,2026-04-17 10:18:00,533
ORD11008,U192,R30,2026-04-17 15:20:00,361
ORD11009,U419,R102,2026-04-17 18:01:00,579
ORD11010,U835,R37,2026-04-17 17:53:00,601
ORD11011,U648,R152,2026-04-17 12:15:00,513
ORD11012,U441,R78,2026-04-17 12:21:00,309
ORD11013,U576,R148,2026-04-17 13:15:00,316
ORD11014,U708,R145,2026-04-17 17:47:00,621
ORD11015,U648,R119,2026-04-17 10:31:00,123
ORD11016,U59,R130,2026-04-17 11:18:00,578
ORD11017,U312,R155,2026-04-17 19:31:00,221
ORD11018,U167,R156,2026-04-17 18:44:00,384
ORD11019,U894,R58,2026-04-17 16:39:00,550
ORD11020,U159,R189,2026-04-17 17:37:00,539
ORD11021,U417,R17,2026-04-17 12:18:00,791
ORD11022,U537,R193,2026-04-17 16:59:00,623
ORD11023,U926,R147,2026-04-17 14:19:00,713
ORD11024,U654,R123,2026-04-17 17:30:00,362
ORD11025,U388,R159,2026-04-17 14:53:00,746
ORD11026,U130,R72,2026-04-17 14:52:00,567
ORD11027,U904,R136,2026-04-17 19:07:00,511
ORD11028,U441,R130,2026-04-17 14:08:00,266
ORD11029,U620,R15,2026-04-17 15:34:00,220
ORD11030,U900,R134,2026-04-17 17:19:00,186
ORD11031,U363,R102,2026-04-17 17:49:00,570
ORD11032,U752,R25,2026-04-17 12:30:00,783
ORD11033,U109,R107,2026-04-17 11:34:00,436
ORD11034,U707,R54,2026-04-17 19:06:00,158
ORD11035,U891,R139,2026-04-17 10:44:00,243
ORD11036,U387,R102,2026-04-17 17:32:00,289
ORD11037,U470,R196,2026-04-17 13:30:00,104
ORD11038,U302,R105,2026-04-17 10:35:00,358
ORD11039,U523,R102,2026-04-17 14:35:00,708
ORD11040,U679,R49,2026-04-17 16:39:00,761
ORD11041,U598,R137,2026-04-17 13:37:00,696
ORD11042,U807,R67,2026-04-17 14:18:00,728
ORD11043,U609,R125,2026-04-17 13:19:00,433
ORD11044,U364,R188,2026-04-17 11:15:00,619
ORD11045,U975,R99,2026-04-17 16:11:00,134
ORD11046,U534,R30,2026-04-17 11:12:00,272
ORD11047,U10,R54,2026-04-17 14:29:00,287
ORD11048,U395,R74,2026-04-17 12:47:00,626
ORD11049,U67,R33,2026-04-17 14:32:00,279
ORD11050,U425,R193,2026-04-17 14:52:00,534
ORD11051,U938,R131,2026-04-17 12:17:00,177
ORD11052,U187,R140,2026-04-17 14:23:00,320
ORD11053,U732,R66,2026-04-17 17:42:00,223
ORD11054,U12,R19,2026-04-17 13:46:00,403
ORD11055,U768,R46,2026-04-17 17:55:00,654
ORD11056,U325,R166,2026-04-17 14:53:00,741
ORD11057,U400,R67,2026-04-17 13:11:00,359
ORD11058,U733,R52,2026-04-17 15:18:00,771
ORD11059,U291,R158,2026-04-17 14:47:00,254
ORD11060,U671,R195,2026-04-17 13:21:00,584
ORD11061,U715,R47,2026-04-17 15:25:00,198
ORD11062,U185,R178,2026-04-17 10:52:00,540
ORD11063,U47,R48,2026-04-17 10:18:00,520
ORD11064,U934,R79,2026-04-17 18:29:00,551
ORD11065,U982,R77,2026-04-17 10:55:00,578
ORD11066,U387,R13,2026-04-17 15:26:00,456
ORD11067,U836,R107,2026-04-17 12:34:00,557
ORD11068,U795,R99,2026-04-17 13:01:00,490
ORD11069,U628,R27,2026-04-17 16:01:00,595
ORD11070,U272,R70,2026-04-17 15:47:00,767
ORD11071,U789,R170,2026-04-17 10:57:00,353
ORD11072,U801,R129,2026-04-17 16:23:00,712
ORD11073,U951,R79,2026-04-17 12:28:00,593
ORD11074,U451,R17,2026-04-17 15:58:00,301
ORD11075,U6,R193,2026-04-17 11:24:00,225
ORD11076,U885,R90,2026-04-17 15:55:00,772
ORD11077,U900,R150,2026-04-17 17:10:00,274
ORD11078,U699,R190,2026-04-17 16:45:00,501
ORD11079,U556,R44,2026-04-17 10:46:00,329
ORD11080,U131,R182,2026-04-17 17:28:00,388
ORD11081,U127,R187,2026-04-17 13:29:00,442
ORD11082,U864,R131,2026-04-17 17:27:00,111
ORD11083,U757,R36,2026-04-17 11:52:00,351
ORD11084,U25,R147,2026-04-17 19:12:00,132
ORD11085,U1,R90,2026-04-17 18:27:00,363
ORD11086,U2,R126,2026-04-17 14:39:00,461
ORD11087,U237,R147,2026-04-17 15:08:00,736
ORD11088,U786,R192,2026-04-17 17:59:00,239
ORD11089,U560,R29,2026-04-17 12:55:00,565
ORD11090,U954,R68,2026-04-17 14:45:00,117
ORD11091,U330,R25,2026-04-17 19:09:00,688
ORD11092,U442,R36,2026-04-17 15:43:00,108
ORD11093,U364,R84,2026-04-17 11:42:00,747
ORD11094,U377,R170,2026-04-17 16:19:00,784
ORD11095,U208,R149,2026-04-17 16:58:00,617
ORD11096,U398,R5,2026-04-17 17:06:00,729
ORD11097,U911,R116,2026-04-17 10:53:00,338
ORD11098,U757,R176,2026-04-17 14:18:00,302
ORD11099,U172,R120,2026-04-17 11:41:00,641
ORD11100,U450,R47,2026-04-17 13:37:00,241
ORD11101,U967,R125,2026-04-17 10:59:00,185
ORD11102,U523,R184,2026-04-17 13:32:00,487
ORD11103,U510,R147,2026-04-17 12:11:00,334
ORD11104,U381,R99,2026-04-17 17:01:00,496
ORD11105,U211,R46,2026-04-17 19:21:00,283
ORD11106,U971,R77,2026-04-17 11:50:00,176
ORD11107,U511,R43,2026-04-17 11:10:00,747
ORD11108,U684,R156,2026-04-17 15:13:00,535
ORD11109,U34,R121,2026-04-17 15:25:00,730
ORD11110,U394,R74,2026-04-17 11:33:00,743
ORD11111,U404,R17,2026-04-17 15:03:00,728
ORD11112,U188,R60,2026-04-17 11:43:00,144
ORD11113,U17,R17,2026-04-17 18:07:00,309
ORD11114,U104,R101,2026-04-17 11:32:00,558
ORD11115,U764,R57,2026-04-17 19:16:00,489
ORD11116,U764,R137,2026-04-17 18:22:00,434
ORD11117,U998,R177,2026-04-17 11:42:00,432
ORD11118,U557,R163,2026-04-17 12:20:00,583
ORD11119,U259,R72,2026-04-17 10:01:00,217
ORD11120,U928,R146,2026-04-17 11:24:00,409
ORD11121,U91,R162,2026-04-17 15:38:00,699
ORD11122,U968,R5,2026-04-17 18:27:00,705
ORD11123,U471,R92,2026-04-17 19:15:00,641
ORD11124,U867,R192,2026-04-17 12:08:00,559
ORD11125,U148,R43,2026-04-17 17:45:00,292
ORD11126,U289,R105,2026-04-17 11:13:00,437
ORD11127,U791,R18,2026-04-17 11:37:00,419
ORD11128,U660,R52,2026-04-17 14:08:00,345
ORD11129,U363,R159,2026-04-17 16:56:00,656
ORD11130,U518,R131,2026-04-17 19:07:00,558
ORD11131,U270,R1,2026-04-17 12:52:00,150
ORD11132,U365,R17,2026-04-17 19:02:00,512
ORD11133,U579,R180,2026-04-17 10:00:00,754
ORD11134,U588,R68,2026-04-17 10:06:00,763
ORD11135,U34,R178,2026-04-17 13:16:00,554
ORD11136,U773,R92,2026-04-17 19:31:00,399
ORD11137,U838,R155,2026-04-17 18:26:00,516
ORD11138,U645,R85,2026-04-17 19:47:00,206
ORD11139,U146,R146,2026-04-17 19:45:00,626
ORD11140,U678,R187,2026-04-17 18:25:00,315
ORD11141,U375,R165,2026-04-17 12:39:00,588
ORD11142,U547,R110,2026-04-17 19:18:00,797
ORD11143,U882,R25,2026-04-17 13:05:00,610
ORD11144,U941,R46,2026-04-17 19:19:00,122
ORD11145,U760,R149,2026-04-17 15:55:00,659
ORD11146,U976,R152,2026-04-17 15:23:00,513
ORD11147,U781,R19,2026-04-17 19:38:00,546
ORD11148,U440,R85,2026-04-17 18:26:00,296
ORD11149,U143,R141,2026-04-17 13:21:00,720
ORD11150,U267,R164,2026-04-17 14:40:00,770
ORD11151,U249,R120,2026-04-17 16:11:00,101
ORD11152,U185,R174,2026-04-17 17:04:00,237
ORD11153,U871,R186,2026-04-17 11:13:00,619
ORD11154,U135,R122,2026-04-17 18:44:00,573
ORD11155,U773,R78,2026-04-17 10:26:00,702
ORD11156,U799,R42,2026-04-17 19:13:00,759
ORD11157,U478,R44,2026-04-17 16:08:00,261
ORD11158,U479,R173,2026-04-17 18:44:00,380
ORD11159,U157,R77,2026-04-17 16:23:00,164
ORD11160,U317,R169,2026-04-17 18:48:00,549
ORD11161,U413,R119,2026-04-17 14:05:00,192
ORD11162,U363,R41,2026-04-17 14:20:00,463
ORD11163,U149,R26,2026-04-17 15:42:00,514
ORD11164,U385,R8,2026-04-17 11:56:00,379
ORD11165,U536,R47,2026-04-17 18:59:00,701
ORD11166,U365,R5,2026-04-17 13:00:00,603
ORD11167,U300,R77,2026-04-17 11:35:00,774
ORD11168,U921,R171,2026-04-17 15:46:00,703
ORD11169,U203,R88,2026-04-17 14:44:00,298
ORD11170,U52,R190,2026-04-17 11:26:00,418
ORD11171,U818,R7,2026-04-17 18:14:00,783
ORD11172,U466,R130,2026-04-17 12:37:00,207
ORD11173,U463,R16,2026-04-17 11:42:00,574
ORD11174,U338,R144,2026-04-17 18:26:00,730
ORD11175,U236,R69,2026-04-17 17:16:00,684
ORD11176,U444,R41,2026-04-17 12:44:00,282
ORD11177,U250,R180,2026-04-17 13:36:00,637
ORD11178,U442,R87,2026-04-17 14:30:00,472
ORD11179,U847,R53,2026-04-17 19:20:00,135
ORD11180,U659,R24,2026-04-17 17:10:00,552
ORD11181,U786,R186,2026-04-17 11:07:00,390
ORD11182,U462,R136,2026-04-17 17:19:00,244
ORD11183,U960,R30,2026-04-17 13:01:00,768
ORD11184,U691,R127,2026-04-17 13:49:00,392
ORD11185,U764,R164,2026-04-17 17:51:00,369
ORD11186,U613,R147,2026-04-17 12:55:00,800
ORD11187,U951,R177,2026-04-17 14:05:00,773
ORD11188,U405,R89,2026-04-17 18:59:00,779
ORD11189,U464,R43,2026-04-17 14:15:00,193
ORD11190,U390,R117,2026-04-17 14:45:00,464
ORD11191,U620,R109,2026-04-17 15:16:00,340
ORD11192,U910,R79,2026-04-17 19:31:00,544
ORD11193,U51,R152,2026-04-17 13:51:00,130
ORD11194,U199,R4,2026-04-17 18:19:00,274
ORD11195,U937,R135,2026-04-17 11:07:00,360
ORD11196,U484,R55,2026-04-17 10:35:00,504
ORD11197,U436,R159,2026-04-17 10:30:00,666
ORD11198,U981,R120,2026-04-17 17:22:00,729
ORD11199,U444,R17,2026-04-17 14:16:00,663
ORD11200,U619,R155,2026-04-17 11:12:00,723
ORD11201,U130,R79,2026-04-17 10:39:00,263
ORD11202,U45,R13,2026-04-17 13:57:00,102
ORD11203,U472,R126,2026-04-17 10:42:00,147
ORD11204,U835,R129,2026-04-17 10:24:00,622
ORD11205,U23,R157,2026-04-17 19:31:00,292
ORD11206,U811,R177,2026-04-17 17:50:00,149
ORD11207,U113,R91,2026-04-17 12:58:00,105
ORD11208,U138,R21,2026-04-17 18:00:00,578
ORD11209,U256,R28,2026-04-17 10:38:00,437
ORD11210,U920,R192,2026-04-17 10:28:00,131
ORD11211,U422,R34,2026-04-17 12:45:00,548
ORD11212,U940,R130,2026-04-17 16:30:00,230
ORD11213,U59,R84,2026-04-17 13:07:00,212
ORD11214,U610,R185,2026-04-17 18:27:00,351
ORD11215,U726,R112,2026-04-17 13:19:00,799
ORD11216,U238,R30,2026-04-17 18:20:00,505
ORD11217,U740,R194,2026-04-17 14:21:00,652
ORD11218,U768,R143,2026-04-17 12:20:00,134
ORD11219,U677,R115,2026-04-17 19:05:00,319
ORD11220,U573,R125,2026-04-17 13:37:00,226
ORD11221,U251,R179,2026-04-17 12:40:00,513
ORD11222,U258,R29,2026-04-17 17:10:00,101
ORD11223,U951,R29,2026-04-17 10:56:00,720
ORD11224,U928,R132,2026-04-17 17:45:00,128
ORD11225,U842,R185,2026-04-17 19:56:00,554
ORD11226,U670,R78,2026-04-17 19:06:00,285
ORD11227,U888,R168,2026-04-17 17:46:00,786
ORD11228,U905,R74,2026-04-17 15:39:00,434
ORD11229,U366,R157,2026-04-17 13:42:00,499
ORD11230,U756,R6,2026-04-17 13:41:00,422
ORD11231,U733,R34,2026-04-17 19:02:00,519
ORD11232,U123,R134,2026-04-17 15:06:00,164
ORD11233,U670,R4,2026-04-17 11:24:00,118
ORD11234,U926,R158,2026-04-17 11:59:00,767
ORD11235,U617,R43,2026-04-17 16:54:00,731
ORD11236,U171,R174,2026-04-17 16:52:00,599
ORD11237,U274,R101,2026-04-17 17:20:00,710
ORD11238,U150,R195,2026-04-17 17:51:00,319
ORD11239,U738,R10,2026-04-17 16:07:00,650
ORD11240,U434,R136,2026-04-17 10:31:00,356
ORD11241,U299,R19,2026-04-17 12:55:00,367
ORD11242,U859,R5,2026-04-17 15:21:00,596
ORD11243,U216,R106,2026-04-17 10:09:00,603
ORD11244,U890,R156,2026-04-17 15:15:00,657
ORD11245,U976,R109,2026-04-17 17:34:00,163
ORD11246,U696,R183,2026-04-17 11:43:00,208
ORD11247,U169,R65,2026-04-17 12:55:00,640
ORD11248,U478,R128,2026-04-17 15:22:00,492
ORD11249,U731,R149,2026-04-17 16:08:00,764
ORD11250,U579,R84,2026-04-17 19:27:00,586
ORD11251,U346,R73,2026-04-17 14:22:00,624
ORD11252,U395,R101,2026-04-17 12:05:00,216
ORD11253,U233,R30,2026-04-17 12:28:00,475
ORD11254,U703,R39,2026-04-17 15:22:00,250
ORD11255,U460,R145,2026-04-17 10:12:00,196
ORD11256,U725,R56,2026-04-17 13:09:00,607
ORD11257,U685,R63,2026-04-17 12:01:00,525
ORD11258,U293,R193,2026-04-17 14:01:00,443
ORD11259,U964,R36,2026-04-17 17:13:00,779
ORD11260,U43,R156,2026-04-17 18:26:00,400
ORD11261,U171,R1,2026-04-17 16:34:00,750
ORD11262,U440,R2,2026-04-17 16:06:00,636
ORD11263,U757,R167,2026-04-17 11:21:00,747
ORD11264,U233,R190,2026-04-17 12:32:00,676
ORD11265,U657,R48,2026-04-17 10:10:00,250
ORD11266,U979,R3,2026-04-17 13:00:00,599
ORD11267,U978,R37,2026-04-17 12:45:00,116
ORD11268,U479,R133,2026-04-17 16:26:00,592
ORD11269,U527,R133,2026-04-17 10:13:00,191
ORD11270,U693,R111,2026-04-17 15:08:00,738
ORD11271,U156,R148,2026-04-17 18:38:00,765
ORD11272,U226,R128,2026-04-17 18:40:00,767
ORD11273,U241,R58,2026-04-17 14:58:00,391
ORD11274,U614,R141,2026-04-17 15:39:00,559
ORD11275,U537,R130,2026-04-17 11:46:00,453
ORD11276,U83,R163,2026-04-17 15:05:00,110
ORD11277,U9,R32,2026-04-17 15:12:00,118
ORD11278,U139,R17,2026-04-17 19:12:00,126
ORD11279,U711,R151,2026-04-17 12:26:00,631
ORD11280,U111,R152,2026-04-17 14:46:00,738
ORD11281,U685,R42,2026-04-17 16:07:00,566
ORD11282,U839,R50,2026-04-17 10:55:00,530
ORD11283,U724,R65,2026-04-17 13:17:00,787
ORD11284,U302,R87,2026-04-17 14:18:00,551
ORD11285,U837,R183,2026-04-17 16:03:00,318
ORD11286,U62,R13,2026-04-17 17:29:00,483
ORD11287,U424,R10,2026-04-17 17:44:00,599
ORD11288,U966,R155,2026-04-17 17:38:00,337
ORD11289,U900,R21,2026-04-17 11:46:00,762
ORD11290,U498,R149,2026-04-17 18:40:00,123
ORD11291,U179,R169,2026-04-17 18:02:00,143
ORD11292,U189,R80,2026-04-17 14:48:00,669
ORD11293,U983,R10,2026-04-17 11:08:00,236
ORD11294,U968,R76,2026-04-17 17:32:00,424
ORD11295,U64,R35,2026-04-17 18:23:00,263
ORD11296,U317,R67,2026-04-17 19:14:00,414
ORD11297,U658,R141,2026-04-17 12:13:00,309
ORD11298,U686,R111,2026-04-17 18:11:00,207
ORD11299,U49,R61,2026-04-17 12:02:00,469
ORD11300,U219,R165,2026-04-17 12:31:00,395
ORD11301,U128,R83,2026-04-17 11:41:00,525
ORD11302,U397,R133,2026-04-17 14:57:00,180
ORD11303,U238,R179,2026-04-17 11:30:00,159
ORD11304,U327,R67,2026-04-17 15:48:00,190
ORD11305,U558,R151,2026-04-17 14:16:00,645
ORD11306,U720,R117,2026-04-17 18:01:00,556
ORD11307,U47,R95,2026-04-17 18:20:00,125
ORD11308,U184,R81,2026-04-17 16:47:00,236
ORD11309,U943,R198,2026-04-17 18:18:00,536
ORD11310,U471,R134,2026-04-17 14:38:00,634
ORD11311,U346,R152,2026-04-17 18:45:00,622
ORD11312,U556,R105,2026-04-17 17:54:00,145
ORD11313,U512,R24,2026-04-17 10:52:00,380
ORD11314,U924,R157,2026-04-17 11:46:00,492
ORD11315,U811,R57,2026-04-17 18:19:00,377
ORD11316,U257,R165,2026-04-17 13:15:00,369
ORD11317,U330,R96,2026-04-17 10:00:00,511
ORD11318,U951,R41,2026-04-17 13:12:00,778
ORD11319,U955,R176,2026-04-17 17:50:00,579
ORD11320,U315,R165,2026-04-17 11:31:00,667
ORD11321,U180,R125,2026-04-17 17:22:00,772
ORD11322,U683,R30,2026-04-17 12:29:00,339
ORD11323,U602,R176,2026-04-17 16:59:00,618
ORD11324,U438,R25,2026-04-17 17:23:00,472
ORD11325,U948,R163,2026-04-17 18:56:00,709
ORD11326,U253,R91,2026-04-17 12:40:00,448
ORD11327,U822,R183,2026-04-17 14:17:00,763
ORD11328,U568,R105,2026-04-17 17:49:00,713
ORD11329,U839,R115,2026-04-17 12:28:00,578
ORD11330,U216,R8,2026-04-17 17:27:00,125
ORD11331,U130,R157,2026-04-17 15:00:00,436
ORD11332,U991,R56,2026-04-17 12:24:00,664
ORD11333,U515,R90,2026-04-17 12:53:00,491
ORD11334,U468,R137,2026-04-17 11:13:00,191
ORD11335,U719,R18,2026-04-17 14:45:00,533
ORD11336,U334,R176,2026-04-17 15:46:00,621
ORD11337,U75,R176,2026-04-17 10:56:00,673
ORD11338,U113,R134,2026-04-17 11:49:00,437
ORD11339,U506,R92,2026-04-17 19:51:00,366
ORD11340,U140,R156,2026-04-17 17:01:00,187
ORD11341,U625,R74,2026-04-17 19:14:00,378
ORD11342,U482,R167,2026-04-17 13:20:00,722
ORD11343,U126,R26,2026-04-17 19:04:00,532
ORD11344,U735,R101,2026-04-17 14:29:00,586
ORD11345,U380,R166,2026-04-17 18:14:00,799
ORD11346,U792,R54,2026-04-17 12:08:00,480
ORD11347,U606,R184,2026-04-17 17:28:00,116
ORD11348,U400,R46,2026-04-17 13:30:00,451
ORD11349,U864,R115,2026-04-17 19:21:00,459
ORD11350,U617,R127,2026-04-17 16:31:00,646
ORD11351,U604,R41,2026-04-17 16:39:00,568
ORD11352,U501,R25,2026-04-17 13:08:00,626
ORD11353,U968,R76,2026-04-17 19:34:00,659
ORD11354,U65,R23,2026-04-17 16:49:00,344
ORD11355,U62,R38,2026-04-17 18:01:00,160
ORD11356,U766,R186,2026-04-17 18:04:00,693
ORD11357,U190,R70,2026-04-17 11:30:00,162
ORD11358,U672,R107,2026-04-17 12:50:00,283
ORD11359,U248,R184,2026-04-17 19:23:00,100
ORD11360,U894,R109,2026-04-17 17:01:00,578
ORD11361,U532,R39,2026-04-17 14:49:00,552
ORD11362,U21,R6,2026-04-17 13:58:00,162
ORD11363,U175,R41,2026-04-17 19:28:00,640
ORD11364,U113,R4,2026-04-17 14:30:00,231
ORD11365,U53,R1,2026-04-17 11:31:00,524
ORD11366,U949,R148,2026-04-17 12:46:00,137
ORD11367,U164,R185,2026-04-17 18:44:00,131
ORD11368,U30,R162,2026-04-17 16:13:00,362
ORD11369,U501,R183,2026-04-17 19:43:00,745
ORD11370,U801,R144,2026-04-17 11:41:00,710
ORD11371,U98,R58,2026-04-17 13:32:00,618
ORD11372,U849,R9,2026-04-17 10:08:00,141
ORD11373,U524,R15,2026-04-17 15:41:00,736
ORD11374,U625,R13,2026-04-17 14:29:00,617
ORD11375,U334,R171,2026-04-17 15:52:00,633
ORD11376,U730,R55,2026-04-17 16:12:00,240
ORD11377,U857,R98,2026-04-17 15:26:00,570
ORD11378,U569,R33,2026-04-17 16:10:00,144
ORD11379,U614,R139,2026-04-17 10:38:00,471
ORD11380,U672,R114,2026-04-17 15:16:00,678
ORD11381,U38,R90,2026-04-17 19:59:00,337
ORD11382,U802,R81,2026-04-17 13:20:00,221
ORD11383,U368,R72,2026-04-17 19:01:00,609
ORD11384,U538,R66,2026-04-17 10:47:00,295
ORD11385,U260,R17,2026-04-17 18:20:00,369
ORD11386,U734,R188,2026-04-17 15:40:00,379
ORD11387,U952,R85,2026-04-17 13:13:00,634
ORD11388,U933,R91,2026-04-17 10:11:00,561
ORD11389,U536,R111,2026-04-17 12:44:00,353
ORD11390,U345,R118,2026-04-17 19:38:00,566
ORD11391,U709,R170,2026-04-17 13:02:00,354
ORD11392,U190,R166,2026-04-17 19:04:00,384
ORD11393,U690,R113,2026-04-17 14:13:00,169
ORD11394,U372,R9,2026-04-17 16:15:00,191
ORD11395,U49,R118,2026-04-17 16:48:00,569
ORD11396,U82,R137,2026-04-17 13:07:00,159
ORD11397,U897,R188,2026-04-17 14:34:00,700
ORD11398,U792,R54,2026-04-17 10:14:00,414
ORD11399,U826,R37,2026-04-17 19:53:00,780
ORD11400,U148,R4,2026-04-17 12:27:00,461
ORD11401,U669,R74,2026-04-17 10:08:00,218
ORD11402,U288,R55,2026-04-17 13:33:00,303
ORD11403,U990,R62,2026-04-17 10:35:00,669
ORD11404,U630,R124,2026-04-17 17:20:00,330
ORD11405,U885,R191,2026-04-17 12:43:00,315
ORD11406,U757,R5,2026-04-17 15:30:00,293
ORD11407,U987,R103,2026-04-17 12:57:00,382
ORD11408,U995,R14,2026-04-17 19:39:00,220
ORD11409,U102,R16,2026-04-17 18:13:00,505
ORD11410,U457,R48,2026-04-17 18:25:00,234
ORD11411,U713,R4,2026-04-17 17:41:00,388
ORD11412,U553,R6,2026-04-17 14:48:00,667
ORD11413,U339,R164,2026-04-17 11:09:00,800
ORD11414,U126,R193,2026-04-17 16:12:00,297
ORD11415,U74,R125,2026-04-17 12:19:00,368
ORD11416,U602,R92,2026-04-17 12:08:00,135
ORD11417,U805,R147,2026-04-17 15:39:00,604
ORD11418,U666,R53,2026-04-17 11:57:00,289
ORD11419,U913,R101,2026-04-17 18:29:00,273
ORD11420,U226,R87,2026-04-17 10:27:00,562
ORD11421,U965,R82,2026-04-17 19:17:00,552
ORD11422,U191,R199,2026-04-17 11:44:00,119
ORD11423,U558,R145,2026-04-17 13:54:00,349
ORD11424,U400,R141,2026-04-17 14:22:00,437
ORD11425,U786,R96,2026-04-17 11:27:00,374
ORD11426,U486,R174,2026-04-17 10:50:00,608
ORD11427,U215,R62,2026-04-17 12:58:00,218
ORD11428,U765,R54,2026-04-17 18:04:00,101
ORD11429,U267,R122,2026-04-17 15:32:00,364
ORD11430,U789,R108,2026-04-17 10:28:00,800
ORD11431,U245,R102,2026-04-17 10:17:00,778
ORD11432,U756,R52,2026-04-17 13:02:00,156
ORD11433,U568,R40,2026-04-17 10:26:00,279
ORD11434,U271,R20,2026-04-17 14:46:00,446
ORD11435,U122,R38,2026-04-17 15:27:00,474
ORD11436,U594,R162,2026-04-17 19:10:00,503
ORD11437,U248,R186,2026-04-17 14:56:00,436
ORD11438,U697,R73,2026-04-17 13:48:00,800
ORD11439,U103,R74,2026-04-17 11:54:00,459
ORD11440,U338,R114,2026-04-17 14:29:00,726
ORD11441,U120,R181,2026-04-17 13:25:00,304
ORD11442,U731,R172,2026-04-17 19:47:00,575
ORD11443,U234,R113,2026-04-17 11:10:00,499
ORD11444,U421,R108,2026-04-17 14:32:00,261
ORD11445,U295,R91,2026-04-17 19:59:00,783
ORD11446,U141,R104,2026-04-17 19:37:00,684
ORD11447,U617,R49,2026-04-17 13:50:00,189
ORD11448,U359,R69,2026-04-17 19:46:00,368
ORD11449,U691,R35,2026-04-17 13:08:00,641
ORD11450,U362,R37,2026-04-17 15:01:00,216
ORD11451,U83,R9,2026-04-17 13:13:00,489
ORD11452,U171,R157,2026-04-17 15:59:00,177
ORD11453,U109,R101,2026-04-17 12:13:00,117
ORD11454,U862,R194,2026-04-17 10:41:00,639
ORD11455,U254,R12,2026-04-17 12:07:00,767
ORD11456,U218,R85,2026-04-17 15:29:00,699
ORD11457,U277,R59,2026-04-17 18:23:00,682
ORD11458,U345,R190,2026-04-17 16:22:00,331
ORD11459,U304,R176,2026-04-17 13:20:00,685
ORD11460,U172,R32,2026-04-17 18:04:00,487
ORD11461,U940,R82,2026-04-17 12:36:00,457
ORD11462,U618,R27,2026-04-17 17:24:00,202
ORD11463,U695,R65,2026-04-17 10:03:00,333
ORD11464,U265,R190,2026-04-17 13:59:00,770
ORD11465,U275,R162,2026-04-17 18:41:00,774
ORD11466,U205,R136,2026-04-17 11:48:00,581
ORD11467,U545,R124,2026-04-17 14:14:00,667
ORD11468,U19,R70,2026-04-17 12:06:00,758
ORD11469,U514,R110,2026-04-17 12:04:00,392
ORD11470,U612,R69,2026-04-17 11:29:00,746
ORD11471,U40,R160,2026-04-17 10:47:00,130
ORD11472,U738,R95,2026-04-17 11:05:00,354
ORD11473,U799,R138,2026-04-17 15:04:00,692
ORD11474,U645,R47,2026-04-17 19:17:00,101
ORD11475,U904,R175,2026-04-17 12:08:00,777
ORD11476,U123,R167,2026-04-17 11:26:00,326
ORD11477,U810,R181,2026-04-17 17:55:00,544
ORD11478,U932,R86,2026-04-17 12:07:00,631
ORD11479,U684,R176,2026-04-17 15:27:00,231
ORD11480,U726,R113,2026-04-17 18:30:00,338
ORD11481,U902,R104,2026-04-17 16:34:00,340
ORD11482,U413,R160,2026-04-17 10:50:00,148
ORD11483,U627,R99,2026-04-17 13:49:00,539
ORD11484,U842,R145,2026-04-17 10:18:00,619
ORD11485,U401,R147,2026-04-17 13:14:00,119
ORD11486,U608,R91,2026-04-17 14:17:00,644
ORD11487,U895,R62,2026-04-17 14:09:00,431
ORD11488,U461,R12,2026-04-17 17:09:00,123
ORD11489,U267,R135,2026-04-17 19:49:00,484
ORD11490,U711,R82,2026-04-17 10:11:00,393
ORD11491,U880,R28,2026-04-17 10:35:00,678
ORD11492,U238,R57,2026-04-17 15:51:00,492
ORD11493,U335,R100,2026-04-17 13:07:00,481
ORD11494,U934,R151,2026-04-17 12:11:00,686
ORD11495,U552,R76,2026-04-17 12:30:00,397
ORD11496,U404,R13,2026-04-17 11:23:00,617
ORD11497,U305,R16,2026-04-17 12:07:00,489
ORD11498,U331,R54,2026-04-17 15:56:00,616
ORD11499,U540,R131,2026-04-17 11:35:00,202
ORD11500,U139,R10,2026-04-17 17:03:00,165
ORD11501,U315,R55,2026-04-17 10:38:00,446
ORD11502,U136,R99,2026-04-17 13:00:00,578
ORD11503,U981,R56,2026-04-17 15:04:00,642
ORD11504,U507,R132,2026-04-17 19:35:00,598
ORD11505,U705,R153,2026-04-17 14:41:00,278
ORD11506,U712,R61,2026-04-17 14:57:00,395
ORD11507,U176,R198,2026-04-17 17:33:00,215
ORD11508,U951,R8,2026-04-17 13:43:00,183
ORD11509,U533,R66,2026-04-17 19:59:00,103
ORD11510,U752,R21,2026-04-17 10:51:00,540
ORD11511,U920,R87,2026-04-17 12:41:00,542
ORD11512,U592,R191,2026-04-17 16:33:00,782
ORD11513,U212,R43,2026-04-17 11:48:00,587
ORD11514,U529,R167,2026-04-17 17:22:00,714
ORD11515,U224,R11,2026-04-17 16:25:00,600
ORD11516,U745,R16,2026-04-17 16:16:00,560
ORD11517,U489,R127,2026-04-17 17:33:00,759
ORD11518,U570,R1,2026-04-17 10:13:00,345
ORD11519,U851,R44,2026-04-17 16:06:00,662
ORD11520,U814,R179,2026-04-17 14:41:00,734
ORD11521,U669,R77,2026-04-17 15:01:00,552
ORD11522,U55,R2,2026-04-17 16:32:00,429
ORD11523,U400,R79,2026-04-17 11:17:00,395
ORD11524,U249,R111,2026-04-17 18:54:00,233
ORD11525,U598,R164,2026-04-17 10:32:00,134
ORD11526,U947,R134,2026-04-17 12:58:00,460
ORD11527,U144,R109,2026-04-17 18:35:00,755
ORD11528,U354,R54,2026-04-17 13:43:00,688
ORD11529,U867,R151,2026-04-17 13:23:00,185
ORD11530,U374,R82,2026-04-17 17:06:00,454
ORD11531,U533,R3,2026-04-17 13:03:00,663
ORD11532,U992,R41,2026-04-17 16:05:00,257
ORD11533,U399,R146,2026-04-17 12:55:00,718
ORD11534,U525,R184,2026-04-17 14:01:00,297
ORD11535,U333,R162,2026-04-17 18:18:00,649
ORD11536,U177,R169,2026-04-17 18:26:00,560
ORD11537,U54,R24,2026-04-17 18:22:00,681
ORD11538,U179,R136,2026-04-17 19:23:00,799
ORD11539,U313,R168,2026-04-17 17:24:00,446
ORD11540,U1000,R156,2026-04-17 10:36:00,182
ORD11541,U540,R167,2026-04-17 19:03:00,212
ORD11542,U837,R93,2026-04-17 14:33:00,121
ORD11543,U133,R48,2026-04-17 16:00:00,686
ORD11544,U682,R97,2026-04-17 14:56:00,644
ORD11545,U327,R75,2026-04-17 16:06:00,190
ORD11546,U89,R191,2026-04-17 10:43:00,269
ORD11547,U509,R154,2026-04-17 12:16:00,702
ORD11548,U735,R106,2026-04-17 16:32:00,288
ORD11549,U961,R79,2026-04-17 14:08:00,356
ORD11550,U273,R96,2026-04-17 13:55:00,130
ORD11551,U925,R69,2026-04-17 10:25:00,306
ORD11552,U88,R79,2026-04-17 19:57:00,581
ORD11553,U674,R146,2026-04-17 13:01:00,475
ORD11554,U538,R71,2026-04-17 17:06:00,426
ORD11555,U160,R30,2026-04-17 18:00:00,520
ORD11556,U550,R32,2026-04-17 17:00:00,788
ORD11557,U588,R129,2026-04-17 19:02:00,305
ORD11558,U778,R174,2026-04-17 15:27:00,190
ORD11559,U375,R93,2026-04-17 13:30:00,191
ORD11560,U564,R17,2026-04-17 17:22:00,635
ORD11561,U442,R112,2026-04-17 19:53:00,275
ORD11562,U556,R134,2026-04-17 18:43:00,186
ORD11563,U529,R158,2026-04-17 15:40:00,308
ORD11564,U945,R153,2026-04-17 12:56:00,737
ORD11565,U838,R34,2026-04-17 10:26:00,512
ORD11566,U733,R130,2026-04-17 11:58:00,445
ORD11567,U599,R129,2026-04-17 13:50:00,559
ORD11568,U107,R46,2026-04-17 18:43:00,435
ORD11569,U560,R190,2026-04-17 16:30:00,578
ORD11570,U3,R146,2026-04-17 10:32:00,226
ORD11571,U422,R33,2026-04-17 15:19:00,532
ORD11572,U841,R107,2026-04-17 14:19:00,313
ORD11573,U33,R55,2026-04-17 17:56:00,661
ORD11574,U523,R42,2026-04-17 16:45:00,445
ORD11575,U815,R111,2026-04-17 16:48:00,357
ORD11576,U287,R102,2026-04-17 18:14:00,218
ORD11577,U192,R137,2026-04-17 10:59:00,416
ORD11578,U637,R5,2026-04-17 17:42:00,532
ORD11579,U914,R199,2026-04-17 16:06:00,721
ORD11580,U73,R160,2026-04-17 13:40:00,215
ORD11581,U46,R110,2026-04-17 17:03:00,126
ORD11582,U576,R20,2026-04-17 17:44:00,243
ORD11583,U943,R29,2026-04-17 12:43:00,629
ORD11584,U81,R146,2026-04-17 10:56:00,518
ORD11585,U892,R49,2026-04-17 18:31:00,365
ORD11586,U141,R28,2026-04-17 13:11:00,273
ORD11587,U375,R13,2026-04-17 17:15:00,778
ORD11588,U437,R198,2026-04-17 12:17:00,520
ORD11589,U951,R88,2026-04-17 10:57:00,344
ORD11590,U409,R161,2026-04-17 17:12:00,309
ORD11591,U455,R26,2026-04-17 18:40:00,418
ORD11592,U131,R59,2026-04-17 11:46:00,152
ORD11593,U22,R109,2026-04-17 17:23:00,710
ORD11594,U881,R53,2026-04-17 15:15:00,570
ORD11595,U497,R77,2026-04-17 11:54:00,357
ORD11596,U982,R192,2026-04-17 12:24:00,252
ORD11597,U300,R128,2026-04-17 19:38:00,443
ORD11598,U582,R110,2026-04-17 19:26:00,612
ORD11599,U369,R61,2026-04-17 16:45:00,250
ORD11600,U948,R139,2026-04-17 13:19:00,603
ORD11601,U326,R73,2026-04-17 11:25:00,544
ORD11602,U978,R18,2026-04-17 19:00:00,101
ORD11603,U129,R181,2026-04-17 15:37:00,175
ORD11604,U784,R200,2026-04-17 12:23:00,173
ORD11605,U5,R8,2026-04-17 14:20:00,599
ORD11606,U327,R56,2026-04-17 14:17:00,247
ORD11607,U829,R120,2026-04-17 11:40:00,708
ORD11608,U723,R198,2026-04-17 10:13:00,773
ORD11609,U23,R138,2026-04-17 15:06:00,367
ORD11610,U957,R115,2026-04-17 17:59:00,295
ORD11611,U424,R58,2026-04-17 15:52:00,696
ORD11612,U577,R190,2026-04-17 16:57:00,198
ORD11613,U665,R70,2026-04-17 11:11:00,415
ORD11614,U594,R6,2026-04-17 14:56:00,677
ORD11615,U325,R37,2026-04-17 15:23:00,465
ORD11616,U253,R112,2026-04-17 12:37:00,594
ORD11617,U899,R30,2026-04-17 12:13:00,646
ORD11618,U956,R34,2026-04-17 11:28:00,428
ORD11619,U661,R87,2026-04-17 12:10:00,549
ORD11620,U754,R99,2026-04-17 11:36:00,751
ORD11621,U378,R11,2026-04-17 14:56:00,384
ORD11622,U263,R42,2026-04-17 19:26:00,165
ORD11623,U513,R18,2026-04-17 16:02:00,203
ORD11624,U906,R98,2026-04-17 17:04:00,421
ORD11625,U21,R155,2026-04-17 11:30:00,200
ORD11626,U188,R105,2026-04-17 17:28:00,530
ORD11627,U870,R19,2026-04-17 15:56:00,770
ORD11628,U528,R33,2026-04-17 17:11:00,145
ORD11629,U287,R44,2026-04-17 11:35:00,493
ORD11630,U719,R27,2026-04-17 13:37:00,722
ORD11631,U87,R93,2026-04-17 19:51:00,337
ORD11632,U73,R99,2026-04-17 15:55:00,662
ORD11633,U879,R18,2026-04-17 17:16:00,304
ORD11634,U553,R194,2026-04-17 19:44:00,661
ORD11635,U128,R5,2026-04-17 15:12:00,705
ORD11636,U256,R199,2026-04-17 14:38:00,344
ORD11637,U87,R128,2026-04-17 11:22:00,400
ORD11638,U885,R185,2026-04-17 14:14:00,534
ORD11639,U14,R84,2026-04-17 19:42:00,276
ORD11640,U988,R118,2026-04-17 17:03:00,588
ORD11641,U277,R94,2026-04-17 13:17:00,551
ORD11642,U467,R176,2026-04-17 12:05:00,774
ORD11643,U297,R118,2026-04-17 13:24:00,269
ORD11644,U608,R198,2026-04-17 15:18:00,472
ORD11645,U355,R98,2026-04-17 16:29:00,368
ORD11646,U113,R79,2026-04-17 10:52:00,615
ORD11647,U60,R167,2026-04-17 16:00:00,687
ORD11648,U839,R115,2026-04-17 17:31:00,335
ORD11649,U546,R49,2026-04-17 10:21:00,546
ORD11650,U973,R146,2026-04-17 18:50:00,259
ORD11651,U528,R185,2026-04-17 11:56:00,698
ORD11652,U78,R186,2026-04-17 10:00:00,603
ORD11653,U350,R131,2026-04-17 16:34:00,202
ORD11654,U744,R70,2026-04-17 12:31:00,492
ORD11655,U283,R139,2026-04-17 16:14:00,145
ORD11656,U195,R88,2026-04-17 19:43:00,519
ORD11657,U166,R172,2026-04-17 10:39:00,686
ORD11658,U402,R22,2026-04-17 13:53:00,738
ORD11659,U802,R129,2026-04-17 15:38:00,566
ORD11660,U60,R15,2026-04-17 16:10:00,494
ORD11661,U199,R64,2026-04-17 14:28:00,449
ORD11662,U373,R55,2026-04-17 11:03:00,524
ORD11663,U35,R122,2026-04-17 14:14:00,684
ORD11664,U223,R72,2026-04-17 15:21:00,315
ORD11665,U79,R142,2026-04-17 15:34:00,372
ORD11666,U712,R40,2026-04-17 18:48:00,733
ORD11667,U263,R134,2026-04-17 11:54:00,499
ORD11668,U491,R197,2026-04-17 17:00:00,124
ORD11669,U546,R59,2026-04-17 14:55:00,682
ORD11670,U715,R145,2026-04-17 16:55:00,548
ORD11671,U409,R172,2026-04-17 18:56:00,781
ORD11672,U900,R74,2026-04-17 10:06:00,327
ORD11673,U561,R103,2026-04-17 10:04:00,625
ORD11674,U828,R185,2026-04-17 15:01:00,670
ORD11675,U452,R71,2026-04-17 17:52:00,418
ORD11676,U85,R127,2026-04-17 14:17:00,754
ORD11677,U925,R19,2026-04-17 18:23:00,770
ORD11678,U355,R109,2026-04-17 15:06:00,365
ORD11679,U477,R193,2026-04-17 13:49:00,104
ORD11680,U883,R35,2026-04-17 18:19:00,627
ORD11681,U952,R112,2026-04-17 15:37:00,161
ORD11682,U950,R52,2026-04-17 19:52:00,624
ORD11683,U628,R67,2026-04-17 18:19:00,167
ORD11684,U480,R131,2026-04-17 18:25:00,367
ORD11685,U934,R124,2026-04-17 19:06:00,188
ORD11686,U747,R82,2026-04-17 11:27:00,135
ORD11687,U561,R164,2026-04-17 15:38:00,165
ORD11688,U14,R120,2026-04-17 13:53:00,627
ORD11689,U323,R149,2026-04-17 12:04:00,796
ORD11690,U520,R95,2026-04-17 11:52:00,479
ORD11691,U316,R178,2026-04-17 11:57:00,724
ORD11692,U315,R39,2026-04-17 14:40:00,773
ORD11693,U913,R100,2026-04-17 11:11:00,222
ORD11694,U199,R77,2026-04-17 18:30:00,139
ORD11695,U468,R144,2026-04-17 18:45:00,397
ORD11696,U529,R16,2026-04-17 15:53:00,302
ORD11697,U25,R121,2026-04-17 13:48:00,756
ORD11698,U269,R47,2026-04-17 17:16:00,528
ORD11699,U761,R164,2026-04-17 15:34:00,675
ORD11700,U96,R187,2026-04-17 15:32:00,152
ORD11701,U848,R100,2026-04-17 15:46:00,783
ORD11702,U723,R3,2026-04-17 16:58:00,767
ORD11703,U53,R24,2026-04-17 11:23:00,629
ORD11704,U222,R127,2026-04-17 18:51:00,777
ORD11705,U294,R17,2026-04-17 12:41:00,778
ORD11706,U66,R68,2026-04-17 15:35:00,255
ORD11707,U321,R125,2026-04-17 15:40:00,602
ORD11708,U703,R147,2026-04-17 18:33:00,166
ORD11709,U887,R108,2026-04-17 13:56:00,743
ORD11710,U450,R128,2026-04-17 14:58:00,384
ORD11711,U193,R127,2026-04-17 14:43:00,508
ORD11712,U933,R10,2026-04-17 11:22:00,272
ORD11713,U83,R197,2026-04-17 12:29:00,762
ORD11714,U495,R73,2026-04-17 10:21:00,612
ORD11715,U568,R164,2026-04-17 12:17:00,561
ORD11716,U818,R196,2026-04-17 17:59:00,654
ORD11717,U152,R187,2026-04-17 10:22:00,424
ORD11718,U422,R67,2026-04-17 10:38:00,741
ORD11719,U575,R43,2026-04-17 13:02:00,590
ORD11720,U358,R188,2026-04-17 11:20:00,713
ORD11721,U34,R99,2026-04-17 11:08:00,212
ORD11722,U767,R15,2026-04-17 14:48:00,391
ORD11723,U308,R176,2026-04-17 14:49:00,650
ORD11724,U383,R82,2026-04-17 18:48:00,293
ORD11725,U171,R150,2026-04-17 19:12:00,664
ORD11726,U53,R142,2026-04-17 15:57:00,217
ORD11727,U753,R78,2026-04-17 12:07:00,701
ORD11728,U420,R192,2026-04-17 11:08:00,201
ORD11729,U989,R56,2026-04-17 17:51:00,750
ORD11730,U452,R78,2026-04-17 12:57:00,200
ORD11731,U323,R143,2026-04-17 18:04:00,788
ORD11732,U638,R129,2026-04-17 16:11:00,213
ORD11733,U792,R111,2026-04-17 12:08:00,229
ORD11734,U780,R88,2026-04-17 15:36:00,175
ORD11735,U846,R195,2026-04-17 15:23:00,125
ORD11736,U194,R79,2026-04-17 18:25:00,525
ORD11737,U93,R42,2026-04-17 11:16:00,652
ORD11738,U278,R100,2026-04-17 17:44:00,554
ORD11739,U787,R95,2026-04-17 17:57:00,584
ORD11740,U268,R154,2026-04-17 10:42:00,462
ORD11741,U9,R182,2026-04-17 11:34:00,567
ORD11742,U486,R75,2026-04-17 13:42:00,723
ORD11743,U442,R159,2026-04-17 13:39:00,592
ORD11744,U723,R19,2026-04-17 19:24:00,177
ORD11745,U286,R70,2026-04-17 17:55:00,786
ORD11746,U68,R30,2026-04-17 18:06:00,587
ORD11747,U916,R150,2026-04-17 10:31:00,428
ORD11748,U946,R199,2026-04-17 15:32:00,700
ORD11749,U771,R197,2026-04-17 13:40:00,667
ORD11750,U552,R31,2026-04-17 18:16:00,283
ORD11751,U59,R115,2026-04-17 15:29:00,168
ORD11752,U484,R183,2026-04-17 12:55:00,457
ORD11753,U88,R15,2026-04-17 20:00:00,788
ORD11754,U479,R177,2026-04-17 18:34:00,288
ORD11755,U899,R6,2026-04-17 12:22:00,351
ORD11756,U267,R76,2026-04-17 18:56:00,790
ORD11757,U478,R90,2026-04-17 17:42:00,364
ORD11758,U346,R43,2026-04-17 19:53:00,250
ORD11759,U872,R59,2026-04-17 19:56:00,310
ORD11760,U687,R94,2026-04-17 12:05:00,667
ORD11761,U883,R27,2026-04-17 16:19:00,106
ORD11762,U954,R49,2026-04-17 19:15:00,250
ORD11763,U364,R184,2026-04-17 14:45:00,271
ORD11764,U733,R200,2026-04-17 17:41:00,121
ORD11765,U560,R131,2026-04-17 17:50:00,349
ORD11766,U423,R54,2026-04-17 17:53:00,526
ORD11767,U477,R75,2026-04-17 12:08:00,604
ORD11768,U354,R56,2026-04-17 10:30:00,147
ORD11769,U475,R150,2026-04-17 14:31:00,652
ORD11770,U787,R90,2026-04-17 10:09:00,771
ORD11771,U448,R162,2026-04-17 15:17:00,545
ORD11772,U656,R13,2026-04-17 13:27:00,690
ORD11773,U443,R83,2026-04-17 16:32:00,760
ORD11774,U593,R58,2026-04-17 17:04:00,106
ORD11775,U279,R166,2026-04-17 19:56:00,433
ORD11776,U783,R57,2026-04-17 19:53:00,674
ORD11777,U695,R180,2026-04-17 19:36:00,746
ORD11778,U11,R35,2026-04-17 10:51:00,759
ORD11779,U511,R128,2026-04-17 14:22:00,116
ORD11780,U546,R75,2026-04-17 16:32:00,786
ORD11781,U660,R180,2026-04-17 17:46:00,612
ORD11782,U367,R65,2026-04-17 18:14:00,552
ORD11783,U42,R10,2026-04-17 16:50:00,275
ORD11784,U514,R192,2026-04-17 14:27:00,730
ORD11785,U574,R70,2026-04-17 14:28:00,388
ORD11786,U919,R137,2026-04-17 15:32:00,393
ORD11787,U690,R151,2026-04-17 15:07:00,137
ORD11788,U182,R171,2026-04-17 16:31:00,737
ORD11789,U680,R11,2026-04-17 17:17:00,421
ORD11790,U936,R170,2026-04-17 15:22:00,573
ORD11791,U542,R30,2026-04-17 14:20:00,140
ORD11792,U816,R172,2026-04-17 13:52:00,669
ORD11793,U440,R190,2026-04-17 13:17:00,134
ORD11794,U2,R190,2026-04-17 16:54:00,544
ORD11795,U62,R76,2026-04-17 18:28:00,385
ORD11796,U791,R88,2026-04-17 14:27:00,670
ORD11797,U925,R3,2026-04-17 16:46:00,727
ORD11798,U859,R15,2026-04-17 13:05:00,581
ORD11799,U373,R166,2026-04-17 12:32:00,290
ORD11800,U837,R69,2026-04-17 15:30:00,405
ORD11801,U492,R191,2026-04-17 19:28:00,116
ORD11802,U285,R97,2026-04-17 13:10:00,284
ORD11803,U938,R112,2026-04-17 13:29:00,769
ORD11804,U213,R122,2026-04-17 14:30:00,297
ORD11805,U837,R95,2026-04-17 15:38:00,232
ORD11806,U254,R40,2026-04-17 18:38:00,319
ORD11807,U458,R119,2026-04-17 16:54:00,102
ORD11808,U914,R88,2026-04-17 19:05:00,168
ORD11809,U380,R20,2026-04-17 14:55:00,443
ORD11810,U124,R188,2026-04-17 14:26:00,604
ORD11811,U366,R126,2026-04-17 10:13:00,403
ORD11812,U809,R186,2026-04-17 18:59:00,654
ORD11813,U735,R181,2026-04-17 11:38:00,748
ORD11814,U207,R101,2026-04-17 13:17:00,439
ORD11815,U363,R64,2026-04-17 19:32:00,339
ORD11816,U100,R102,2026-04-17 14:34:00,198
ORD11817,U488,R178,2026-04-17 12:21:00,547
ORD11818,U832,R57,2026-04-17 10:54:00,613
ORD11819,U343,R67,2026-04-17 19:01:00,433
ORD11820,U717,R39,2026-04-17 19:57:00,655
ORD11821,U201,R153,2026-04-17 12:42:00,497
ORD11822,U91,R95,2026-04-17 16:27:00,732
ORD11823,U371,R95,2026-04-17 18:27:00,587
ORD11824,U535,R125,2026-04-17 16:34:00,244
ORD11825,U918,R46,2026-04-17 19:22:00,251
ORD11826,U116,R99,2026-04-17 12:41:00,179
ORD11827,U637,R98,2026-04-17 19:56:00,700
ORD11828,U215,R93,2026-04-17 19:17:00,683
ORD11829,U113,R172,2026-04-17 19:13:00,629
ORD11830,U400,R179,2026-04-17 19:12:00,102
ORD11831,U445,R32,2026-04-17 12:07:00,165
ORD11832,U623,R185,2026-04-17 16:30:00,405
ORD11833,U542,R93,2026-04-17 17:27:00,380
ORD11834,U251,R181,2026-04-17 18:02:00,293
ORD11835,U209,R75,2026-04-17 13:07:00,519
ORD11836,U495,R23,2026-04-17 11:36:00,467
ORD11837,U623,R83,2026-04-17 17:35:00,626
ORD11838,U564,R88,2026-04-17 18:09:00,613
ORD11839,U191,R47,2026-04-17 10:27:00,265
ORD11840,U446,R37,2026-04-17 14:00:00,203
ORD11841,U345,R9,2026-04-17 18:46:00,431
ORD11842,U23,R98,2026-04-17 10:32:00,702
ORD11843,U636,R63,2026-04-17 14:57:00,299
ORD11844,U136,R32,2026-04-17 12:10:00,496
ORD11845,U350,R85,2026-04-17 14:39:00,596
ORD11846,U693,R133,2026-04-17 19:23:00,322
ORD11847,U796,R199,2026-04-17 11:30:00,657
ORD11848,U888,R1,2026-04-17 17:47:00,204
ORD11849,U755,R56,2026-04-17 19:05:00,140
ORD11850,U122,R121,2026-04-17 17:53:00,361
ORD11851,U616,R82,2026-04-17 13:57:00,529
ORD11852,U345,R179,2026-04-17 13:33:00,184
ORD11853,U470,R185,2026-04-17 12:11:00,407
ORD11854,U353,R119,2026-04-17 16:48:00,131
ORD11855,U436,R198,2026-04-17 11:54:00,138
ORD11856,U781,R196,2026-04-17 17:19:00,380
ORD11857,U764,R116,2026-04-17 14:00:00,644
ORD11858,U696,R128,2026-04-17 14:16:00,727
ORD11859,U655,R154,2026-04-17 15:37:00,729
ORD11860,U541,R75,2026-04-17 10:30:00,722
ORD11861,U60,R148,2026-04-17 15:03:00,292
ORD11862,U719,R185,2026-04-17 15:34:00,278
ORD11863,U743,R44,2026-04-17 13:43:00,145
ORD11864,U397,R84,2026-04-17 11:30:00,740
ORD11865,U822,R97,2026-04-17 16:32:00,381
ORD11866,U712,R189,2026-04-17 11:18:00,621
ORD11867,U187,R4,2026-04-17 12:47:00,306
ORD11868,U522,R164,2026-04-17 15:58:00,641
ORD11869,U629,R18,2026-04-17 11:35:00,547
ORD11870,U951,R69,2026-04-17 17:22:00,701
ORD11871,U70,R82,2026-04-17 11:37:00,779
ORD11872,U581,R192,2026-04-17 11:57:00,458
ORD11873,U425,R167,2026-04-17 18:18:00,137
ORD11874,U432,R35,2026-04-17 15:50:00,279
ORD11875,U931,R117,2026-04-17 19:20:00,684
ORD11876,U462,R169,2026-04-17 10:35:00,260
ORD11877,U580,R39,2026-04-17 19:04:00,774
ORD11878,U726,R130,2026-04-17 10:00:00,200
ORD11879,U73,R81,2026-04-17 15:32:00,448
ORD11880,U961,R186,2026-04-17 15:47:00,374
ORD11881,U570,R55,2026-04-17 13:43:00,409
ORD11882,U770,R76,2026-04-17 10:40:00,331
ORD11883,U585,R190,2026-04-17 14:11:00,665
ORD11884,U589,R184,2026-04-17 13:41:00,216
ORD11885,U865,R137,2026-04-17 19:05:00,742
ORD11886,U755,R120,2026-04-17 14:41:00,733
ORD11887,U499,R174,2026-04-17 19:15:00,724
ORD11888,U598,R73,2026-04-17 13:29:00,129
ORD11889,U530,R124,2026-04-17 15:33:00,585
ORD11890,U255,R6,2026-04-17 13:43:00,496
ORD11891,U797,R185,2026-04-17 19:29:00,167
ORD11892,U719,R58,2026-04-17 14:22:00,300
ORD11893,U381,R132,2026-04-17 10:45:00,488
ORD11894,U589,R32,2026-04-17 15:38:00,245
ORD11895,U828,R130,2026-04-17 19:47:00,595
ORD11896,U653,R142,2026-04-17 11:19:00,539
ORD11897,U301,R22,2026-04-17 10:26:00,632
ORD11898,U261,R149,2026-04-17 17:24:00,743
ORD11899,U192,R122,2026-04-17 13:12:00,380
ORD11900,U712,R92,2026-04-17 15:37:00,636
ORD11901,U636,R99,2026-04-17 16:25:00,436
ORD11902,U708,R45,2026-04-17 18:03:00,411
ORD11903,U909,R191,2026-04-17 16:15:00,406
ORD11904,U903,R37,2026-04-17 16:48:00,176
ORD11905,U320,R118,2026-04-17 12:38:00,171
ORD11906,U657,R124,2026-04-17 16:28:00,267
ORD11907,U696,R182,2026-04-17 15:59:00,614
ORD11908,U178,R39,2026-04-17 18:03:00,420
ORD11909,U23,R80,2026-04-17 13:31:00,214
ORD11910,U332,R112,2026-04-17 17:00:00,460
ORD11911,U826,R59,2026-04-17 10:35:00,199
ORD11912,U554,R143,2026-04-17 15:22:00,159
ORD11913,U17,R61,2026-04-17 18:22:00,408
ORD11914,U257,R200,2026-04-17 19:26:00,144
ORD11915,U382,R83,2026-04-17 12:07:00,598
ORD11916,U337,R56,2026-04-17 10:47:00,682
ORD11917,U906,R171,2026-04-17 14:48:00,339
ORD11918,U575,R90,2026-04-17 12:14:00,312
ORD11919,U251,R64,2026-04-17 10:25:00,663
ORD11920,U659,R154,2026-04-17 13:40:00,494
ORD11921,U446,R136,2026-04-17 18:41:00,496
ORD11922,U637,R53,2026-04-17 13:56:00,405
ORD11923,U988,R116,2026-04-17 10:43:00,671
ORD11924,U989,R79,2026-04-17 14:45:00,323
ORD11925,U76,R181,2026-04-17 12:18:00,300
ORD11926,U836,R108,2026-04-17 15:46:00,798
ORD11927,U204,R166,2026-04-17 15:55:00,637
ORD11928,U915,R6,2026-04-17 12:49:00,394
ORD11929,U712,R43,2026-04-17 18:31:00,766
ORD11930,U690,R62,2026-04-17 13:48:00,205
ORD11931,U983,R31,2026-04-17 10:52:00,396
ORD11932,U345,R17,2026-04-17 12:32:00,478
ORD11933,U139,R142,2026-04-17 10:48:00,165
ORD11934,U683,R169,2026-04-17 17:34:00,414
ORD11935,U639,R139,2026-04-17 11:55:00,188
ORD11936,U259,R34,2026-04-17 13:10:00,144
ORD11937,U555,R134,2026-04-17 15:36:00,475
ORD11938,U118,R185,2026-04-17 10:47:00,144
ORD11939,U880,R167,2026-04-17 17:18:00,445
ORD11940,U786,R19,2026-04-17 13:22:00,131
ORD11941,U770,R121,2026-04-17 13:18:00,731
ORD11942,U719,R190,2026-04-17 15:21:00,531
ORD11943,U572,R25,2026-04-17 15:58:00,392
ORD11944,U400,R183,2026-04-17 14:02:00,746
ORD11945,U885,R36,2026-04-17 14:18:00,468
ORD11946,U927,R33,2026-04-17 19:59:00,101
ORD11947,U932,R67,2026-04-17 10:01:00,476
ORD11948,U545,R30,2026-04-17 16:40:00,249
ORD11949,U913,R135,2026-04-17 14:39:00,355
ORD11950,U544,R87,2026-04-17 17:33:00,676
ORD11951,U660,R122,2026-04-17 14:48:00,379
ORD11952,U663,R194,2026-04-17 14:18:00,442
ORD11953,U790,R51,2026-04-17 19:27:00,589
ORD11954,U486,R185,2026-04-17 12:31:00,311
ORD11955,U672,R162,2026-04-17 18:13:00,152
ORD11956,U529,R121,2026-04-17 12:46:00,738
ORD11957,U37,R57,2026-04-17 19:44:00,204
ORD11958,U637,R26,2026-04-17 11:06:00,176
ORD11959,U796,R74,2026-04-17 15:07:00,304
ORD11960,U562,R73,2026-04-17 15:10:00,369
ORD11961,U104,R83,2026-04-17 19:58:00,698
ORD11962,U912,R34,2026-04-17 10:55:00,698
ORD11963,U586,R157,2026-04-17 17:07:00,797
ORD11964,U960,R77,2026-04-17 12:49:00,136
ORD11965,U230,R154,2026-04-17 12:40:00,798
ORD11966,U455,R182,2026-04-17 14:47:00,668
ORD11967,U258,R196,2026-04-17 16:27:00,661
ORD11968,U421,R47,2026-04-17 18:17:00,144
ORD11969,U973,R53,2026-04-17 16:04:00,390
ORD11970,U162,R32,2026-04-17 10:15:00,582
ORD11971,U398,R11,2026-04-17 12:11:00,755
ORD11972,U924,R134,2026-04-17 17:15:00,193
ORD11973,U94,R67,2026-04-17 10:28:00,629
ORD11974,U384,R142,2026-04-17 11:29:00,365
ORD11975,U662,R119,2026-04-17 18:46:00,463
ORD11976,U839,R195,2026-04-17 12:42:00,101
ORD11977,U448,R110,2026-04-17 12:35:00,136
ORD11978,U965,R171,2026-04-17 10:38:00,224
ORD11979,U918,R33,2026-04-17 13:58:00,571
ORD11980,U33,R119,2026-04-17 13:46:00,462
ORD11981,U794,R30,2026-04-17 16:58:00,784
ORD11982,U707,R17,2026-04-17 14:09:00,301
ORD11983,U131,R107,2026-04-17 10:03:00,252
ORD11984,U548,R161,2026-04-17 13:00:00,289
ORD11985,U837,R159,2026-04-17 13:23:00,552
ORD11986,U425,R40,2026-04-17 19:48:00,663
ORD11987,U233,R138,2026-04-17 14:58:00,111
ORD11988,U43,R15,2026-04-17 19:29:00,367
ORD11989,U82,R45,2026-04-17 16:25:00,589
ORD11990,U205,R170,2026-04-17 11:58:00,416
ORD11991,U67,R13,2026-04-17 13:37:00,377
ORD11992,U324,R174,2026-04-17 17:50:00,432
ORD11993,U236,R150,2026-04-17 17:38:00,216
ORD11994,U812,R158,2026-04-17 16:04:00,273
ORD11995,U547,R164,2026-04-17 12:01:00,388
ORD11996,U27,R101,2026-04-17 19:36:00,487
ORD11997,U857,R62,2026-04-17 10:42:00,476
ORD11998,U767,R71,2026-04-17 16:45:00,267
ORD11999,U681,R27,2026-04-17 18:41:00,482
ORD12000,U946,R86,2026-04-17 19:15:00,649
ORD12001,U549,R8,2026-04-17 16:25:00,585
ORD12002,U470,R63,2026-04-17 12:09:00,719
ORD12003,U507,R148,2026-04-17 15:38:00,548
ORD12004,U30,R75,2026-04-17 10:49:00,169
ORD12005,U558,R37,2026-04-17 18:50:00,717
ORD12006,U89,R35,2026-04-17 11:52:00,282
ORD12007,U634,R185,2026-04-17 18:40:00,595
ORD12008,U80,R53,2026-04-17 14:14:00,522
ORD12009,U485,R39,2026-04-17 18:59:00,228
ORD12010,U779,R77,2026-04-17 11:19:00,325
ORD12011,U679,R34,2026-04-17 11:03:00,321
ORD12012,U643,R62,2026-04-17 12:19:00,313
ORD12013,U424,R165,2026-04-17 18:31:00,299
ORD12014,U54,R189,2026-04-17 12:36:00,461
ORD12015,U35,R13,2026-04-17 13:47:00,265
ORD12016,U344,R123,2026-04-17 19:06:00,139
ORD12017,U445,R6,2026-04-17 14:28:00,456
ORD12018,U692,R31,2026-04-17 16:10:00,474
ORD12019,U29,R44,2026-04-17 16:10:00,726
ORD12020,U137,R32,2026-04-17 18:02:00,384
ORD12021,U979,R107,2026-04-17 15:23:00,699
ORD12022,U843,R44,2026-04-17 15:28:00,362
ORD12023,U470,R8,2026-04-17 12:04:00,640
ORD12024,U626,R68,2026-04-17 16:35:00,315
ORD12025,U256,R15,2026-04-17 14:41:00,514
ORD12026,U168,R59,2026-04-17 10:10:00,514
ORD12027,U426,R174,2026-04-17 15:16:00,510
ORD12028,U351,R87,2026-04-17 18:01:00,695
ORD12029,U175,R147,2026-04-17 10:27:00,247
ORD12030,U327,R169,2026-04-17 17:31:00,441
ORD12031,U832,R155,2026-04-17 18:06:00,487
ORD12032,U493,R29,2026-04-17 18:04:00,641
ORD12033,U11,R73,2026-04-17 18:41:00,671
ORD12034,U473,R90,2026-04-17 14:14:00,314
ORD12035,U856,R86,2026-04-17 15:43:00,421
ORD12036,U820,R165,2026-04-17 12:51:00,535
ORD12037,U773,R194,2026-04-17 18:18:00,148
ORD12038,U166,R161,2026-04-17 14:43:00,473
ORD12039,U24,R37,2026-04-17 12:34:00,663
ORD12040,U715,R125,2026-04-17 18:36:00,119
ORD12041,U281,R192,2026-04-17 14:49:00,447
ORD12042,U922,R105,2026-04-17 16:15:00,685
ORD12043,U449,R8,2026-04-17 15:23:00,194
ORD12044,U915,R49,2026-04-17 13:04:00,754
ORD12045,U251,R94,2026-04-17 17:23:00,195
ORD12046,U96,R84,2026-04-17 17:07:00,633
ORD12047,U224,R5,2026-04-17 11:13:00,508
ORD12048,U838,R29,2026-04-17 15:25:00,558
ORD12049,U393,R149,2026-04-17 13:42:00,743
ORD12050,U866,R76,2026-04-17 10:32:00,730
ORD12051,U268,R193,2026-04-17 19:42:00,746
ORD12052,U387,R171,2026-04-17 15:17:00,589
ORD12053,U285,R36,2026-04-17 16:45:00,763
ORD12054,U121,R23,2026-04-17 12:52:00,481
ORD12055,U705,R125,2026-04-17 11:02:00,363
ORD12056,U821,R192,2026-04-17 15:56:00,351
ORD12057,U813,R159,2026-04-17 18:50:00,744
ORD12058,U204,R111,2026-04-17 18:41:00,475
ORD12059,U539,R132,2026-04-17 15:12:00,722
ORD12060,U324,R43,2026-04-17 18:52:00,699
ORD12061,U652,R192,2026-04-17 11:15:00,622
ORD12062,U468,R142,2026-04-17 18:06:00,478
ORD12063,U950,R25,2026-04-17 11:12:00,113
ORD12064,U241,R154,2026-04-17 13:53:00,783
ORD12065,U124,R200,2026-04-17 12:35:00,344
ORD12066,U843,R10,2026-04-17 13:18:00,413
ORD12067,U752,R168,2026-04-17 13:58:00,427
ORD12068,U590,R83,2026-04-17 16:39:00,166
ORD12069,U461,R14,2026-04-17 11:07:00,509
ORD12070,U249,R66,2026-04-17 17:25:00,207
ORD12071,U974,R118,2026-04-17 17:22:00,171
ORD12072,U520,R60,2026-04-17 14:46:00,216
ORD12073,U744,R18,2026-04-17 18:33:00,727
ORD12074,U616,R82,2026-04-17 19:53:00,481
ORD12075,U381,R87,2026-04-17 16:11:00,274
ORD12076,U849,R145,2026-04-17 11:56:00,468
ORD12077,U68,R14,2026-04-17 15:21:00,753
ORD12078,U329,R171,2026-04-17 15:54:00,419
ORD12079,U221,R139,2026-04-17 17:09:00,233
ORD12080,U555,R141,2026-04-17 16:56:00,526
ORD12081,U891,R48,2026-04-17 10:16:00,452
ORD12082,U504,R82,2026-04-17 15:37:00,143
ORD12083,U97,R78,2026-04-17 13:01:00,223
ORD12084,U962,R77,2026-04-17 13:52:00,425
ORD12085,U20,R69,2026-04-17 19:14:00,245
ORD12086,U942,R176,2026-04-17 16:32:00,268
ORD12087,U968,R83,2026-04-17 13:01:00,702
ORD12088,U968,R127,2026-04-17 19:45:00,656
ORD12089,U505,R32,2026-04-17 12:06:00,305
ORD12090,U850,R192,2026-04-17 11:48:00,597
ORD12091,U949,R155,2026-04-17 19:29:00,191
ORD12092,U50,R30,2026-04-17 16:41:00,562
ORD12093,U211,R62,2026-04-17 19:51:00,276
ORD12094,U519,R97,2026-04-17 10:40:00,494
ORD12095,U834,R148,2026-04-17 18:34:00,156
ORD12096,U14,R184,2026-04-17 15:53:00,165
ORD12097,U968,R70,2026-04-17 16:21:00,508
ORD12098,U179,R4,2026-04-17 15:51:00,530
ORD12099,U371,R127,2026-04-17 16:56:00,649
ORD12100,U344,R198,2026-04-17 13:23:00,196
ORD12101,U645,R103,2026-04-17 14:31:00,150
ORD12102,U306,R159,2026-04-17 17:13:00,562
ORD12103,U103,R68,2026-04-17 18:31:00,147
ORD12104,U815,R127,2026-04-17 13:40:00,467
ORD12105,U112,R110,2026-04-17 10:42:00,369
ORD12106,U233,R151,2026-04-17 16:50:00,690
ORD12107,U317,R158,2026-04-17 11:13:00,775
ORD12108,U63,R137,2026-04-17 13:56:00,167
ORD12109,U741,R130,2026-04-17 14:01:00,374
ORD12110,U799,R69,2026-04-17 12:49:00,286
ORD12111,U373,R35,2026-04-17 10:01:00,146
ORD12112,U310,R120,2026-04-17 12:13:00,357
ORD12113,U118,R79,2026-04-17 12:09:00,479
ORD12114,U452,R144,2026-04-17 11:34:00,762
ORD12115,U600,R150,2026-04-17 11:34:00,387
ORD12116,U946,R31,2026-04-17 14:55:00,321
ORD12117,U9,R83,2026-04-17 14:08:00,185
ORD12118,U380,R2,2026-04-17 15:26:00,728
ORD12119,U218,R138,2026-04-17 16:15:00,371
ORD12120,U505,R110,2026-04-17 14:46:00,677
ORD12121,U825,R160,2026-04-17 18:05:00,209
ORD12122,U165,R17,2026-04-17 10:38:00,120
ORD12123,U119,R145,2026-04-17 10:01:00,479
ORD12124,U651,R28,2026-04-17 18:56:00,489
ORD12125,U871,R12,2026-04-17 19:23:00,329
ORD12126,U398,R139,2026-04-17 11:40:00,336
ORD12127,U113,R50,2026-04-17 19:16:00,793
ORD12128,U236,R179,2026-04-17 19:23:00,523
ORD12129,U854,R87,2026-04-17 10:03:00,581
ORD12130,U948,R117,2026-04-17 16:22:00,703
ORD12131,U93,R149,2026-04-17 13:41:00,480
ORD12132,U150,R77,2026-04-17 17:52:00,472
ORD12133,U469,R36,2026-04-17 12:19:00,119
ORD12134,U749,R49,2026-04-17 16:05:00,107
ORD12135,U881,R100,2026-04-17 18:14:00,181
ORD12136,U506,R49,2026-04-17 12:29:00,424
ORD12137,U267,R160,2026-04-17 12:28:00,161
ORD12138,U930,R192,2026-04-17 13:45:00,424
ORD12139,U25,R187,2026-04-17 17:20:00,433
ORD12140,U789,R93,2026-04-17 17:15:00,602
ORD12141,U593,R41,2026-04-17 16:35:00,671
ORD12142,U817,R185,2026-04-17 11:59:00,639
ORD12143,U655,R45,2026-04-17 17:30:00,334
ORD12144,U971,R74,2026-04-17 17:37:00,429
ORD12145,U902,R103,2026-04-17 14:48:00,504
ORD12146,U63,R151,2026-04-17 13:25:00,395
ORD12147,U109,R147,2026-04-17 13:57:00,186
ORD12148,U557,R186,2026-04-17 13:30:00,343
ORD12149,U76,R52,2026-04-17 11:27:00,400
ORD12150,U821,R168,2026-04-17 13:55:00,286
ORD12151,U308,R45,2026-04-17 16:49:00,252
ORD12152,U667,R168,2026-04-17 11:48:00,767
ORD12153,U627,R132,2026-04-17 19:40:00,317
ORD12154,U485,R79,2026-04-17 17:45:00,616
ORD12155,U1,R12,2026-04-17 12:41:00,611
ORD12156,U977,R175,2026-04-17 16:33:00,762
ORD12157,U543,R63,2026-04-17 15:08:00,781
ORD12158,U270,R176,2026-04-17 15:47:00,586
ORD12159,U50,R180,2026-04-17 17:59:00,332
ORD12160,U386,R90,2026-04-17 19:07:00,484
ORD12161,U128,R187,2026-04-17 16:03:00,184
ORD12162,U563,R60,2026-04-17 13:25:00,508
ORD12163,U416,R122,2026-04-17 17:36:00,644
ORD12164,U243,R57,2026-04-17 15:14:00,282
ORD12165,U703,R17,2026-04-17 18:42:00,187
ORD12166,U843,R97,2026-04-17 14:52:00,578
ORD12167,U562,R87,2026-04-17 10:42:00,382
ORD12168,U137,R159,2026-04-17 11:36:00,799
ORD12169,U849,R64,2026-04-17 12:25:00,292
ORD12170,U337,R185,2026-04-17 16:23:00,427
ORD12171,U870,R190,2026-04-17 10:33:00,508
ORD12172,U987,R127,2026-04-17 15:38:00,649
ORD12173,U11,R169,2026-04-17 16:44:00,155
ORD12174,U985,R155,2026-04-17 10:10:00,747
ORD12175,U679,R156,2026-04-17 14:38:00,561
ORD12176,U32,R197,2026-04-17 19:21:00,680
ORD12177,U312,R192,2026-04-17 11:24:00,468
ORD12178,U513,R162,2026-04-17 17:52:00,585
ORD12179,U356,R176,2026-04-17 11:53:00,662
ORD12180,U694,R26,2026-04-17 14:10:00,799
ORD12181,U907,R54,2026-04-17 12:20:00,649
ORD12182,U910,R194,2026-04-17 19:07:00,743
ORD12183,U277,R76,2026-04-17 15:02:00,648
ORD12184,U885,R135,2026-04-17 20:00:00,448
ORD12185,U100,R143,2026-04-17 12:07:00,283
ORD12186,U170,R18,2026-04-17 13:34:00,228
ORD12187,U863,R22,2026-04-17 12:09:00,779
ORD12188,U384,R164,2026-04-17 18:06:00,546
ORD12189,U39,R74,2026-04-17 11:55:00,661
ORD12190,U674,R18,2026-04-17 19:27:00,438
ORD12191,U541,R17,2026-04-17 12:36:00,445
ORD12192,U585,R96,2026-04-17 15:22:00,517
ORD12193,U633,R94,2026-04-17 18:13:00,701
ORD12194,U164,R170,2026-04-17 10:03:00,690
ORD12195,U465,R12,2026-04-17 11:01:00,574
ORD12196,U256,R21,2026-04-17 19:17:00,328
ORD12197,U324,R53,2026-04-17 12:41:00,789
ORD12198,U763,R172,2026-04-17 17:43:00,191
ORD12199,U912,R163,2026-04-17 19:35:00,366
ORD12200,U778,R22,2026-04-17 12:04:00,797
ORD12201,U930,R175,2026-04-17 13:59:00,589
ORD12202,U188,R16,2026-04-17 16:18:00,245
ORD12203,U68,R104,2026-04-17 17:08:00,678
ORD12204,U190,R29,2026-04-17 12:47:00,374
ORD12205,U523,R95,2026-04-17 10:01:00,267
ORD12206,U343,R11,2026-04-17 13:05:00,146
ORD12207,U892,R166,2026-04-17 17:10:00,250
ORD12208,U280,R48,2026-04-17 17:10:00,283
ORD12209,U198,R114,2026-04-17 13:52:00,558
ORD12210,U225,R146,2026-04-17 10:25:00,156
ORD12211,U79,R111,2026-04-17 11:30:00,464
ORD12212,U923,R144,2026-04-17 11:17:00,680
ORD12213,U869,R91,2026-04-17 13:55:00,276
ORD12214,U357,R87,2026-04-17 17:56:00,606
ORD12215,U434,R158,2026-04-17 17:59:00,149
ORD12216,U364,R144,2026-04-17 16:17:00,201
ORD12217,U673,R86,2026-04-17 18:19:00,391
ORD12218,U889,R172,2026-04-17 18:49:00,794
ORD12219,U48,R153,2026-04-17 14:21:00,198
ORD12220,U934,R137,2026-04-17 19:45:00,131
ORD12221,U224,R146,2026-04-17 18:02:00,207
ORD12222,U274,R176,2026-04-17 18:39:00,330
ORD12223,U422,R177,2026-04-17 17:33:00,623
ORD12224,U259,R162,2026-04-17 10:55:00,383
ORD12225,U943,R26,2026-04-17 15:16:00,403
ORD12226,U798,R129,2026-04-17 12:04:00,639
ORD12227,U781,R67,2026-04-17 19:54:00,489
ORD12228,U838,R37,2026-04-17 15:58:00,413
ORD12229,U347,R170,2026-04-17 13:42:00,257
ORD12230,U602,R178,2026-04-17 10:33:00,354
ORD12231,U894,R55,2026-04-17 11:19:00,492
ORD12232,U174,R52,2026-04-17 17:55:00,377
ORD12233,U935,R97,2026-04-17 14:10:00,488
ORD12234,U304,R151,2026-04-17 19:31:00,373
ORD12235,U461,R98,2026-04-17 12:09:00,153
ORD12236,U405,R120,2026-04-17 18:15:00,797
ORD12237,U201,R18,2026-04-17 13:46:00,559
ORD12238,U32,R154,2026-04-17 15:57:00,443
ORD12239,U258,R178,2026-04-17 12:23:00,656
ORD12240,U496,R103,2026-04-17 14:07:00,130
ORD12241,U392,R198,2026-04-17 12:26:00,386
ORD12242,U489,R195,2026-04-17 12:30:00,119
ORD12243,U129,R115,2026-04-17 15:29:00,606
ORD12244,U492,R114,2026-04-17 18:52:00,732
ORD12245,U833,R6,2026-04-17 15:57:00,265
ORD12246,U541,R103,2026-04-17 13:12:00,135
ORD12247,U445,R148,2026-04-17 14:14:00,316
ORD12248,U652,R7,2026-04-17 13:47:00,341
ORD12249,U436,R130,2026-04-17 17:31:00,322
ORD12250,U171,R175,2026-04-17 17:44:00,286
ORD12251,U64,R144,2026-04-17 11:37:00,214
ORD12252,U795,R26,2026-04-17 15:03:00,643
ORD12253,U904,R26,2026-04-17 14:11:00,711
ORD12254,U870,R30,2026-04-17 17:55:00,157
ORD12255,U189,R129,2026-04-17 14:08:00,224
ORD12256,U227,R107,2026-04-17 11:00:00,545
ORD12257,U593,R150,2026-04-17 14:44:00,518
ORD12258,U298,R27,2026-04-17 12:47:00,476
ORD12259,U842,R97,2026-04-17 10:25:00,445
ORD12260,U806,R49,2026-04-17 12:28:00,321
ORD12261,U270,R60,2026-04-17 14:37:00,192
ORD12262,U807,R168,2026-04-17 16:36:00,104
ORD12263,U716,R144,2026-04-17 10:12:00,679
ORD12264,U718,R188,2026-04-17 17:22:00,478
ORD12265,U38,R188,2026-04-17 12:20:00,728
ORD12266,U68,R120,2026-04-17 11:26:00,195
ORD12267,U108,R79,2026-04-17 15:43:00,368
ORD12268,U767,R185,2026-04-17 12:33:00,513
ORD12269,U969,R26,2026-04-17 11:49:00,476
ORD12270,U57,R13,2026-04-17 11:43:00,483
ORD12271,U224,R182,2026-04-17 18:18:00,597
ORD12272,U576,R77,2026-04-17 11:06:00,655
ORD12273,U601,R186,2026-04-17 17:38:00,506
ORD12274,U62,R55,2026-04-17 13:17:00,137
ORD12275,U632,R22,2026-04-17 15:47:00,602
ORD12276,U346,R171,2026-04-17 13:57:00,475
ORD12277,U432,R83,2026-04-17 14:58:00,773
ORD12278,U370,R110,2026-04-17 19:02:00,260
ORD12279,U374,R142,2026-04-17 13:48:00,527
ORD12280,U824,R96,2026-04-17 18:05:00,351
ORD12281,U274,R88,2026-04-17 19:36:00,630
ORD12282,U56,R182,2026-04-17 13:50:00,661
ORD12283,U291,R195,2026-04-17 10:23:00,554
ORD12284,U212,R25,2026-04-17 16:09:00,101
ORD12285,U659,R104,2026-04-17 18:12:00,137
ORD12286,U315,R148,2026-04-17 19:40:00,741
ORD12287,U904,R118,2026-04-17 19:03:00,644
ORD12288,U382,R1,2026-04-17 13:39:00,685
ORD12289,U627,R10,2026-04-17 10:46:00,496
ORD12290,U581,R199,2026-04-17 13:59:00,615
ORD12291,U898,R74,2026-04-17 14:26:00,125
ORD12292,U638,R84,2026-04-17 10:48:00,341
ORD12293,U889,R19,2026-04-17 17:54:00,463
ORD12294,U658,R165,2026-04-17 10:47:00,340
ORD12295,U338,R175,2026-04-17 10:38:00,384
ORD12296,U361,R70,2026-04-17 15:36:00,342
ORD12297,U470,R21,2026-04-17 18:45:00,485
ORD12298,U523,R56,2026-04-17 17:08:00,574
ORD12299,U871,R31,2026-04-17 19:37:00,749
ORD12300,U601,R101,2026-04-17 10:12:00,459
ORD12301,U160,R19,2026-04-17 11:04:00,566
ORD12302,U215,R130,2026-04-17 12:11:00,231
ORD12303,U851,R74,2026-04-17 16:59:00,416
ORD12304,U451,R160,2026-04-17 13:05:00,447
ORD12305,U555,R97,2026-04-17 12:14:00,334
ORD12306,U552,R137,2026-04-17 19:40:00,172
ORD12307,U447,R196,2026-04-17 14:52:00,109
ORD12308,U747,R82,2026-04-17 15:33:00,458
ORD12309,U961,R118,2026-04-17 16:33:00,702
ORD12310,U776,R175,2026-04-17 14:38:00,477
ORD12311,U105,R152,2026-04-17 12:53:00,378
ORD12312,U450,R190,2026-04-17 17:46:00,373
ORD12313,U774,R156,2026-04-17 15:36:00,461
ORD12314,U154,R29,2026-04-17 18:27:00,193
ORD12315,U885,R90,2026-04-17 10:45:00,135
ORD12316,U411,R176,2026-04-17 13:17:00,485
ORD12317,U387,R179,2026-04-17 10:57:00,532
ORD12318,U961,R60,2026-04-17 19:54:00,223
ORD12319,U768,R186,2026-04-17 15:48:00,190
ORD12320,U349,R176,2026-04-17 10:45:00,704
ORD12321,U139,R157,2026-04-17 13:54:00,442
ORD12322,U618,R33,2026-04-17 11:43:00,648
ORD12323,U230,R138,2026-04-17 17:43:00,296
ORD12324,U452,R156,2026-04-17 12:14:00,296
ORD12325,U770,R4,2026-04-17 16:41:00,278
ORD12326,U829,R161,2026-04-17 10:07:00,139
ORD12327,U680,R130,2026-04-17 17:34:00,508
ORD12328,U440,R85,2026-04-17 19:45:00,466
ORD12329,U786,R105,2026-04-17 19:37:00,366
ORD12330,U981,R34,2026-04-17 11:51:00,580
ORD12331,U963,R175,2026-04-17 13:18:00,405
ORD12332,U447,R71,2026-04-17 15:40:00,600
ORD12333,U956,R91,2026-04-17 14:40:00,676
ORD12334,U496,R15,2026-04-17 13:23:00,526
ORD12335,U844,R66,2026-04-17 16:00:00,375
ORD12336,U862,R104,2026-04-17 13:30:00,229
ORD12337,U832,R197,2026-04-17 14:52:00,575
ORD12338,U316,R143,2026-04-17 14:50:00,530
ORD12339,U893,R51,2026-04-17 16:01:00,749
ORD12340,U81,R123,2026-04-17 16:33:00,486
ORD12341,U437,R48,2026-04-17 10:38:00,571
ORD12342,U742,R41,2026-04-17 14:50:00,269
ORD12343,U478,R34,2026-04-17 12:35:00,746
ORD12344,U954,R81,2026-04-17 10:33:00,655
ORD12345,U666,R46,2026-04-17 10:58:00,603
ORD12346,U781,R81,2026-04-17 10:46:00,494
ORD12347,U3,R18,2026-04-17 10:03:00,420
ORD12348,U217,R72,2026-04-17 15:25:00,549
ORD12349,U598,R177,2026-04-17 13:20:00,484
ORD12350,U611,R180,2026-04-17 10:38:00,456
ORD12351,U548,R132,2026-04-17 14:59:00,556
ORD12352,U647,R61,2026-04-17 17:06:00,530
ORD12353,U188,R113,2026-04-17 16:23:00,230
ORD12354,U796,R63,2026-04-17 13:21:00,482
ORD12355,U737,R188,2026-04-17 19:38:00,320
ORD12356,U780,R51,2026-04-17 10:17:00,607
ORD12357,U772,R122,2026-04-17 10:37:00,733
ORD12358,U267,R73,2026-04-17 16:18:00,330
ORD12359,U375,R61,2026-04-17 12:25:00,287
ORD12360,U318,R12,2026-04-17 14:23:00,734
ORD12361,U563,R85,2026-04-17 17:06:00,286
ORD12362,U771,R107,2026-04-17 13:01:00,280
ORD12363,U389,R106,2026-04-17 14:08:00,103
ORD12364,U492,R106,2026-04-17 19:54:00,704
ORD12365,U407,R6,2026-04-17 13:37:00,670
ORD12366,U277,R24,2026-04-17 15:25:00,639
ORD12367,U168,R79,2026-04-17 12:45:00,325
ORD12368,U625,R172,2026-04-17 19:19:00,129
ORD12369,U910,R115,2026-04-17 16:27:00,117
ORD12370,U344,R88,2026-04-17 10:40:00,100
ORD12371,U377,R90,2026-04-17 11:02:00,121
ORD12372,U188,R181,2026-04-17 12:27:00,607
ORD12373,U61,R170,2026-04-17 14:31:00,537
ORD12374,U781,R125,2026-04-17 18:26:00,373
ORD12375,U738,R9,2026-04-17 18:50:00,397
ORD12376,U579,R58,2026-04-17 17:25:00,388
ORD12377,U566,R158,2026-04-17 19:55:00,374
ORD12378,U131,R188,2026-04-17 10:58:00,182
ORD12379,U802,R65,2026-04-17 13:48:00,474
ORD12380,U588,R192,2026-04-17 13:30:00,683
ORD12381,U51,R114,2026-04-17 18:15:00,487
ORD12382,U286,R59,2026-04-17 12:59:00,318
ORD12383,U567,R56,2026-04-17 15:26:00,185
ORD12384,U39,R96,2026-04-17 12:19:00,388
ORD12385,U220,R110,2026-04-17 12:37:00,269
ORD12386,U558,R86,2026-04-17 17:26:00,266
ORD12387,U786,R129,2026-04-17 12:31:00,375
ORD12388,U206,R80,2026-04-17 13:24:00,620
ORD12389,U226,R18,2026-04-17 14:53:00,774
ORD12390,U176,R180,2026-04-17 13:49:00,618
ORD12391,U688,R102,2026-04-17 18:59:00,567
ORD12392,U607,R154,2026-04-17 17:41:00,219
ORD12393,U691,R18,2026-04-17 16:10:00,134
ORD12394,U243,R160,2026-04-17 14:54:00,253
ORD12395,U594,R200,2026-04-17 18:09:00,123
ORD12396,U704,R52,2026-04-17 17:29:00,617
ORD12397,U90,R151,2026-04-17 14:10:00,797
ORD12398,U704,R186,2026-04-17 14:15:00,790
ORD12399,U674,R84,2026-04-17 18:20:00,745
ORD12400,U154,R57,2026-04-17 19:38:00,150
ORD12401,U926,R39,2026-04-17 18:53:00,529
ORD12402,U206,R59,2026-04-17 11:44:00,743
ORD12403,U371,R50,2026-04-17 10:16:00,425
ORD12404,U775,R148,2026-04-17 17:10:00,223
ORD12405,U942,R107,2026-04-17 10:57:00,116
ORD12406,U306,R98,2026-04-17 15:00:00,181
ORD12407,U26,R59,2026-04-17 19:56:00,674
ORD12408,U765,R143,2026-04-17 11:41:00,582
ORD12409,U154,R56,2026-04-17 16:51:00,298
ORD12410,U230,R59,2026-04-17 10:47:00,434
ORD12411,U480,R104,2026-04-17 16:10:00,439
ORD12412,U283,R103,2026-04-17 16:57:00,263
ORD12413,U325,R56,2026-04-17 17:21:00,742
ORD12414,U717,R190,2026-04-17 10:46:00,432
ORD12415,U881,R178,2026-04-17 16:36:00,580
ORD12416,U814,R41,2026-04-17 17:55:00,553
ORD12417,U959,R80,2026-04-17 10:25:00,243
ORD12418,U903,R160,2026-04-17 16:35:00,746
ORD12419,U211,R16,2026-04-17 13:55:00,292
ORD12420,U521,R90,2026-04-17 18:21:00,764
ORD12421,U266,R153,2026-04-17 12:28:00,275
ORD12422,U942,R137,2026-04-17 18:44:00,656
ORD12423,U810,R168,2026-04-17 10:54:00,250
ORD12424,U24,R123,2026-04-17 11:17:00,448
ORD12425,U181,R60,2026-04-17 10:58:00,361
ORD12426,U65,R177,2026-04-17 10:06:00,557
ORD12427,U733,R25,2026-04-17 12:48:00,697
ORD12428,U536,R91,2026-04-17 11:23:00,718
ORD12429,U285,R97,2026-04-17 12:09:00,187
ORD12430,U642,R94,2026-04-17 15:15:00,191
ORD12431,U28,R14,2026-04-17 14:04:00,552
ORD12432,U655,R3,2026-04-17 16:31:00,634
ORD12433,U904,R162,2026-04-17 18:02:00,218
ORD12434,U933,R132,2026-04-17 15:24:00,449
ORD12435,U492,R190,2026-04-17 19:58:00,596
ORD12436,U341,R109,2026-04-17 15:36:00,617
ORD12437,U811,R16,2026-04-17 13:00:00,679
ORD12438,U290,R152,2026-04-17 11:35:00,626
ORD12439,U751,R149,2026-04-17 14:51:00,540
ORD12440,U613,R199,2026-04-17 11:05:00,238
ORD12441,U222,R26,2026-04-17 17:47:00,396
ORD12442,U286,R25,2026-04-17 12:43:00,340
ORD12443,U735,R12,2026-04-17 19:02:00,129
ORD12444,U67,R90,2026-04-17 15:33:00,352
ORD12445,U358,R47,2026-04-17 14:29:00,174
ORD12446,U993,R46,2026-04-17 17:03:00,117
ORD12447,U447,R25,2026-04-17 16:31:00,324
ORD12448,U735,R52,2026-04-17 14:39:00,233
ORD12449,U210,R8,2026-04-17 11:56:00,719
ORD12450,U866,R138,2026-04-17 13:01:00,192
ORD12451,U915,R100,2026-04-17 14:23:00,670
ORD12452,U622,R193,2026-04-17 19:30:00,142
ORD12453,U978,R193,2026-04-17 16:47:00,158
ORD12454,U61,R105,2026-04-17 13:23:00,454
ORD12455,U598,R116,2026-04-17 18:01:00,292
ORD12456,U881,R185,2026-04-17 19:59:00,629
ORD12457,U603,R186,2026-04-17 17:18:00,513
ORD12458,U625,R197,2026-04-17 16:51:00,547
ORD12459,U936,R125,2026-04-17 12:41:00,479
ORD12460,U100,R113,2026-04-17 19:02:00,735
ORD12461,U495,R83,2026-04-17 16:57:00,208
ORD12462,U559,R34,2026-04-17 10:17:00,169
ORD12463,U725,R164,2026-04-17 11:51:00,673
ORD12464,U438,R61,2026-04-17 13:45:00,531
ORD12465,U377,R187,2026-04-17 14:20:00,733
ORD12466,U753,R69,2026-04-17 13:02:00,684
ORD12467,U74,R64,2026-04-17 13:00:00,139
ORD12468,U372,R8,2026-04-17 11:10:00,320
ORD12469,U699,R82,2026-04-17 13:24:00,761
ORD12470,U157,R54,2026-04-17 18:58:00,472
ORD12471,U836,R11,2026-04-17 14:25:00,358
ORD12472,U396,R106,2026-04-17 15:25:00,633
ORD12473,U998,R38,2026-04-17 13:47:00,470
ORD12474,U457,R113,2026-04-17 16:48:00,545
ORD12475,U684,R80,2026-04-17 10:01:00,449
ORD12476,U319,R24,2026-04-17 18:13:00,450
ORD12477,U580,R12,2026-04-17 10:30:00,613
ORD12478,U193,R131,2026-04-17 17:26:00,407
ORD12479,U679,R105,2026-04-17 16:21:00,156
ORD12480,U590,R38,2026-04-17 11:47:00,575
ORD12481,U765,R118,2026-04-17 17:36:00,387
ORD12482,U173,R151,2026-04-17 14:26:00,116
ORD12483,U830,R127,2026-04-17 19:55:00,300
ORD12484,U467,R21,2026-04-17 12:36:00,702
ORD12485,U254,R174,2026-04-17 18:01:00,765
ORD12486,U518,R70,2026-04-17 16:26:00,328
ORD12487,U470,R7,2026-04-17 15:19:00,579
ORD12488,U525,R106,2026-04-17 17:00:00,693
ORD12489,U699,R45,2026-04-17 11:18:00,390
ORD12490,U37,R186,2026-04-17 16:17:00,586
ORD12491,U686,R138,2026-04-17 16:51:00,455
ORD12492,U521,R161,2026-04-17 14:33:00,128
ORD12493,U77,R97,2026-04-17 12:54:00,480
ORD12494,U822,R37,2026-04-17 10:06:00,684
ORD12495,U452,R123,2026-04-17 14:12:00,301
ORD12496,U436,R48,2026-04-17 17:11:00,656
ORD12497,U208,R72,2026-04-17 15:06:00,293
ORD12498,U214,R106,2026-04-17 17:14:00,600
ORD12499,U952,R104,2026-04-17 13:02:00,265
ORD12500,U578,R92,2026-04-17 18:45:00,316
ORD12501,U524,R69,2026-04-17 19:51:00,759
ORD12502,U208,R37,2026-04-17 13:28:00,153
ORD12503,U549,R197,2026-04-17 18:21:00,443
ORD12504,U588,R124,2026-04-17 10:52:00,577
ORD12505,U548,R153,2026-04-17 12:00:00,612
ORD12506,U556,R104,2026-04-17 15:54:00,154
ORD12507,U988,R184,2026-04-17 14:36:00,433
ORD12508,U971,R147,2026-04-17 19:05:00,622
ORD12509,U505,R165,2026-04-17 17:03:00,162
ORD12510,U706,R40,2026-04-17 17:14:00,259
ORD12511,U526,R99,2026-04-17 18:04:00,619
ORD12512,U568,R125,2026-04-17 13:16:00,348
ORD12513,U152,R136,2026-04-17 10:06:00,659
ORD12514,U985,R101,2026-04-17 16:13:00,332
ORD12515,U713,R106,2026-04-17 17:16:00,381
ORD12516,U273,R172,2026-04-17 18:04:00,225
ORD12517,U118,R35,2026-04-17 12:04:00,623
ORD12518,U539,R9,2026-04-17 19:33:00,545
ORD12519,U5,R87,2026-04-17 17:28:00,436
ORD12520,U121,R117,2026-04-17 18:07:00,688
ORD12521,U172,R159,2026-04-17 11:10:00,579
ORD12522,U924,R131,2026-04-17 10:22:00,620
ORD12523,U886,R44,2026-04-17 18:58:00,446
ORD12524,U599,R144,2026-04-17 13:05:00,303
ORD12525,U423,R2,2026-04-17 18:00:00,130
ORD12526,U485,R55,2026-04-17 14:51:00,354
ORD12527,U613,R65,2026-04-17 12:07:00,777
ORD12528,U678,R97,2026-04-17 19:43:00,630
ORD12529,U336,R25,2026-04-17 12:26:00,315
ORD12530,U142,R76,2026-04-17 12:34:00,385
ORD12531,U131,R41,2026-04-17 19:16:00,779
ORD12532,U956,R36,2026-04-17 11:42:00,436
ORD12533,U552,R131,2026-04-17 18:17:00,469
ORD12534,U64,R145,2026-04-17 18:46:00,659
ORD12535,U856,R15,2026-04-17 16:29:00,538
ORD12536,U831,R83,2026-04-17 17:10:00,191
ORD12537,U669,R8,2026-04-17 16:17:00,529
ORD12538,U489,R103,2026-04-17 18:15:00,234
ORD12539,U802,R34,2026-04-17 12:03:00,111
ORD12540,U141,R179,2026-04-17 18:37:00,653
ORD12541,U608,R178,2026-04-17 15:36:00,487
ORD12542,U476,R9,2026-04-17 12:53:00,612
ORD12543,U690,R16,2026-04-17 10:08:00,206
ORD12544,U992,R147,2026-04-17 15:37:00,211
ORD12545,U551,R169,2026-04-17 17:17:00,682
ORD12546,U655,R37,2026-04-17 15:40:00,637
ORD12547,U689,R152,2026-04-17 17:03:00,330
ORD12548,U289,R166,2026-04-17 11:26:00,716
ORD12549,U177,R145,2026-04-17 11:02:00,735
ORD12550,U714,R185,2026-04-17 19:52:00,238
ORD12551,U846,R106,2026-04-17 12:57:00,698
ORD12552,U677,R166,2026-04-17 17:21:00,191
ORD12553,U173,R168,2026-04-17 12:19:00,773
ORD12554,U960,R182,2026-04-17 16:25:00,483
ORD12555,U957,R128,2026-04-17 18:37:00,495
ORD12556,U203,R128,2026-04-17 16:51:00,485
ORD12557,U943,R55,2026-04-17 10:21:00,113
ORD12558,U586,R111,2026-04-17 19:50:00,573
ORD12559,U855,R110,2026-04-17 10:29:00,482
ORD12560,U670,R171,2026-04-17 14:35:00,109
ORD12561,U209,R21,2026-04-17 18:04:00,710
ORD12562,U635,R134,2026-04-17 11:46:00,371
ORD12563,U450,R41,2026-04-17 18:23:00,491
ORD12564,U350,R54,2026-04-17 17:13:00,741
ORD12565,U440,R10,2026-04-17 14:02:00,391
ORD12566,U751,R115,2026-04-17 16:01:00,697
ORD12567,U559,R166,2026-04-17 10:29:00,561
ORD12568,U857,R183,2026-04-17 18:06:00,150
ORD12569,U195,R145,2026-04-17 14:27:00,365
ORD12570,U837,R146,2026-04-17 15:27:00,304
ORD12571,U608,R196,2026-04-17 17:28:00,735
ORD12572,U775,R119,2026-04-17 17:05:00,765
ORD12573,U793,R64,2026-04-17 16:49:00,300
ORD12574,U385,R161,2026-04-17 13:22:00,559
ORD12575,U895,R57,2026-04-17 11:41:00,442
ORD12576,U957,R14,2026-04-17 15:28:00,154
ORD12577,U159,R114,2026-04-17 16:05:00,406
ORD12578,U698,R6,2026-04-17 19:08:00,460
ORD12579,U825,R120,2026-04-17 10:40:00,664
ORD12580,U380,R11,2026-04-17 14:23:00,694
ORD12581,U324,R137,2026-04-17 18:53:00,769
ORD12582,U410,R166,2026-04-17 11:47:00,692
ORD12583,U234,R135,2026-04-17 10:58:00,159
ORD12584,U560,R73,2026-04-17 14:38:00,244
ORD12585,U133,R136,2026-04-17 16:39:00,792
ORD12586,U619,R99,2026-04-17 12:47:00,474
ORD12587,U301,R41,2026-04-17 12:13:00,739
ORD12588,U623,R136,2026-04-17 11:57:00,277
ORD12589,U956,R4,2026-04-17 19:12:00,452
ORD12590,U872,R105,2026-04-17 14:18:00,593
ORD12591,U829,R192,2026-04-17 19:52:00,446
ORD12592,U389,R174,2026-04-17 16:08:00,227
ORD12593,U734,R188,2026-04-17 18:03:00,515
ORD12594,U89,R165,2026-04-17 15:39:00,784
ORD12595,U39,R58,2026-04-17 18:39:00,143
ORD12596,U49,R69,2026-04-17 12:06:00,321
ORD12597,U734,R169,2026-04-17 18:19:00,779
ORD12598,U724,R66,2026-04-17 12:02:00,432
ORD12599,U222,R4,2026-04-17 13:14:00,608
ORD12600,U710,R17,2026-04-17 13:37:00,723
ORD12601,U202,R24,2026-04-17 18:02:00,305
ORD12602,U469,R46,2026-04-17 19:20:00,624
ORD12603,U420,R178,2026-04-17 12:25:00,759
ORD12604,U466,R181,2026-04-17 16:23:00,787
ORD12605,U697,R197,2026-04-17 14:07:00,434
ORD12606,U713,R53,2026-04-17 10:55:00,783
ORD12607,U901,R157,2026-04-17 11:59:00,173
ORD12608,U441,R64,2026-04-17 19:34:00,695
ORD12609,U406,R90,2026-04-17 12:25:00,556
ORD12610,U52,R153,2026-04-17 18:15:00,338
ORD12611,U342,R108,2026-04-17 19:06:00,764
ORD12612,U609,R82,2026-04-17 11:00:00,420
ORD12613,U85,R145,2026-04-17 18:14:00,580
ORD12614,U552,R197,2026-04-17 16:14:00,208
ORD12615,U564,R179,2026-04-17 11:20:00,423
ORD12616,U104,R119,2026-04-17 11:31:00,537
ORD12617,U39,R15,2026-04-17 11:07:00,522
ORD12618,U960,R17,2026-04-17 11:05:00,353
ORD12619,U640,R6,2026-04-17 12:16:00,597
ORD12620,U593,R130,2026-04-17 18:16:00,733
ORD12621,U376,R46,2026-04-17 13:17:00,766
ORD12622,U840,R154,2026-04-17 19:03:00,720
ORD12623,U395,R158,2026-04-17 19:05:00,800
ORD12624,U29,R99,2026-04-17 10:09:00,287
ORD12625,U504,R59,2026-04-17 15:28:00,769
ORD12626,U272,R112,2026-04-17 14:18:00,301
ORD12627,U373,R32,2026-04-17 12:01:00,797
ORD12628,U707,R50,2026-04-17 17:11:00,287
ORD12629,U36,R39,2026-04-17 12:29:00,793
ORD12630,U678,R130,2026-04-17 19:05:00,705
ORD12631,U41,R73,2026-04-17 17:33:00,585
ORD12632,U273,R97,2026-04-17 16:55:00,729
ORD12633,U95,R37,2026-04-17 10:49:00,474
ORD12634,U818,R80,2026-04-17 18:53:00,760
ORD12635,U557,R23,2026-04-17 17:02:00,225
ORD12636,U532,R20,2026-04-17 15:18:00,469
ORD12637,U971,R140,2026-04-17 11:45:00,793
ORD12638,U679,R183,2026-04-17 19:32:00,541
ORD12639,U632,R49,2026-04-17 10:49:00,169
ORD12640,U546,R174,2026-04-17 10:19:00,798
ORD12641,U325,R25,2026-04-17 12:55:00,176
ORD12642,U745,R70,2026-04-17 11:17:00,371
ORD12643,U507,R3,2026-04-17 14:18:00,673
ORD12644,U522,R152,2026-04-17 13:19:00,201
ORD12645,U629,R156,2026-04-17 19:21:00,300
ORD12646,U993,R162,2026-04-17 12:00:00,646
ORD12647,U748,R90,2026-04-17 10:36:00,582
ORD12648,U982,R131,2026-04-17 17:07:00,555
ORD12649,U955,R44,2026-04-17 16:37:00,293
ORD12650,U60,R5,2026-04-17 11:53:00,263
ORD12651,U582,R150,2026-04-17 14:56:00,312
ORD12652,U653,R165,2026-04-17 18:57:00,663
ORD12653,U750,R171,2026-04-17 14:54:00,512
ORD12654,U58,R128,2026-04-17 13:59:00,522
ORD12655,U735,R13,2026-04-17 14:45:00,761
ORD12656,U780,R41,2026-04-17 15:14:00,258
ORD12657,U348,R158,2026-04-17 14:36:00,599
ORD12658,U557,R32,2026-04-17 15:39:00,238
ORD12659,U169,R178,2026-04-17 15:04:00,782
ORD12660,U209,R28,2026-04-17 13:55:00,549
ORD12661,U143,R49,2026-04-17 14:03:00,748
ORD12662,U132,R4,2026-04-17 19:19:00,464
ORD12663,U933,R88,2026-04-17 19:37:00,733
ORD12664,U897,R128,2026-04-17 15:16:00,245
ORD12665,U816,R89,2026-04-17 12:41:00,670
ORD12666,U43,R9,2026-04-17 19:12:00,498
ORD12667,U930,R145,2026-04-17 16:33:00,780
ORD12668,U962,R67,2026-04-17 15:43:00,270
ORD12669,U460,R76,2026-04-17 15:44:00,127
ORD12670,U418,R111,2026-04-17 17:13:00,119
ORD12671,U997,R126,2026-04-17 10:48:00,550
ORD12672,U344,R121,2026-04-17 17:01:00,232
ORD12673,U765,R135,2026-04-17 11:06:00,447
ORD12674,U344,R160,2026-04-17 14:27:00,773
ORD12675,U463,R168,2026-04-17 19:36:00,163
ORD12676,U75,R12,2026-04-17 16:04:00,632
ORD12677,U2,R144,2026-04-17 15:39:00,721
ORD12678,U678,R159,2026-04-17 15:41:00,369
ORD12679,U985,R142,2026-04-17 10:17:00,401
ORD12680,U882,R60,2026-04-17 18:51:00,632
ORD12681,U740,R119,2026-04-17 15:14:00,270
ORD12682,U225,R16,2026-04-17 18:18:00,215
ORD12683,U68,R154,2026-04-17 17:21:00,718
ORD12684,U652,R179,2026-04-17 18:25:00,643
ORD12685,U849,R102,2026-04-17 13:39:00,478
ORD12686,U373,R176,2026-04-17 10:20:00,602
ORD12687,U92,R66,2026-04-17 15:16:00,495
ORD12688,U799,R115,2026-04-17 17:42:00,366
ORD12689,U810,R80,2026-04-17 15:17:00,360
ORD12690,U367,R41,2026-04-17 19:46:00,499
ORD12691,U496,R182,2026-04-17 10:38:00,722
ORD12692,U601,R46,2026-04-17 17:17:00,657
ORD12693,U952,R78,2026-04-17 13:14:00,543
ORD12694,U489,R107,2026-04-17 11:50:00,656
ORD12695,U181,R2,2026-04-17 18:08:00,586
ORD12696,U94,R167,2026-04-17 16:54:00,624
ORD12697,U372,R167,2026-04-17 16:47:00,491
ORD12698,U184,R93,2026-04-17 15:45:00,180
ORD12699,U628,R8,2026-04-17 13:52:00,475
ORD12700,U188,R162,2026-04-17 10:52:00,685
ORD12701,U961,R183,2026-04-17 14:28:00,475
ORD12702,U602,R119,2026-04-17 19:14:00,465
ORD12703,U217,R159,2026-04-17 12:28:00,173
ORD12704,U122,R90,2026-04-17 16:54:00,513
ORD12705,U174,R132,2026-04-17 16:58:00,236
ORD12706,U364,R39,2026-04-17 18:08:00,206
ORD12707,U603,R38,2026-04-17 13:09:00,393
ORD12708,U760,R118,2026-04-17 10:08:00,744
ORD12709,U966,R158,2026-04-17 17:43:00,140
ORD12710,U397,R141,2026-04-17 15:13:00,200
ORD12711,U389,R46,2026-04-17 15:12:00,215
ORD12712,U111,R138,2026-04-17 10:56:00,681
ORD12713,U454,R126,2026-04-17 10:11:00,797
ORD12714,U393,R106,2026-04-17 13:25:00,594
ORD12715,U911,R186,2026-04-17 10:57:00,601
ORD12716,U623,R198,2026-04-17 15:04:00,470
ORD12717,U304,R82,2026-04-17 18:10:00,622
ORD12718,U253,R29,2026-04-17 17:42:00,494
ORD12719,U780,R15,2026-04-17 13:49:00,289
ORD12720,U640,R102,2026-04-17 15:52:00,313
ORD12721,U316,R171,2026-04-17 11:20:00,429
ORD12722,U438,R149,2026-04-17 11:44:00,525
ORD12723,U954,R199,2026-04-17 18:07:00,685
ORD12724,U194,R145,2026-04-17 17:53:00,190
ORD12725,U936,R188,2026-04-17 15:11:00,633
ORD12726,U682,R89,2026-04-17 14:42:00,612
ORD12727,U142,R35,2026-04-17 14:50:00,627
ORD12728,U502,R83,2026-04-17 13:49:00,622
ORD12729,U188,R31,2026-04-17 11:18:00,349
ORD12730,U928,R96,2026-04-17 16:39:00,596
ORD12731,U281,R41,2026-04-17 17:11:00,283
ORD12732,U842,R165,2026-04-17 17:15:00,228
ORD12733,U197,R2,2026-04-17 12:40:00,447
ORD12734,U425,R169,2026-04-17 13:45:00,369
ORD12735,U247,R142,2026-04-17 15:57:00,606
ORD12736,U34,R200,2026-04-17 15:02:00,442
ORD12737,U883,R135,2026-04-17 12:37:00,132
ORD12738,U424,R37,2026-04-17 14:01:00,345
ORD12739,U210,R166,2026-04-17 17:50:00,626
ORD12740,U540,R68,2026-04-17 13:09:00,645
ORD12741,U982,R114,2026-04-17 18:47:00,116
ORD12742,U430,R67,2026-04-17 15:51:00,749
ORD12743,U521,R72,2026-04-17 12:22:00,743
ORD12744,U5,R14,2026-04-17 14:45:00,534
ORD12745,U336,R93,2026-04-17 14:41:00,507
ORD12746,U469,R185,2026-04-17 16:18:00,189
ORD12747,U614,R170,2026-04-17 17:41:00,787
ORD12748,U857,R11,2026-04-17 19:07:00,528
ORD12749,U335,R59,2026-04-17 10:24:00,554
ORD12750,U146,R143,2026-04-17 19:26:00,771
ORD12751,U504,R163,2026-04-17 17:23:00,301
ORD12752,U982,R64,2026-04-17 13:29:00,478
ORD12753,U972,R171,2026-04-17 12:50:00,308
ORD12754,U795,R200,2026-04-17 13:38:00,629
ORD12755,U816,R31,2026-04-17 15:38:00,651
ORD12756,U640,R198,2026-04-17 15:33:00,306
ORD12757,U187,R61,2026-04-17 11:03:00,235
ORD12758,U140,R52,2026-04-17 15:38:00,104
ORD12759,U827,R62,2026-04-17 19:46:00,615
ORD12760,U870,R196,2026-04-17 19:16:00,493
ORD12761,U527,R16,2026-04-17 19:22:00,390
ORD12762,U152,R69,2026-04-17 11:07:00,348
ORD12763,U658,R25,2026-04-17 18:46:00,391
ORD12764,U846,R134,2026-04-17 11:03:00,301
ORD12765,U295,R109,2026-04-17 10:51:00,608
ORD12766,U126,R87,2026-04-17 12:28:00,416
ORD12767,U276,R155,2026-04-17 14:22:00,402
ORD12768,U682,R119,2026-04-17 11:32:00,522
ORD12769,U612,R191,2026-04-17 17:22:00,414
ORD12770,U254,R103,2026-04-17 18:00:00,753
ORD12771,U18,R101,2026-04-17 15:03:00,434
ORD12772,U659,R196,2026-04-17 16:24:00,407
ORD12773,U243,R35,2026-04-17 10:29:00,492
ORD12774,U177,R174,2026-04-17 13:25:00,680
ORD12775,U477,R96,2026-04-17 15:12:00,106
ORD12776,U347,R103,2026-04-17 13:16:00,167
ORD12777,U394,R75,2026-04-17 18:41:00,223
ORD12778,U62,R40,2026-04-17 19:11:00,350
ORD12779,U165,R184,2026-04-17 16:30:00,301
ORD12780,U922,R127,2026-04-17 16:02:00,724
ORD12781,U357,R12,2026-04-17 19:20:00,784
ORD12782,U29,R179,2026-04-17 10:22:00,616
ORD12783,U141,R149,2026-04-17 13:55:00,395
ORD12784,U562,R48,2026-04-17 11:33:00,244
ORD12785,U962,R27,2026-04-17 19:54:00,468
ORD12786,U256,R131,2026-04-17 17:11:00,594
ORD12787,U905,R194,2026-04-17 18:57:00,694
ORD12788,U731,R145,2026-04-17 17:35:00,569
ORD12789,U899,R158,2026-04-17 13:24:00,448
ORD12790,U378,R67,2026-04-17 15:05:00,227
ORD12791,U122,R111,2026-04-17 15:55:00,497
ORD12792,U959,R160,2026-04-17 15:24:00,143
ORD12793,U320,R79,2026-04-17 18:42:00,599
ORD12794,U867,R185,2026-04-17 14:22:00,779
ORD12795,U81,R164,2026-04-17 17:11:00,165
ORD12796,U429,R190,2026-04-17 18:01:00,574
ORD12797,U479,R138,2026-04-17 19:27:00,742
ORD12798,U17,R122,2026-04-17 10:49:00,549
ORD12799,U839,R46,2026-04-17 11:08:00,218
ORD12800,U923,R50,2026-04-17 16:18:00,307
ORD12801,U144,R139,2026-04-17 14:13:00,363
ORD12802,U170,R116,2026-04-17 18:19:00,211
ORD12803,U991,R180,2026-04-17 15:52:00,161
ORD12804,U667,R165,2026-04-17 12:18:00,471
ORD12805,U739,R109,2026-04-17 10:59:00,672
ORD12806,U525,R29,2026-04-17 16:50:00,785
ORD12807,U923,R26,2026-04-17 17:10:00,517
ORD12808,U950,R49,2026-04-17 12:55:00,285
ORD12809,U126,R196,2026-04-17 10:38:00,393
ORD12810,U837,R161,2026-04-17 10:57:00,189
ORD12811,U737,R124,2026-04-17 15:08:00,498
ORD12812,U851,R195,2026-04-17 19:11:00,406
ORD12813,U333,R37,2026-04-17 11:43:00,669
ORD12814,U646,R121,2026-04-17 19:08:00,157
ORD12815,U29,R120,2026-04-17 11:20:00,125
ORD12816,U244,R87,2026-04-17 14:42:00,347
ORD12817,U532,R123,2026-04-17 19:32:00,509
ORD12818,U439,R170,2026-04-17 11:30:00,529
ORD12819,U164,R38,2026-04-17 13:09:00,623
ORD12820,U597,R55,2026-04-17 10:41:00,748
ORD12821,U638,R145,2026-04-17 10:16:00,272
ORD12822,U896,R146,2026-04-17 13:54:00,562
ORD12823,U158,R129,2026-04-17 19:48:00,222
ORD12824,U470,R92,2026-04-17 11:31:00,237
ORD12825,U542,R162,2026-04-17 16:07:00,579
ORD12826,U164,R53,2026-04-17 10:20:00,264
ORD12827,U224,R155,2026-04-17 12:34:00,653
ORD12828,U942,R24,2026-04-17 18:59:00,126
ORD12829,U910,R13,2026-04-17 10:44:00,628
ORD12830,U237,R45,2026-04-17 12:52:00,310
ORD12831,U256,R108,2026-04-17 19:41:00,551
ORD12832,U539,R12,2026-04-17 17:26:00,100
ORD12833,U132,R197,2026-04-17 18:19:00,671
ORD12834,U491,R43,2026-04-17 18:05:00,469
ORD12835,U217,R13,2026-04-17 19:14:00,577
ORD12836,U456,R50,2026-04-17 11:35:00,661
ORD12837,U932,R153,2026-04-17 15:38:00,160
ORD12838,U913,R14,2026-04-17 17:04:00,521
ORD12839,U711,R121,2026-04-17 13:57:00,632
ORD12840,U652,R195,2026-04-17 18:43:00,441
ORD12841,U372,R117,2026-04-17 12:36:00,619
ORD12842,U261,R57,2026-04-17 12:43:00,116
ORD12843,U539,R36,2026-04-17 13:07:00,266
ORD12844,U959,R6,2026-04-17 19:38:00,799
ORD12845,U194,R105,2026-04-17 10:49:00,436
ORD12846,U576,R51,2026-04-17 11:50:00,349
ORD12847,U100,R92,2026-04-17 17:16:00,692
ORD12848,U336,R131,2026-04-17 12:53:00,605
ORD12849,U751,R61,2026-04-17 11:09:00,608
ORD12850,U924,R15,2026-04-17 11:23:00,105
ORD12851,U44,R112,2026-04-17 18:35:00,141
ORD12852,U79,R157,2026-04-17 13:28:00,696
ORD12853,U256,R144,2026-04-17 12:07:00,163
ORD12854,U197,R1,2026-04-17 12:00:00,511
ORD12855,U345,R41,2026-04-17 18:59:00,716
ORD12856,U132,R125,2026-04-17 12:33:00,276
ORD12857,U765,R170,2026-04-17 10:22:00,445
ORD12858,U3,R17,2026-04-17 19:42:00,519
ORD12859,U974,R131,2026-04-17 19:49:00,302
ORD12860,U207,R192,2026-04-17 17:54:00,396
ORD12861,U692,R20,2026-04-17 14:43:00,172
ORD12862,U67,R7,2026-04-17 18:12:00,756
ORD12863,U94,R72,2026-04-17 10:07:00,197
ORD12864,U752,R56,2026-04-17 14:37:00,632
ORD12865,U536,R156,2026-04-17 11:50:00,440
ORD12866,U607,R1,2026-04-17 12:33:00,678
ORD12867,U592,R6,2026-04-17 19:53:00,159
ORD12868,U554,R30,2026-04-17 16:50:00,713
ORD12869,U321,R171,2026-04-17 18:38:00,697
ORD12870,U20,R172,2026-04-17 10:07:00,736
ORD12871,U751,R135,2026-04-17 10:01:00,794
ORD12872,U157,R61,2026-04-17 18:28:00,193
ORD12873,U886,R185,2026-04-17 14:25:00,226
ORD12874,U814,R100,2026-04-17 15:54:00,566
ORD12875,U948,R133,2026-04-17 13:55:00,262
ORD12876,U394,R60,2026-04-17 13:13:00,779
ORD12877,U41,R143,2026-04-17 11:21:00,642
ORD12878,U381,R175,2026-04-17 16:06:00,655
ORD12879,U687,R4,2026-04-17 15:13:00,222
ORD12880,U24,R172,2026-04-17 11:55:00,646
ORD12881,U489,R32,2026-04-17 11:00:00,249
ORD12882,U305,R63,2026-04-17 14:20:00,104
ORD12883,U746,R114,2026-04-17 14:12:00,262
ORD12884,U943,R132,2026-04-17 18:07:00,729
ORD12885,U950,R20,2026-04-17 11:51:00,597
ORD12886,U857,R180,2026-04-17 18:26:00,540
ORD12887,U31,R26,2026-04-17 16:04:00,446
ORD12888,U410,R83,2026-04-17 19:26:00,549
ORD12889,U265,R40,2026-04-17 16:47:00,554
ORD12890,U652,R41,2026-04-17 10:43:00,235
ORD12891,U129,R25,2026-04-17 11:13:00,219
ORD12892,U31,R19,2026-04-17 14:32:00,494
ORD12893,U785,R157,2026-04-17 16:59:00,419
ORD12894,U501,R20,2026-04-17 14:20:00,669
ORD12895,U564,R20,2026-04-17 13:11:00,157
ORD12896,U289,R174,2026-04-17 17:34:00,412
ORD12897,U494,R116,2026-04-17 18:03:00,248
ORD12898,U573,R162,2026-04-17 10:26:00,307
ORD12899,U521,R188,2026-04-17 15:23:00,369
ORD12900,U654,R107,2026-04-17 14:10:00,390
ORD12901,U285,R106,2026-04-17 12:15:00,764
ORD12902,U878,R185,2026-04-17 11:12:00,728
ORD12903,U573,R61,2026-04-17 17:30:00,455
ORD12904,U825,R85,2026-04-17 17:35:00,470
ORD12905,U435,R173,2026-04-17 15:08:00,475
ORD12906,U183,R27,2026-04-17 15:38:00,704
ORD12907,U669,R94,2026-04-17 13:10:00,744
ORD12908,U13,R95,2026-04-17 10:58:00,277
ORD12909,U538,R151,2026-04-17 14:00:00,592
ORD12910,U952,R153,2026-04-17 11:48:00,183
ORD12911,U933,R104,2026-04-17 19:55:00,798
ORD12912,U918,R35,2026-04-17 16:28:00,409
ORD12913,U611,R87,2026-04-17 14:45:00,765
ORD12914,U878,R25,2026-04-17 19:15:00,204
ORD12915,U184,R191,2026-04-17 18:05:00,710
ORD12916,U411,R127,2026-04-17 18:14:00,447
ORD12917,U615,R121,2026-04-17 17:56:00,740
ORD12918,U620,R109,2026-04-17 12:21:00,742
ORD12919,U290,R66,2026-04-17 12:59:00,618
ORD12920,U903,R135,2026-04-17 18:31:00,471
ORD12921,U589,R17,2026-04-17 10:48:00,128
ORD12922,U850,R190,2026-04-17 18:28:00,420
ORD12923,U823,R45,2026-04-17 16:04:00,366
ORD12924,U595,R34,2026-04-17 16:29:00,579
ORD12925,U43,R30,2026-04-17 19:11:00,770
ORD12926,U688,R83,2026-04-17 14:05:00,251
ORD12927,U318,R59,2026-04-17 17:47:00,450
ORD12928,U973,R22,2026-04-17 15:19:00,209
ORD12929,U302,R13,2026-04-17 17:19:00,515
ORD12930,U281,R106,2026-04-17 12:56:00,645
ORD12931,U659,R12,2026-04-17 14:51:00,316
ORD12932,U911,R140,2026-04-17 16:32:00,451
ORD12933,U292,R200,2026-04-17 13:05:00,261
ORD12934,U636,R200,2026-04-17 11:34:00,774
ORD12935,U890,R65,2026-04-17 17:34:00,713
ORD12936,U603,R23,2026-04-17 11:47:00,371
ORD12937,U439,R90,2026-04-17 12:46:00,760
ORD12938,U349,R148,2026-04-17 17:57:00,325
ORD12939,U456,R121,2026-04-17 12:20:00,354
ORD12940,U124,R42,2026-04-17 10:06:00,416
ORD12941,U901,R82,2026-04-17 15:30:00,108
ORD12942,U256,R44,2026-04-17 14:56:00,616
ORD12943,U866,R82,2026-04-17 16:16:00,320
ORD12944,U929,R92,2026-04-17 11:37:00,662
ORD12945,U7,R45,2026-04-17 10:04:00,520
ORD12946,U758,R31,2026-04-17 15:44:00,486
ORD12947,U437,R52,2026-04-17 19:45:00,262
ORD12948,U425,R62,2026-04-17 13:40:00,404
ORD12949,U533,R69,2026-04-17 17:11:00,118
ORD12950,U664,R38,2026-04-17 11:07:00,363
ORD12951,U799,R196,2026-04-17 10:22:00,488
ORD12952,U740,R80,2026-04-17 18:01:00,243
ORD12953,U340,R20,2026-04-17 18:17:00,109
ORD12954,U972,R101,2026-04-17 17:17:00,654
ORD12955,U739,R103,2026-04-17 18:37:00,518
ORD12956,U884,R162,2026-04-17 15:56:00,612
ORD12957,U523,R160,2026-04-17 13:14:00,792
ORD12958,U559,R66,2026-04-17 14:13:00,263
ORD12959,U674,R14,2026-04-17 18:55:00,114
ORD12960,U360,R164,2026-04-17 17:18:00,732
ORD12961,U256,R39,2026-04-17 11:42:00,717
ORD12962,U251,R74,2026-04-17 12:53:00,224
ORD12963,U894,R154,2026-04-17 10:49:00,613
ORD12964,U281,R138,2026-04-17 15:21:00,104
ORD12965,U876,R121,2026-04-17 12:47:00,745
ORD12966,U759,R140,2026-04-17 13:27:00,277
ORD12967,U439,R162,2026-04-17 11:22:00,159
ORD12968,U704,R86,2026-04-17 17:22:00,635
ORD12969,U99,R138,2026-04-17 12:40:00,236
ORD12970,U162,R141,2026-04-17 19:00:00,141
ORD12971,U79,R56,2026-04-17 14:23:00,318
ORD12972,U744,R35,2026-04-17 13:25:00,764
ORD12973,U108,R93,2026-04-17 19:01:00,702
ORD12974,U3,R61,2026-04-17 16:15:00,210
ORD12975,U6,R171,2026-04-17 16:00:00,200
ORD12976,U286,R95,2026-04-17 16:41:00,697
ORD12977,U747,R147,2026-04-17 14:09:00,755
ORD12978,U908,R35,2026-04-17 18:29:00,139
ORD12979,U161,R19,2026-04-17 13:44:00,580
ORD12980,U8,R11,2026-04-17 13:26:00,346
ORD12981,U464,R110,2026-04-17 17:21:00,135
ORD12982,U928,R28,2026-04-17 14:54:00,415
ORD12983,U852,R103,2026-04-17 17:09:00,215
ORD12984,U953,R4,2026-04-17 14:25:00,640
ORD12985,U797,R54,2026-04-17 19:13:00,490
ORD12986,U318,R111,2026-04-17 13:13:00,378
ORD12987,U372,R171,2026-04-17 19:49:00,326
ORD12988,U713,R121,2026-04-17 10:45:00,393
ORD12989,U940,R61,2026-04-17 13:38:00,154
ORD12990,U378,R149,2026-04-17 16:25:00,384
ORD12991,U23,R159,2026-04-17 10:36:00,362
ORD12992,U795,R17,2026-04-17 11:57:00,633
ORD12993,U85,R31,2026-04-17 10:22:00,303
ORD12994,U123,R80,2026-04-17 13:14:00,164
ORD12995,U337,R46,2026-04-17 12:25:00,767
ORD12996,U447,R69,2026-04-17 18:11:00,342
ORD12997,U696,R199,2026-04-17 17:26:00,660
ORD12998,U664,R195,2026-04-17 16:52:00,417
ORD12999,U753,R71,2026-04-17 17:24:00,517
ORD13000,U485,R52,2026-04-17 18:59:00,179
ORD13001,U299,R122,2026-04-17 16:26:00,692
ORD13002,U44,R29,2026-04-17 14:01:00,654
ORD13003,U436,R41,2026-04-17 17:42:00,264
ORD13004,U506,R43,2026-04-17 13:22:00,775
ORD13005,U255,R174,2026-04-17 12:20:00,727
ORD13006,U782,R10,2026-04-17 14:05:00,457
ORD13007,U550,R164,2026-04-17 12:40:00,253
ORD13008,U135,R132,2026-04-17 19:51:00,584
ORD13009,U451,R102,2026-04-17 13:10:00,568
ORD13010,U218,R56,2026-04-17 15:12:00,160
ORD13011,U832,R79,2026-04-17 14:49:00,248
ORD13012,U961,R145,2026-04-17 17:08:00,121
ORD13013,U159,R75,2026-04-17 19:49:00,209
ORD13014,U850,R21,2026-04-17 10:54:00,424
ORD13015,U688,R52,2026-04-17 13:10:00,701
ORD13016,U32,R30,2026-04-17 19:35:00,710
ORD13017,U868,R103,2026-04-17 19:13:00,500
ORD13018,U467,R70,2026-04-17 17:04:00,558
ORD13019,U958,R72,2026-04-17 13:54:00,559
ORD13020,U534,R183,2026-04-17 19:38:00,400
ORD13021,U129,R149,2026-04-17 17:18:00,710
ORD13022,U387,R133,2026-04-17 15:09:00,548
ORD13023,U180,R53,2026-04-17 10:31:00,777
ORD13024,U346,R34,2026-04-17 15:45:00,778
ORD13025,U77,R61,2026-04-17 11:28:00,635
ORD13026,U794,R62,2026-04-17 16:52:00,532
ORD13027,U276,R75,2026-04-17 12:00:00,516
ORD13028,U731,R4,2026-04-17 14:42:00,517
ORD13029,U538,R139,2026-04-17 10:19:00,412
ORD13030,U987,R164,2026-04-17 13:42:00,410
ORD13031,U380,R119,2026-04-17 15:29:00,296
ORD13032,U480,R103,2026-04-17 12:32:00,781
ORD13033,U949,R119,2026-04-17 15:22:00,518
ORD13034,U311,R181,2026-04-17 15:25:00,111
ORD13035,U873,R108,2026-04-17 16:52:00,725
ORD13036,U277,R128,2026-04-17 13:52:00,518
ORD13037,U905,R32,2026-04-17 11:28:00,657
ORD13038,U746,R61,2026-04-17 16:11:00,631
ORD13039,U715,R57,2026-04-17 12:05:00,771
ORD13040,U400,R60,2026-04-17 12:02:00,351
ORD13041,U718,R52,2026-04-17 19:54:00,542
ORD13042,U26,R72,2026-04-17 18:31:00,251
ORD13043,U780,R106,2026-04-17 16:03:00,340
ORD13044,U594,R52,2026-04-17 15:36:00,692
ORD13045,U648,R176,2026-04-17 17:17:00,759
ORD13046,U975,R114,2026-04-17 14:18:00,736
ORD13047,U201,R30,2026-04-17 11:28:00,105
ORD13048,U684,R123,2026-04-17 11:21:00,365
ORD13049,U268,R80,2026-04-17 18:19:00,443
ORD13050,U304,R85,2026-04-17 18:36:00,623
ORD13051,U858,R43,2026-04-17 18:47:00,410
ORD13052,U972,R171,2026-04-17 18:51:00,503
ORD13053,U546,R74,2026-04-17 14:06:00,373
ORD13054,U414,R127,2026-04-17 18:14:00,751
ORD13055,U113,R35,2026-04-17 12:14:00,548
ORD13056,U587,R54,2026-04-17 19:45:00,643
ORD13057,U62,R79,2026-04-17 17:32:00,206
ORD13058,U930,R164,2026-04-17 19:01:00,402
ORD13059,U147,R23,2026-04-17 16:38:00,551
ORD13060,U881,R14,2026-04-17 11:15:00,618
ORD13061,U488,R34,2026-04-17 19:53:00,560
ORD13062,U692,R125,2026-04-17 14:01:00,166
ORD13063,U372,R160,2026-04-17 15:36:00,581
ORD13064,U761,R109,2026-04-17 16:23:00,665
ORD13065,U845,R122,2026-04-17 19:15:00,496
ORD13066,U604,R193,2026-04-17 15:12:00,284
ORD13067,U37,R93,2026-04-17 18:47:00,523
ORD13068,U671,R122,2026-04-17 17:11:00,521
ORD13069,U114,R102,2026-04-17 16:26:00,233
ORD13070,U925,R64,2026-04-17 19:56:00,696
ORD13071,U124,R117,2026-04-17 10:11:00,675
ORD13072,U194,R9,2026-04-17 13:57:00,716
ORD13073,U315,R197,2026-04-17 14:24:00,607
ORD13074,U410,R91,2026-04-17 16:13:00,136
ORD13075,U138,R146,2026-04-17 10:03:00,278
ORD13076,U824,R177,2026-04-17 15:29:00,495
ORD13077,U985,R143,2026-04-17 17:24:00,672
ORD13078,U789,R160,2026-04-17 10:31:00,356
ORD13079,U306,R115,2026-04-17 10:30:00,185
ORD13080,U877,R98,2026-04-17 17:16:00,466
ORD13081,U197,R17,2026-04-17 14:42:00,374
ORD13082,U538,R79,2026-04-17 14:09:00,676
ORD13083,U42,R88,2026-04-17 17:33:00,384
ORD13084,U206,R185,2026-04-17 12:45:00,505
ORD13085,U163,R109,2026-04-17 18:42:00,594
ORD13086,U909,R186,2026-04-17 14:46:00,670
ORD13087,U429,R96,2026-04-17 17:01:00,279
ORD13088,U415,R31,2026-04-17 15:28:00,279
ORD13089,U589,R122,2026-04-17 10:34:00,113
ORD13090,U598,R125,2026-04-17 18:25:00,353
ORD13091,U697,R58,2026-04-17 13:29:00,291
ORD13092,U89,R86,2026-04-17 19:19:00,396
ORD13093,U833,R126,2026-04-17 17:37:00,749
ORD13094,U731,R50,2026-04-17 12:38:00,162
ORD13095,U43,R171,2026-04-17 19:16:00,428
ORD13096,U760,R145,2026-04-17 12:48:00,388
ORD13097,U991,R116,2026-04-17 17:55:00,612
ORD13098,U559,R23,2026-04-17 18:51:00,185
ORD13099,U761,R78,2026-04-17 13:30:00,653
ORD13100,U509,R37,2026-04-17 16:22:00,173
ORD13101,U857,R64,2026-04-17 10:14:00,559
ORD13102,U886,R79,2026-04-17 13:52:00,748
ORD13103,U247,R64,2026-04-17 17:33:00,314
ORD13104,U326,R167,2026-04-17 13:12:00,387
ORD13105,U507,R187,2026-04-17 16:40:00,553
ORD13106,U324,R100,2026-04-17 17:02:00,698
ORD13107,U967,R107,2026-04-17 14:04:00,439
ORD13108,U349,R81,2026-04-17 11:39:00,530
ORD13109,U266,R138,2026-04-17 11:17:00,352
ORD13110,U849,R138,2026-04-17 16:51:00,119
ORD13111,U925,R90,2026-04-17 18:58:00,526
ORD13112,U890,R138,2026-04-17 19:29:00,123
ORD13113,U602,R121,2026-04-17 14:06:00,304
ORD13114,U147,R9,2026-04-17 16:24:00,491
ORD13115,U995,R173,2026-04-17 18:34:00,428
ORD13116,U722,R166,2026-04-17 10:18:00,511
ORD13117,U75,R3,2026-04-17 11:52:00,212
ORD13118,U887,R8,2026-04-17 14:36:00,239
ORD13119,U230,R76,2026-04-17 12:20:00,193
ORD13120,U267,R115,2026-04-17 14:36:00,217
ORD13121,U142,R60,2026-04-17 10:09:00,667
ORD13122,U265,R158,2026-04-17 15:34:00,133
ORD13123,U495,R153,2026-04-17 18:24:00,148
ORD13124,U84,R25,2026-04-17 18:14:00,356
ORD13125,U462,R102,2026-04-17 17:33:00,296
ORD13126,U410,R112,2026-04-17 19:28:00,608
ORD13127,U135,R56,2026-04-17 12:49:00,672
ORD13128,U752,R130,2026-04-17 16:46:00,719
ORD13129,U979,R26,2026-04-17 10:56:00,496
ORD13130,U598,R112,2026-04-17 14:00:00,355
ORD13131,U180,R156,2026-04-17 18:24:00,541
ORD13132,U872,R154,2026-04-17 13:11:00,722
ORD13133,U127,R161,2026-04-17 14:24:00,238
ORD13134,U798,R119,2026-04-17 18:47:00,690
ORD13135,U870,R137,2026-04-17 12:18:00,370
ORD13136,U812,R64,2026-04-17 15:30:00,755
ORD13137,U146,R82,2026-04-17 11:40:00,684
ORD13138,U337,R141,2026-04-17 19:22:00,249
ORD13139,U447,R88,2026-04-17 20:00:00,733
ORD13140,U358,R145,2026-04-17 14:20:00,422
ORD13141,U515,R198,2026-04-17 13:07:00,526
ORD13142,U719,R78,2026-04-17 12:26:00,623
ORD13143,U80,R115,2026-04-17 19:12:00,527
ORD13144,U650,R37,2026-04-17 11:04:00,396
ORD13145,U868,R189,2026-04-17 12:04:00,157
ORD13146,U311,R129,2026-04-17 16:00:00,484
ORD13147,U587,R28,2026-04-17 17:11:00,284
ORD13148,U697,R19,2026-04-17 13:23:00,205
ORD13149,U648,R11,2026-04-17 17:15:00,560
ORD13150,U372,R42,2026-04-17 17:05:00,651
ORD13151,U541,R142,2026-04-17 17:39:00,215
ORD13152,U411,R158,2026-04-17 15:16:00,386
ORD13153,U810,R195,2026-04-17 18:20:00,698
ORD13154,U874,R141,2026-04-17 12:34:00,359
ORD13155,U232,R19,2026-04-17 13:07:00,279
ORD13156,U175,R116,2026-04-17 10:56:00,316
ORD13157,U616,R195,2026-04-17 19:26:00,632
ORD13158,U35,R37,2026-04-17 11:55:00,396
ORD13159,U411,R21,2026-04-17 14:33:00,277
ORD13160,U408,R193,2026-04-17 11:20:00,695
ORD13161,U226,R37,2026-04-17 17:57:00,110
ORD13162,U759,R27,2026-04-17 16:56:00,406
ORD13163,U102,R176,2026-04-17 12:34:00,623
ORD13164,U601,R114,2026-04-17 16:53:00,319
ORD13165,U532,R88,2026-04-17 15:22:00,683
ORD13166,U905,R9,2026-04-17 15:50:00,326
ORD13167,U381,R4,2026-04-17 17:23:00,179
ORD13168,U549,R119,2026-04-17 19:54:00,218
ORD13169,U578,R58,2026-04-17 19:08:00,654
ORD13170,U652,R72,2026-04-17 15:59:00,223
ORD13171,U375,R122,2026-04-17 17:49:00,318
ORD13172,U521,R24,2026-04-17 17:03:00,167
ORD13173,U376,R137,2026-04-17 11:37:00,110
ORD13174,U722,R98,2026-04-17 11:36:00,132
ORD13175,U538,R24,2026-04-17 19:53:00,171
ORD13176,U340,R77,2026-04-17 10:24:00,387
ORD13177,U775,R30,2026-04-17 14:00:00,180
ORD13178,U894,R6,2026-04-17 16:45:00,415
ORD13179,U458,R134,2026-04-17 10:35:00,777
ORD13180,U101,R24,2026-04-17 15:45:00,794
ORD13181,U418,R177,2026-04-17 19:41:00,505
ORD13182,U383,R187,2026-04-17 19:52:00,106
ORD13183,U283,R141,2026-04-17 10:32:00,118
ORD13184,U101,R199,2026-04-17 15:01:00,341
ORD13185,U594,R69,2026-04-17 17:20:00,278
ORD13186,U211,R22,2026-04-17 18:47:00,158
ORD13187,U194,R148,2026-04-17 17:47:00,772
ORD13188,U420,R120,2026-04-17 12:17:00,240
ORD13189,U936,R73,2026-04-17 16:49:00,129
ORD13190,U704,R7,2026-04-17 10:36:00,469
ORD13191,U866,R92,2026-04-17 19:16:00,469
ORD13192,U592,R14,2026-04-17 12:11:00,499
ORD13193,U788,R29,2026-04-17 11:09:00,270
ORD13194,U948,R107,2026-04-17 17:00:00,393
ORD13195,U345,R143,2026-04-17 14:40:00,248
ORD13196,U1,R144,2026-04-17 12:03:00,105
ORD13197,U111,R91,2026-04-17 19:58:00,779
ORD13198,U248,R154,2026-04-17 13:14:00,647
ORD13199,U669,R133,2026-04-17 11:11:00,753
ORD13200,U917,R105,2026-04-17 15:43:00,529
ORD13201,U440,R101,2026-04-17 18:36:00,580
ORD13202,U822,R168,2026-04-17 10:15:00,186
ORD13203,U827,R198,2026-04-17 17:59:00,152
ORD13204,U883,R65,2026-04-17 19:13:00,190
ORD13205,U139,R168,2026-04-17 17:33:00,492
ORD13206,U702,R110,2026-04-17 19:50:00,597
ORD13207,U408,R103,2026-04-17 13:57:00,606
ORD13208,U907,R49,2026-04-17 15:22:00,337
ORD13209,U42,R50,2026-04-17 13:23:00,535
ORD13210,U691,R113,2026-04-17 10:27:00,286
ORD13211,U160,R137,2026-04-17 14:22:00,205
ORD13212,U48,R131,2026-04-17 10:20:00,724
ORD13213,U909,R87,2026-04-17 18:15:00,255
ORD13214,U291,R90,2026-04-17 18:35:00,225
ORD13215,U225,R169,2026-04-17 13:14:00,477
ORD13216,U72,R107,2026-04-17 16:23:00,712
ORD13217,U111,R8,2026-04-17 10:02:00,415
ORD13218,U239,R120,2026-04-17 16:56:00,155
ORD13219,U105,R144,2026-04-17 11:08:00,533
ORD13220,U976,R75,2026-04-17 13:18:00,202
ORD13221,U272,R112,2026-04-17 10:09:00,214
ORD13222,U522,R129,2026-04-17 12:31:00,310
ORD13223,U404,R161,2026-04-17 11:49:00,702
ORD13224,U565,R30,2026-04-17 12:34:00,178
ORD13225,U592,R130,2026-04-17 12:54:00,704
ORD13226,U155,R10,2026-04-17 12:05:00,427
ORD13227,U363,R131,2026-04-17 15:46:00,381
ORD13228,U245,R76,2026-04-17 11:31:00,137
ORD13229,U426,R196,2026-04-17 17:59:00,530
ORD13230,U101,R101,2026-04-17 16:06:00,783
ORD13231,U761,R137,2026-04-17 18:45:00,583
ORD13232,U130,R2,2026-04-17 12:50:00,144
ORD13233,U423,R129,2026-04-17 15:29:00,191
ORD13234,U929,R49,2026-04-17 19:54:00,456
ORD13235,U780,R125,2026-04-17 16:13:00,605
ORD13236,U873,R26,2026-04-17 13:11:00,205
ORD13237,U955,R138,2026-04-17 10:21:00,342
ORD13238,U71,R192,2026-04-17 18:43:00,201
ORD13239,U844,R165,2026-04-17 15:59:00,300
ORD13240,U139,R12,2026-04-17 16:59:00,443
ORD13241,U940,R65,2026-04-17 16:31:00,613
ORD13242,U216,R164,2026-04-17 18:28:00,502
ORD13243,U486,R170,2026-04-17 19:42:00,372
ORD13244,U539,R17,2026-04-17 16:26:00,199
ORD13245,U846,R165,2026-04-17 10:59:00,371
ORD13246,U973,R2,2026-04-17 13:59:00,691
ORD13247,U94,R92,2026-04-17 17:49:00,718
ORD13248,U614,R100,2026-04-17 18:12:00,456
ORD13249,U692,R47,2026-04-17 16:37:00,681
ORD13250,U901,R7,2026-04-17 13:13:00,365
ORD13251,U682,R33,2026-04-17 10:43:00,600
ORD13252,U511,R126,2026-04-17 16:46:00,700
ORD13253,U917,R9,2026-04-17 14:26:00,341
ORD13254,U452,R95,2026-04-17 11:33:00,147
ORD13255,U483,R151,2026-04-17 15:20:00,574
ORD13256,U939,R87,2026-04-17 19:16:00,315
ORD13257,U641,R196,2026-04-17 19:58:00,541
ORD13258,U156,R131,2026-04-17 17:38:00,566
ORD13259,U504,R189,2026-04-17 19:54:00,294
ORD13260,U485,R52,2026-04-17 12:53:00,348
ORD13261,U540,R120,2026-04-17 13:29:00,504
ORD13262,U216,R28,2026-04-17 18:06:00,574
ORD13263,U115,R11,2026-04-17 18:24:00,354
ORD13264,U555,R95,2026-04-17 14:00:00,491
ORD13265,U697,R78,2026-04-17 19:17:00,240
ORD13266,U612,R36,2026-04-17 19:15:00,155
ORD13267,U755,R188,2026-04-17 16:22:00,435
ORD13268,U816,R77,2026-04-17 13:20:00,711
ORD13269,U518,R43,2026-04-17 12:10:00,709
ORD13270,U123,R194,2026-04-17 13:01:00,599
ORD13271,U643,R138,2026-04-17 19:44:00,793
ORD13272,U646,R13,2026-04-17 14:54:00,410
ORD13273,U854,R157,2026-04-17 15:51:00,233
ORD13274,U52,R86,2026-04-17 15:49:00,721
ORD13275,U331,R193,2026-04-17 10:25:00,556
ORD13276,U568,R163,2026-04-17 11:40:00,123
ORD13277,U878,R116,2026-04-17 16:58:00,306
ORD13278,U118,R90,2026-04-17 18:32:00,170
ORD13279,U753,R87,2026-04-17 12:41:00,787
ORD13280,U687,R98,2026-04-17 11:21:00,655
ORD13281,U420,R159,2026-04-17 17:01:00,242
ORD13282,U478,R200,2026-04-17 17:02:00,393
ORD13283,U995,R55,2026-04-17 12:09:00,524
ORD13284,U554,R188,2026-04-17 18:20:00,460
ORD13285,U190,R110,2026-04-17 19:26:00,179
ORD13286,U495,R3,2026-04-17 19:14:00,209
ORD13287,U621,R152,2026-04-17 13:24:00,703
ORD13288,U747,R172,2026-04-17 12:52:00,292
ORD13289,U66,R95,2026-04-17 16:54:00,527
ORD13290,U995,R101,2026-04-17 11:09:00,592
ORD13291,U415,R101,2026-04-17 14:12:00,754
ORD13292,U171,R14,2026-04-17 17:06:00,651
ORD13293,U931,R17,2026-04-17 16:00:00,494
ORD13294,U222,R84,2026-04-17 18:09:00,693
ORD13295,U614,R2,2026-04-17 15:59:00,329
ORD13296,U920,R186,2026-04-17 18:54:00,253
ORD13297,U604,R163,2026-04-17 10:11:00,668
ORD13298,U982,R153,2026-04-17 19:33:00,625
ORD13299,U976,R37,2026-04-17 19:48:00,397
ORD13300,U771,R79,2026-04-17 16:38:00,444
ORD13301,U291,R116,2026-04-17 17:26:00,172
ORD13302,U517,R86,2026-04-17 15:44:00,762
ORD13303,U603,R38,2026-04-17 12:02:00,306
ORD13304,U828,R131,2026-04-17 19:43:00,647
ORD13305,U687,R137,2026-04-17 16:58:00,287
ORD13306,U340,R172,2026-04-17 11:05:00,502
ORD13307,U467,R169,2026-04-17 13:05:00,545
ORD13308,U833,R93,2026-04-17 16:26:00,349
ORD13309,U945,R48,2026-04-17 17:50:00,756
ORD13310,U329,R137,2026-04-17 11:45:00,500
ORD13311,U402,R124,2026-04-17 10:24:00,113
ORD13312,U494,R110,2026-04-17 17:26:00,692
ORD13313,U506,R154,2026-04-17 16:10:00,431
ORD13314,U437,R191,2026-04-17 11:52:00,151
ORD13315,U434,R170,2026-04-17 14:53:00,444
ORD13316,U403,R157,2026-04-17 17:14:00,207
ORD13317,U477,R57,2026-04-17 15:09:00,433
ORD13318,U988,R37,2026-04-17 13:38:00,400
ORD13319,U126,R146,2026-04-17 14:25:00,420
ORD13320,U474,R156,2026-04-17 13:58:00,219
ORD13321,U365,R17,2026-04-17 11:33:00,790
ORD13322,U325,R156,2026-04-17 14:59:00,573
ORD13323,U718,R40,2026-04-17 16:07:00,792
ORD13324,U597,R86,2026-04-17 15:37:00,333
ORD13325,U271,R64,2026-04-17 15:28:00,463
ORD13326,U164,R176,2026-04-17 11:15:00,587
ORD13327,U293,R141,2026-04-17 14:48:00,538
ORD13328,U175,R102,2026-04-17 12:10:00,793
ORD13329,U412,R102,2026-04-17 16:34:00,764
ORD13330,U811,R48,2026-04-17 13:40:00,662
ORD13331,U553,R99,2026-04-17 18:15:00,240
ORD13332,U447,R132,2026-04-17 14:48:00,710
ORD13333,U301,R32,2026-04-17 16:53:00,497
ORD13334,U603,R129,2026-04-17 15:50:00,263
ORD13335,U818,R136,2026-04-17 19:34:00,730
ORD13336,U606,R103,2026-04-17 13:33:00,279
ORD13337,U431,R119,2026-04-17 16:57:00,238
ORD13338,U251,R199,2026-04-17 16:41:00,105
ORD13339,U85,R9,2026-04-17 19:01:00,237
ORD13340,U235,R68,2026-04-17 16:12:00,530
ORD13341,U528,R190,2026-04-17 10:44:00,153
ORD13342,U611,R87,2026-04-17 14:01:00,497
ORD13343,U139,R99,2026-04-17 10:42:00,265
ORD13344,U883,R103,2026-04-17 13:06:00,284
ORD13345,U530,R130,2026-04-17 14:00:00,790
ORD13346,U991,R118,2026-04-17 19:13:00,395
ORD13347,U699,R150,2026-04-17 14:16:00,565
ORD13348,U555,R162,2026-04-17 18:18:00,652
ORD13349,U754,R15,2026-04-17 13:30:00,619
ORD13350,U353,R62,2026-04-17 10:43:00,624
ORD13351,U975,R188,2026-04-17 13:11:00,127
ORD13352,U181,R190,2026-04-17 18:40:00,570
ORD13353,U381,R141,2026-04-17 15:43:00,545
ORD13354,U471,R107,2026-04-17 12:31:00,459
ORD13355,U624,R171,2026-04-17 12:30:00,619
ORD13356,U153,R197,2026-04-17 12:47:00,229
ORD13357,U872,R138,2026-04-17 18:11:00,226
ORD13358,U534,R4,2026-04-17 15:20:00,311
ORD13359,U806,R141,2026-04-17 10:29:00,721
ORD13360,U321,R142,2026-04-17 16:25:00,201
ORD13361,U929,R151,2026-04-17 16:24:00,381
ORD13362,U411,R173,2026-04-17 13:54:00,312
ORD13363,U431,R152,2026-04-17 10:21:00,456
ORD13364,U885,R25,2026-04-17 11:00:00,372
ORD13365,U831,R107,2026-04-17 13:58:00,107
ORD13366,U684,R1,2026-04-17 18:19:00,503
ORD13367,U318,R98,2026-04-17 19:16:00,659
ORD13368,U289,R65,2026-04-17 10:06:00,585
ORD13369,U818,R116,2026-04-17 11:13:00,473
ORD13370,U929,R102,2026-04-17 18:31:00,292
ORD13371,U451,R79,2026-04-17 17:30:00,183
ORD13372,U40,R166,2026-04-17 19:41:00,708
ORD13373,U720,R166,2026-04-17 13:47:00,199
ORD13374,U651,R100,2026-04-17 19:44:00,282
ORD13375,U890,R36,2026-04-17 14:00:00,429
ORD13376,U458,R167,2026-04-17 19:35:00,523
ORD13377,U145,R133,2026-04-17 14:55:00,622
ORD13378,U535,R179,2026-04-17 17:49:00,653
ORD13379,U942,R175,2026-04-17 18:02:00,705
ORD13380,U489,R72,2026-04-17 13:29:00,508
ORD13381,U960,R36,2026-04-17 10:22:00,377
ORD13382,U929,R137,2026-04-17 16:57:00,479
ORD13383,U584,R173,2026-04-17 15:52:00,529
ORD13384,U880,R21,2026-04-17 12:23:00,152
ORD13385,U899,R92,2026-04-17 12:51:00,213
ORD13386,U732,R32,2026-04-17 18:42:00,747
ORD13387,U998,R63,2026-04-17 18:57:00,740
ORD13388,U341,R60,2026-04-17 18:39:00,282
ORD13389,U136,R90,2026-04-17 15:04:00,414
ORD13390,U313,R29,2026-04-17 12:24:00,410
ORD13391,U16,R18,2026-04-17 10:05:00,422
ORD13392,U147,R102,2026-04-17 18:13:00,147
ORD13393,U646,R114,2026-04-17 14:31:00,668
ORD13394,U449,R133,2026-04-17 16:58:00,623
ORD13395,U509,R178,2026-04-17 14:58:00,736
ORD13396,U959,R139,2026-04-17 18:42:00,438
ORD13397,U747,R151,2026-04-17 10:08:00,234
ORD13398,U844,R123,2026-04-17 10:11:00,261
ORD13399,U648,R36,2026-04-17 12:33:00,691
ORD13400,U552,R176,2026-04-17 18:00:00,196
ORD13401,U507,R43,2026-04-17 19:26:00,666
ORD13402,U516,R134,2026-04-17 13:09:00,352
ORD13403,U63,R6,2026-04-17 17:15:00,514
ORD13404,U403,R126,2026-04-17 14:17:00,523
ORD13405,U599,R164,2026-04-17 17:57:00,516
ORD13406,U489,R77,2026-04-17 11:17:00,768
ORD13407,U707,R97,2026-04-17 17:28:00,448
ORD13408,U608,R83,2026-04-17 13:52:00,206
ORD13409,U96,R132,2026-04-17 19:49:00,699
ORD13410,U716,R115,2026-04-17 18:59:00,305
ORD13411,U966,R193,2026-04-17 15:25:00,134
ORD13412,U930,R162,2026-04-17 10:33:00,246
ORD13413,U870,R155,2026-04-17 11:20:00,215
ORD13414,U923,R86,2026-04-17 17:19:00,174
ORD13415,U688,R143,2026-04-17 15:24:00,172
ORD13416,U519,R185,2026-04-17 15:09:00,600
ORD13417,U636,R198,2026-04-17 17:36:00,497
ORD13418,U355,R121,2026-04-17 13:47:00,365
ORD13419,U166,R191,2026-04-17 14:50:00,447
ORD13420,U862,R199,2026-04-17 11:22:00,421
ORD13421,U75,R187,2026-04-17 19:42:00,575
ORD13422,U607,R72,2026-04-17 11:39:00,437
ORD13423,U943,R69,2026-04-17 17:17:00,771
ORD13424,U931,R99,2026-04-17 13:38:00,410
ORD13425,U787,R16,2026-04-17 17:08:00,558
ORD13426,U115,R88,2026-04-17 16:43:00,612
ORD13427,U155,R101,2026-04-17 13:12:00,360
ORD13428,U656,R47,2026-04-17 10:28:00,108
ORD13429,U490,R95,2026-04-17 17:43:00,160
ORD13430,U779,R104,2026-04-17 10:02:00,151
ORD13431,U898,R70,2026-04-17 12:07:00,128
ORD13432,U132,R101,2026-04-17 18:39:00,660
ORD13433,U179,R34,2026-04-17 19:58:00,360
ORD13434,U874,R103,2026-04-17 14:40:00,261
ORD13435,U923,R18,2026-04-17 19:00:00,458
ORD13436,U743,R90,2026-04-17 17:45:00,540
ORD13437,U799,R157,2026-04-17 12:59:00,198
ORD13438,U315,R138,2026-04-17 18:20:00,356
ORD13439,U464,R64,2026-04-17 18:13:00,775
ORD13440,U137,R65,2026-04-17 10:29:00,430
ORD13441,U970,R193,2026-04-17 15:29:00,799
ORD13442,U736,R109,2026-04-17 14:19:00,184
ORD13443,U406,R31,2026-04-17 10:11:00,712
ORD13444,U262,R82,2026-04-17 17:22:00,240
ORD13445,U936,R165,2026-04-17 12:43:00,592
ORD13446,U254,R16,2026-04-17 15:39:00,644
ORD13447,U923,R139,2026-04-17 13:05:00,141
ORD13448,U1000,R106,2026-04-17 19:20:00,602
ORD13449,U107,R60,2026-04-17 15:40:00,606
ORD13450,U666,R159,2026-04-17 12:22:00,261
ORD13451,U714,R173,2026-04-17 11:07:00,182
ORD13452,U624,R117,2026-04-17 18:39:00,739
ORD13453,U246,R96,2026-04-17 12:05:00,738
ORD13454,U653,R84,2026-04-17 19:06:00,239
ORD13455,U557,R195,2026-04-17 15:57:00,715
ORD13456,U892,R36,2026-04-17 18:08:00,521
ORD13457,U14,R183,2026-04-17 17:15:00,326
ORD13458,U988,R42,2026-04-17 17:38:00,525
ORD13459,U586,R28,2026-04-17 16:01:00,517
ORD13460,U616,R70,2026-04-17 15:17:00,349
ORD13461,U853,R99,2026-04-17 11:09:00,505
ORD13462,U433,R32,2026-04-17 11:48:00,314
ORD13463,U192,R159,2026-04-17 13:27:00,148
ORD13464,U20,R151,2026-04-17 14:28:00,307
ORD13465,U272,R108,2026-04-17 19:29:00,489
ORD13466,U953,R89,2026-04-17 10:31:00,124
ORD13467,U450,R131,2026-04-17 18:12:00,695
ORD13468,U701,R188,2026-04-17 13:45:00,485
ORD13469,U488,R2,2026-04-17 19:25:00,233
ORD13470,U895,R97,2026-04-17 18:38:00,761
ORD13471,U109,R186,2026-04-17 15:36:00,333
ORD13472,U783,R70,2026-04-17 10:22:00,627
ORD13473,U14,R26,2026-04-17 14:21:00,543
ORD13474,U995,R64,2026-04-17 13:55:00,192
ORD13475,U87,R80,2026-04-17 15:03:00,606
ORD13476,U942,R15,2026-04-17 16:51:00,598
ORD13477,U684,R50,2026-04-17 15:10:00,436
ORD13478,U940,R110,2026-04-17 16:25:00,742
ORD13479,U661,R112,2026-04-17 14:35:00,210
ORD13480,U128,R182,2026-04-17 14:05:00,700
ORD13481,U534,R57,2026-04-17 19:52:00,475
ORD13482,U265,R90,2026-04-17 14:33:00,147
ORD13483,U588,R186,2026-04-17 12:05:00,695
ORD13484,U572,R99,2026-04-17 17:06:00,797
ORD13485,U620,R171,2026-04-17 15:38:00,700
ORD13486,U174,R103,2026-04-17 15:51:00,509
ORD13487,U856,R41,2026-04-17 14:01:00,687
ORD13488,U128,R73,2026-04-17 19:05:00,333
ORD13489,U428,R169,2026-04-17 15:50:00,568
ORD13490,U641,R126,2026-04-17 10:34:00,513
ORD13491,U173,R189,2026-04-17 14:49:00,346
ORD13492,U451,R170,2026-04-17 18:21:00,304
ORD13493,U879,R161,2026-04-17 17:41:00,368
ORD13494,U714,R37,2026-04-17 14:11:00,500
ORD13495,U346,R157,2026-04-17 13:42:00,242
ORD13496,U868,R187,2026-04-17 13:55:00,350
ORD13497,U637,R50,2026-04-17 10:38:00,445
ORD13498,U381,R28,2026-04-17 15:13:00,784
ORD13499,U635,R96,2026-04-17 17:39:00,205
ORD13500,U137,R97,2026-04-17 14:51:00,752
ORD13501,U246,R165,2026-04-17 18:38:00,437
ORD13502,U285,R199,2026-04-17 18:27:00,562
ORD13503,U42,R68,2026-04-17 15:19:00,662
ORD13504,U326,R25,2026-04-17 16:54:00,540
ORD13505,U291,R58,2026-04-17 18:43:00,358
ORD13506,U420,R116,2026-04-17 10:23:00,248
ORD13507,U379,R70,2026-04-17 13:50:00,470
ORD13508,U499,R123,2026-04-17 14:39:00,330
ORD13509,U102,R139,2026-04-17 15:46:00,183
ORD13510,U810,R143,2026-04-17 10:31:00,762
ORD13511,U378,R16,2026-04-17 10:50:00,409
ORD13512,U116,R174,2026-04-17 12:49:00,289
ORD13513,U798,R150,2026-04-17 14:27:00,486
ORD13514,U401,R25,2026-04-17 12:54:00,565
ORD13515,U897,R158,2026-04-17 18:22:00,767
ORD13516,U76,R161,2026-04-17 17:28:00,565
ORD13517,U312,R146,2026-04-17 13:36:00,164
ORD13518,U65,R160,2026-04-17 16:48:00,774
ORD13519,U101,R176,2026-04-17 12:01:00,398
ORD13520,U534,R116,2026-04-17 13:23:00,108
ORD13521,U941,R5,2026-04-17 10:48:00,344
ORD13522,U165,R10,2026-04-17 15:12:00,471
ORD13523,U736,R193,2026-04-17 12:54:00,461
ORD13524,U760,R43,2026-04-17 16:38:00,780
ORD13525,U249,R53,2026-04-17 10:02:00,580
ORD13526,U178,R121,2026-04-17 10:44:00,444
ORD13527,U976,R117,2026-04-17 14:17:00,460
ORD13528,U83,R163,2026-04-17 15:00:00,620
ORD13529,U567,R122,2026-04-17 13:00:00,166
ORD13530,U539,R159,2026-04-17 15:43:00,775
ORD13531,U761,R6,2026-04-17 16:06:00,480
ORD13532,U641,R144,2026-04-17 18:55:00,758
ORD13533,U632,R43,2026-04-17 13:32:00,416
ORD13534,U305,R60,2026-04-17 18:11:00,345
ORD13535,U256,R38,2026-04-17 19:19:00,339
ORD13536,U539,R20,2026-04-17 13:15:00,450
ORD13537,U88,R161,2026-04-17 14:57:00,725
ORD13538,U183,R198,2026-04-17 18:54:00,358
ORD13539,U407,R48,2026-04-17 10:12:00,721
ORD13540,U954,R81,2026-04-17 10:38:00,509
ORD13541,U962,R200,2026-04-17 15:44:00,226
ORD13542,U303,R25,2026-04-17 18:58:00,704
ORD13543,U761,R38,2026-04-17 14:56:00,797
ORD13544,U767,R93,2026-04-17 16:09:00,183
ORD13545,U805,R19,2026-04-17 13:32:00,624
ORD13546,U301,R155,2026-04-17 11:08:00,444
ORD13547,U385,R62,2026-04-17 10:11:00,419
ORD13548,U392,R80,2026-04-17 14:41:00,457
ORD13549,U740,R91,2026-04-17 13:08:00,385
ORD13550,U227,R53,2026-04-17 17:19:00,353
ORD13551,U248,R41,2026-04-17 12:24:00,725
ORD13552,U155,R25,2026-04-17 15:48:00,127
ORD13553,U665,R43,2026-04-17 10:19:00,263
ORD13554,U170,R125,2026-04-17 15:07:00,214
ORD13555,U250,R155,2026-04-17 16:06:00,208
ORD13556,U152,R167,2026-04-17 16:47:00,570
ORD13557,U700,R49,2026-04-17 17:40:00,585
ORD13558,U652,R182,2026-04-17 12:28:00,281
ORD13559,U33,R31,2026-04-17 12:47:00,365
ORD13560,U637,R66,2026-04-17 12:26:00,165
ORD13561,U54,R8,2026-04-17 16:33:00,388
ORD13562,U289,R70,2026-04-17 17:54:00,143
ORD13563,U162,R31,2026-04-17 10:15:00,646
ORD13564,U776,R137,2026-04-17 15:01:00,660
ORD13565,U169,R99,2026-04-17 16:23:00,265
ORD13566,U925,R193,2026-04-17 11:17:00,576
ORD13567,U894,R199,2026-04-17 14:48:00,158
ORD13568,U342,R107,2026-04-17 14:32:00,654
ORD13569,U414,R186,2026-04-17 10:29:00,485
ORD13570,U98,R155,2026-04-17 18:45:00,687
ORD13571,U958,R127,2026-04-17 15:23:00,398
ORD13572,U328,R170,2026-04-17 16:35:00,165
ORD13573,U460,R32,2026-04-17 19:27:00,546
ORD13574,U737,R41,2026-04-17 17:39:00,638
ORD13575,U43,R97,2026-04-17 14:00:00,204
ORD13576,U131,R23,2026-04-17 18:40:00,361
ORD13577,U651,R81,2026-04-17 14:53:00,688
ORD13578,U524,R116,2026-04-17 11:09:00,783
ORD13579,U824,R138,2026-04-17 13:34:00,614
ORD13580,U525,R66,2026-04-17 14:15:00,520
ORD13581,U346,R159,2026-04-17 18:39:00,725
ORD13582,U471,R66,2026-04-17 18:59:00,590
ORD13583,U171,R93,2026-04-17 16:22:00,482
ORD13584,U134,R97,2026-04-17 19:14:00,201
ORD13585,U507,R149,2026-04-17 13:02:00,125
ORD13586,U243,R139,2026-04-17 16:22:00,457
ORD13587,U680,R149,2026-04-17 13:39:00,129
ORD13588,U153,R73,2026-04-17 10:27:00,146
ORD13589,U798,R73,2026-04-17 17:39:00,313
ORD13590,U316,R61,2026-04-17 18:12:00,595
ORD13591,U426,R163,2026-04-17 11:06:00,684
ORD13592,U783,R38,2026-04-17 15:09:00,188
ORD13593,U813,R165,2026-04-17 10:05:00,355
ORD13594,U252,R125,2026-04-17 20:00:00,321
ORD13595,U691,R179,2026-04-17 13:46:00,712
ORD13596,U845,R67,2026-04-17 13:19:00,651
ORD13597,U132,R20,2026-04-17 17:13:00,702
ORD13598,U846,R184,2026-04-17 11:27:00,512
ORD13599,U588,R25,2026-04-17 13:55:00,446
ORD13600,U295,R144,2026-04-17 19:35:00,400
ORD13601,U195,R98,2026-04-17 14:00:00,551
ORD13602,U133,R155,2026-04-17 14:30:00,592
ORD13603,U689,R90,2026-04-17 18:27:00,754
ORD13604,U316,R121,2026-04-17 18:36:00,278
ORD13605,U884,R172,2026-04-17 13:47:00,314
ORD13606,U38,R164,2026-04-17 15:25:00,196
ORD13607,U518,R155,2026-04-17 15:33:00,245
ORD13608,U499,R93,2026-04-17 15:50:00,425
ORD13609,U280,R114,2026-04-17 12:43:00,543
ORD13610,U746,R69,2026-04-17 19:10:00,105
ORD13611,U649,R47,2026-04-17 11:07:00,620
ORD13612,U636,R70,2026-04-17 19:17:00,246
ORD13613,U38,R109,2026-04-17 15:50:00,636
ORD13614,U461,R176,2026-04-17 15:41:00,581
ORD13615,U729,R142,2026-04-17 12:41:00,287
ORD13616,U482,R156,2026-04-17 18:22:00,522
ORD13617,U384,R197,2026-04-17 12:25:00,763
ORD13618,U905,R55,2026-04-17 12:31:00,129
ORD13619,U755,R82,2026-04-17 17:12:00,700
ORD13620,U314,R47,2026-04-17 11:59:00,545
ORD13621,U650,R175,2026-04-17 14:21:00,771
ORD13622,U942,R193,2026-04-17 19:31:00,800
ORD13623,U712,R56,2026-04-17 12:51:00,792
ORD13624,U813,R166,2026-04-17 12:19:00,649
ORD13625,U980,R86,2026-04-17 10:16:00,747
ORD13626,U572,R78,2026-04-17 18:31:00,646
ORD13627,U548,R82,2026-04-17 19:42:00,420
ORD13628,U989,R103,2026-04-17 18:23:00,637
ORD13629,U611,R4,2026-04-17 18:15:00,653
ORD13630,U431,R156,2026-04-17 10:18:00,252
ORD13631,U310,R178,2026-04-17 14:56:00,641
ORD13632,U448,R33,2026-04-17 19:22:00,766
ORD13633,U558,R87,2026-04-17 18:55:00,466
ORD13634,U811,R22,2026-04-17 17:53:00,122
ORD13635,U818,R150,2026-04-17 11:30:00,125
ORD13636,U164,R85,2026-04-17 12:26:00,240
ORD13637,U138,R77,2026-04-17 17:07:00,744
ORD13638,U269,R156,2026-04-17 12:21:00,238
ORD13639,U958,R68,2026-04-17 18:51:00,343
ORD13640,U164,R112,2026-04-17 15:21:00,473
ORD13641,U464,R109,2026-04-17 18:56:00,155
ORD13642,U132,R45,2026-04-17 14:10:00,677
ORD13643,U76,R96,2026-04-17 10:40:00,225
ORD13644,U222,R79,2026-04-17 16:16:00,142
ORD13645,U884,R79,2026-04-17 13:42:00,506
ORD13646,U796,R118,2026-04-17 18:17:00,732
ORD13647,U224,R171,2026-04-17 17:59:00,217
ORD13648,U785,R83,2026-04-17 15:31:00,528
ORD13649,U978,R114,2026-04-17 15:39:00,468
ORD13650,U909,R193,2026-04-17 10:33:00,371
ORD13651,U120,R49,2026-04-17 11:18:00,515
ORD13652,U591,R109,2026-04-17 11:19:00,434
ORD13653,U841,R121,2026-04-17 15:21:00,603
ORD13654,U149,R45,2026-04-17 13:21:00,574
ORD13655,U160,R190,2026-04-17 18:53:00,546
ORD13656,U647,R144,2026-04-17 13:04:00,571
ORD13657,U889,R96,2026-04-17 15:45:00,293
ORD13658,U660,R142,2026-04-17 15:44:00,582
ORD13659,U371,R198,2026-04-17 17:31:00,553
ORD13660,U339,R9,2026-04-17 11:23:00,397
ORD13661,U387,R107,2026-04-17 12:09:00,645
ORD13662,U217,R70,2026-04-17 14:48:00,613
ORD13663,U982,R190,2026-04-17 11:24:00,308
ORD13664,U563,R70,2026-04-17 11:57:00,442
ORD13665,U335,R98,2026-04-17 18:28:00,257
ORD13666,U479,R117,2026-04-17 14:45:00,482
ORD13667,U220,R42,2026-04-17 13:16:00,415
ORD13668,U524,R42,2026-04-17 13:15:00,596
ORD13669,U927,R62,2026-04-17 19:17:00,557
ORD13670,U957,R78,2026-04-17 18:19:00,398
ORD13671,U461,R149,2026-04-17 17:49:00,267
ORD13672,U496,R17,2026-04-17 12:42:00,130
ORD13673,U162,R131,2026-04-17 18:31:00,700
ORD13674,U134,R7,2026-04-17 11:43:00,547
ORD13675,U741,R152,2026-04-17 10:06:00,654
ORD13676,U338,R158,2026-04-17 15:18:00,351
ORD13677,U411,R82,2026-04-17 10:38:00,341
ORD13678,U655,R103,2026-04-17 13:39:00,706
ORD13679,U382,R169,2026-04-17 19:19:00,710
ORD13680,U192,R90,2026-04-17 19:06:00,749
ORD13681,U918,R123,2026-04-17 17:38:00,108
ORD13682,U464,R123,2026-04-17 13:42:00,677
ORD13683,U338,R131,2026-04-17 13:00:00,642
ORD13684,U55,R109,2026-04-17 14:20:00,389
ORD13685,U767,R161,2026-04-17 18:17:00,499
ORD13686,U683,R198,2026-04-17 13:57:00,315
ORD13687,U536,R191,2026-04-17 11:19:00,665
ORD13688,U628,R157,2026-04-17 16:34:00,649
ORD13689,U414,R30,2026-04-17 17:59:00,615
ORD13690,U868,R22,2026-04-17 19:57:00,597
ORD13691,U314,R137,2026-04-17 12:28:00,699
ORD13692,U911,R56,2026-04-17 18:31:00,695
ORD13693,U378,R125,2026-04-17 13:52:00,556
ORD13694,U397,R34,2026-04-17 15:06:00,203
ORD13695,U220,R194,2026-04-17 11:02:00,239
ORD13696,U613,R47,2026-04-17 14:15:00,381
ORD13697,U394,R15,2026-04-17 16:03:00,742
ORD13698,U81,R135,2026-04-17 19:39:00,267
ORD13699,U47,R164,2026-04-17 10:38:00,224
ORD13700,U834,R130,2026-04-17 19:00:00,431
ORD13701,U640,R21,2026-04-17 16:56:00,275
ORD13702,U611,R27,2026-04-17 13:20:00,701
ORD13703,U279,R200,2026-04-17 13:49:00,488
ORD13704,U178,R98,2026-04-17 17:37:00,142
ORD13705,U128,R22,2026-04-17 19:07:00,477
ORD13706,U200,R117,2026-04-17 11:13:00,309
ORD13707,U951,R156,2026-04-17 18:36:00,496
ORD13708,U434,R57,2026-04-17 19:02:00,417
ORD13709,U458,R82,2026-04-17 15:52:00,527
ORD13710,U421,R129,2026-04-17 14:29:00,435
ORD13711,U549,R31,2026-04-17 16:45:00,286
ORD13712,U759,R172,2026-04-17 11:55:00,795
ORD13713,U964,R165,2026-04-17 12:45:00,197
ORD13714,U450,R170,2026-04-17 15:55:00,758
ORD13715,U885,R172,2026-04-17 12:49:00,611
ORD13716,U890,R95,2026-04-17 15:23:00,278
ORD13717,U585,R152,2026-04-17 19:30:00,586
ORD13718,U865,R129,2026-04-17 16:26:00,145
ORD13719,U132,R21,2026-04-17 18:52:00,313
ORD13720,U538,R42,2026-04-17 14:04:00,788
ORD13721,U200,R14,2026-04-17 15:22:00,459
ORD13722,U706,R122,2026-04-17 17:11:00,565
ORD13723,U15,R151,2026-04-17 18:12:00,682
ORD13724,U904,R87,2026-04-17 11:11:00,644
ORD13725,U313,R109,2026-04-17 15:13:00,662
ORD13726,U988,R148,2026-04-17 19:20:00,737
ORD13727,U882,R10,2026-04-17 18:49:00,634
ORD13728,U584,R65,2026-04-17 16:34:00,462
ORD13729,U163,R150,2026-04-17 10:29:00,310
ORD13730,U759,R100,2026-04-17 19:55:00,609
ORD13731,U943,R148,2026-04-17 17:42:00,777
ORD13732,U779,R93,2026-04-17 14:29:00,453
ORD13733,U439,R195,2026-04-17 19:34:00,581
ORD13734,U457,R64,2026-04-17 13:12:00,565
ORD13735,U1,R110,2026-04-17 14:05:00,149
ORD13736,U446,R182,2026-04-17 10:47:00,132
ORD13737,U349,R192,2026-04-17 10:30:00,663
ORD13738,U634,R89,2026-04-17 14:14:00,759
ORD13739,U511,R75,2026-04-17 10:21:00,404
ORD13740,U281,R69,2026-04-17 14:00:00,260
ORD13741,U105,R175,2026-04-17 16:43:00,243
ORD13742,U901,R53,2026-04-17 19:30:00,230
ORD13743,U218,R189,2026-04-17 16:42:00,782
ORD13744,U733,R196,2026-04-17 18:53:00,452
ORD13745,U751,R175,2026-04-17 18:28:00,611
ORD13746,U760,R40,2026-04-17 15:15:00,471
ORD13747,U673,R96,2026-04-17 17:41:00,462
ORD13748,U991,R79,2026-04-17 13:52:00,547
ORD13749,U809,R195,2026-04-17 17:11:00,451
ORD13750,U798,R108,2026-04-17 19:48:00,751
ORD13751,U868,R86,2026-04-17 10:46:00,378
ORD13752,U307,R21,2026-04-17 14:30:00,248
ORD13753,U310,R72,2026-04-17 10:21:00,341
ORD13754,U738,R173,2026-04-17 13:47:00,225
ORD13755,U881,R192,2026-04-17 11:45:00,232
ORD13756,U432,R155,2026-04-17 11:57:00,317
ORD13757,U602,R186,2026-04-17 18:20:00,163
ORD13758,U478,R118,2026-04-17 13:14:00,350
ORD13759,U402,R150,2026-04-17 14:22:00,462
ORD13760,U643,R85,2026-04-17 18:29:00,539
ORD13761,U199,R98,2026-04-17 15:26:00,716
ORD13762,U919,R62,2026-04-17 13:51:00,718
ORD13763,U774,R67,2026-04-17 17:52:00,218
ORD13764,U807,R30,2026-04-17 12:23:00,156
ORD13765,U570,R132,2026-04-17 15:48:00,193
ORD13766,U204,R171,2026-04-17 15:27:00,614
ORD13767,U541,R31,2026-04-17 19:15:00,495
ORD13768,U283,R156,2026-04-17 13:54:00,612
ORD13769,U79,R11,2026-04-17 18:54:00,644
ORD13770,U330,R129,2026-04-17 17:56:00,798
ORD13771,U66,R184,2026-04-17 12:40:00,254
ORD13772,U717,R119,2026-04-17 17:17:00,623
ORD13773,U473,R135,2026-04-17 18:17:00,136
ORD13774,U73,R74,2026-04-17 13:05:00,677
ORD13775,U129,R145,2026-04-17 14:47:00,473
ORD13776,U912,R77,2026-04-17 16:23:00,586
ORD13777,U317,R39,2026-04-17 17:18:00,766
ORD13778,U902,R166,2026-04-17 18:43:00,432
ORD13779,U868,R173,2026-04-17 13:42:00,101
ORD13780,U435,R104,2026-04-17 19:41:00,755
ORD13781,U287,R41,2026-04-17 10:02:00,301
ORD13782,U124,R65,2026-04-17 14:33:00,750
ORD13783,U231,R78,2026-04-17 13:57:00,546
ORD13784,U311,R34,2026-04-17 11:05:00,380
ORD13785,U614,R114,2026-04-17 14:49:00,100
ORD13786,U386,R110,2026-04-17 15:51:00,385
ORD13787,U180,R47,2026-04-17 15:41:00,605
ORD13788,U626,R84,2026-04-17 17:36:00,441
ORD13789,U740,R11,2026-04-17 19:51:00,119
ORD13790,U836,R177,2026-04-17 18:09:00,475
ORD13791,U428,R194,2026-04-17 15:28:00,546
ORD13792,U821,R122,2026-04-17 12:38:00,659
ORD13793,U304,R44,2026-04-17 15:45:00,631
ORD13794,U660,R79,2026-04-17 11:33:00,799
ORD13795,U99,R123,2026-04-17 15:01:00,345
ORD13796,U63,R156,2026-04-17 15:18:00,210
ORD13797,U725,R106,2026-04-17 14:05:00,123
ORD13798,U45,R200,2026-04-17 10:06:00,405
ORD13799,U179,R152,2026-04-17 15:07:00,732
ORD13800,U466,R180,2026-04-17 13:17:00,508
ORD13801,U460,R103,2026-04-17 18:02:00,140
ORD13802,U474,R49,2026-04-17 12:05:00,582
ORD13803,U207,R28,2026-04-17 10:26:00,287
ORD13804,U598,R119,2026-04-17 17:13:00,676
ORD13805,U243,R26,2026-04-17 18:57:00,717
ORD13806,U362,R80,2026-04-17 12:45:00,414
ORD13807,U500,R177,2026-04-17 16:34:00,305
ORD13808,U570,R67,2026-04-17 10:56:00,136
ORD13809,U170,R72,2026-04-17 19:07:00,780
ORD13810,U713,R164,2026-04-17 12:21:00,267
ORD13811,U256,R200,2026-04-17 14:53:00,383
ORD13812,U766,R196,2026-04-17 18:18:00,492
ORD13813,U580,R54,2026-04-17 12:05:00,432
ORD13814,U372,R132,2026-04-17 10:32:00,101
ORD13815,U142,R73,2026-04-17 14:51:00,639
ORD13816,U778,R93,2026-04-17 18:32:00,418
ORD13817,U431,R135,2026-04-17 11:56:00,556
ORD13818,U57,R154,2026-04-17 16:01:00,384
ORD13819,U319,R116,2026-04-17 16:53:00,439
ORD13820,U420,R167,2026-04-17 19:21:00,593
ORD13821,U841,R91,2026-04-17 19:02:00,353
ORD13822,U806,R17,2026-04-17 11:59:00,546
ORD13823,U721,R135,2026-04-17 19:00:00,120
ORD13824,U746,R65,2026-04-17 13:30:00,527
ORD13825,U921,R65,2026-04-17 18:17:00,207
ORD13826,U416,R128,2026-04-17 15:31:00,537
ORD13827,U688,R13,2026-04-17 11:42:00,505
ORD13828,U468,R11,2026-04-17 15:33:00,793
ORD13829,U70,R118,2026-04-17 15:04:00,603
ORD13830,U221,R20,2026-04-17 10:33:00,400
ORD13831,U353,R66,2026-04-17 19:12:00,104
ORD13832,U527,R157,2026-04-17 19:06:00,676
ORD13833,U302,R155,2026-04-17 12:20:00,522
ORD13834,U561,R187,2026-04-17 19:02:00,310
ORD13835,U840,R200,2026-04-17 16:11:00,180
ORD13836,U9,R195,2026-04-17 17:53:00,198
ORD13837,U165,R171,2026-04-17 16:27:00,250
ORD13838,U774,R113,2026-04-17 19:31:00,234
ORD13839,U69,R198,2026-04-17 10:11:00,234
ORD13840,U316,R17,2026-04-17 17:46:00,423
ORD13841,U527,R86,2026-04-17 11:16:00,485
ORD13842,U831,R127,2026-04-17 14:12:00,406
ORD13843,U662,R11,2026-04-17 16:57:00,512
ORD13844,U381,R46,2026-04-17 11:10:00,398
ORD13845,U697,R116,2026-04-17 12:56:00,720
ORD13846,U787,R138,2026-04-17 14:02:00,247
ORD13847,U630,R80,2026-04-17 11:02:00,255
ORD13848,U571,R80,2026-04-17 14:08:00,597
ORD13849,U663,R126,2026-04-17 10:26:00,717
ORD13850,U429,R77,2026-04-17 12:50:00,373
ORD13851,U736,R111,2026-04-17 15:10:00,422
ORD13852,U529,R108,2026-04-17 11:39:00,683
ORD13853,U457,R167,2026-04-17 11:08:00,741
ORD13854,U798,R66,2026-04-17 14:28:00,743
ORD13855,U146,R185,2026-04-17 14:01:00,669
ORD13856,U336,R177,2026-04-17 16:50:00,258
ORD13857,U711,R121,2026-04-17 10:59:00,707
ORD13858,U896,R43,2026-04-17 19:18:00,346
ORD13859,U251,R151,2026-04-17 13:29:00,226
ORD13860,U919,R83,2026-04-17 10:22:00,417
ORD13861,U469,R2,2026-04-17 12:31:00,224
ORD13862,U479,R70,2026-04-17 10:31:00,292
ORD13863,U745,R166,2026-04-17 19:16:00,657
ORD13864,U651,R33,2026-04-17 19:39:00,177
ORD13865,U128,R94,2026-04-17 14:29:00,689
ORD13866,U780,R187,2026-04-17 11:17:00,131
ORD13867,U727,R26,2026-04-17 11:46:00,258
ORD13868,U497,R13,2026-04-17 14:56:00,117
ORD13869,U496,R59,2026-04-17 11:43:00,388
ORD13870,U900,R199,2026-04-17 16:22:00,450
ORD13871,U959,R56,2026-04-17 17:27:00,724
ORD13872,U462,R194,2026-04-17 10:35:00,795
ORD13873,U230,R52,2026-04-17 18:54:00,790
ORD13874,U911,R56,2026-04-17 13:21:00,545
ORD13875,U533,R199,2026-04-17 18:25:00,538
ORD13876,U222,R146,2026-04-17 18:44:00,536
ORD13877,U605,R69,2026-04-17 15:22:00,150
ORD13878,U788,R144,2026-04-17 10:48:00,717
ORD13879,U904,R15,2026-04-17 11:47:00,458
ORD13880,U674,R97,2026-04-17 19:36:00,215
ORD13881,U673,R62,2026-04-17 10:30:00,742
ORD13882,U257,R91,2026-04-17 13:46:00,674
ORD13883,U702,R59,2026-04-17 12:08:00,766
ORD13884,U600,R69,2026-04-17 14:08:00,235
ORD13885,U167,R39,2026-04-17 14:17:00,176
ORD13886,U509,R35,2026-04-17 14:19:00,691
ORD13887,U340,R103,2026-04-17 18:02:00,200
ORD13888,U439,R121,2026-04-17 14:45:00,181
ORD13889,U39,R55,2026-04-17 14:38:00,182
ORD13890,U652,R143,2026-04-17 16:56:00,190
ORD13891,U197,R12,2026-04-17 17:41:00,530
ORD13892,U621,R166,2026-04-17 15:46:00,351
ORD13893,U932,R185,2026-04-17 19:38:00,267
ORD13894,U743,R3,2026-04-17 18:50:00,179
ORD13895,U805,R155,2026-04-17 17:05:00,419
ORD13896,U281,R63,2026-04-17 16:19:00,143
ORD13897,U176,R101,2026-04-17 16:14:00,299
ORD13898,U558,R53,2026-04-17 12:01:00,522
ORD13899,U886,R142,2026-04-17 14:50:00,296
ORD13900,U370,R15,2026-04-17 15:06:00,579
ORD13901,U804,R20,2026-04-17 17:29:00,553
ORD13902,U416,R155,2026-04-17 15:20:00,251
ORD13903,U686,R90,2026-04-17 12:14:00,434
ORD13904,U774,R63,2026-04-17 12:27:00,156
ORD13905,U854,R67,2026-04-17 16:21:00,428
ORD13906,U761,R170,2026-04-17 19:51:00,222
ORD13907,U114,R80,2026-04-17 17:54:00,356
ORD13908,U711,R10,2026-04-17 11:55:00,499
ORD13909,U302,R198,2026-04-17 14:17:00,709
ORD13910,U491,R54,2026-04-17 14:33:00,687
ORD13911,U635,R168,2026-04-17 10:04:00,785
ORD13912,U326,R85,2026-04-17 13:27:00,447
ORD13913,U85,R32,2026-04-17 13:53:00,458
ORD13914,U770,R61,2026-04-17 15:19:00,599
ORD13915,U768,R52,2026-04-17 19:50:00,478
ORD13916,U52,R113,2026-04-17 12:48:00,429
ORD13917,U502,R106,2026-04-17 16:20:00,158
ORD13918,U93,R170,2026-04-17 11:51:00,607
ORD13919,U142,R107,2026-04-17 12:57:00,184
ORD13920,U852,R84,2026-04-17 12:37:00,327
ORD13921,U321,R51,2026-04-17 18:18:00,741
ORD13922,U383,R89,2026-04-17 15:15:00,711
ORD13923,U672,R120,2026-04-17 17:33:00,428
ORD13924,U329,R128,2026-04-17 10:10:00,630
ORD13925,U891,R168,2026-04-17 19:17:00,542
ORD13926,U729,R145,2026-04-17 12:21:00,527
ORD13927,U914,R58,2026-04-17 14:40:00,527
ORD13928,U60,R156,2026-04-17 13:54:00,779
ORD13929,U227,R89,2026-04-17 10:16:00,706
ORD13930,U521,R70,2026-04-17 19:26:00,323
ORD13931,U749,R146,2026-04-17 10:33:00,236
ORD13932,U166,R114,2026-04-17 13:38:00,164
ORD13933,U98,R5,2026-04-17 18:20:00,766
ORD13934,U316,R79,2026-04-17 10:59:00,291
ORD13935,U440,R140,2026-04-17 12:44:00,322
ORD13936,U742,R21,2026-04-17 18:05:00,732
ORD13937,U132,R166,2026-04-17 19:03:00,701
ORD13938,U8,R184,2026-04-17 17:38:00,183
ORD13939,U651,R177,2026-04-17 18:33:00,641
ORD13940,U519,R5,2026-04-17 12:25:00,248
ORD13941,U613,R156,2026-04-17 18:02:00,315
ORD13942,U967,R152,2026-04-17 10:35:00,271
ORD13943,U423,R198,2026-04-17 16:10:00,562
ORD13944,U804,R69,2026-04-17 13:42:00,108
ORD13945,U546,R104,2026-04-17 18:17:00,773
ORD13946,U122,R119,2026-04-17 15:05:00,391
ORD13947,U995,R21,2026-04-17 17:52:00,321
ORD13948,U174,R78,2026-04-17 17:02:00,388
ORD13949,U135,R190,2026-04-17 19:50:00,320
ORD13950,U744,R42,2026-04-17 18:50:00,432
ORD13951,U649,R186,2026-04-17 12:09:00,591
ORD13952,U155,R12,2026-04-17 12:44:00,179
ORD13953,U533,R14,2026-04-17 11:14:00,701
ORD13954,U177,R58,2026-04-17 17:14:00,417
ORD13955,U769,R113,2026-04-17 11:14:00,544
ORD13956,U32,R22,2026-04-17 15:04:00,234
ORD13957,U610,R150,2026-04-17 19:12:00,701
ORD13958,U525,R47,2026-04-17 15:10:00,373
ORD13959,U11,R197,2026-04-17 14:53:00,289
ORD13960,U344,R6,2026-04-17 17:19:00,154
ORD13961,U686,R119,2026-04-17 17:36:00,579
ORD13962,U194,R55,2026-04-17 10:03:00,168
ORD13963,U226,R129,2026-04-17 18:34:00,608
ORD13964,U40,R104,2026-04-17 17:56:00,268
ORD13965,U797,R167,2026-04-17 11:41:00,326
ORD13966,U808,R184,2026-04-17 18:57:00,412
ORD13967,U769,R51,2026-04-17 13:01:00,493
ORD13968,U907,R43,2026-04-17 15:16:00,307
ORD13969,U22,R116,2026-04-17 12:31:00,535
ORD13970,U172,R91,2026-04-17 13:57:00,794
ORD13971,U38,R137,2026-04-17 13:29:00,261
ORD13972,U355,R125,2026-04-17 11:39:00,505
ORD13973,U783,R166,2026-04-17 19:06:00,199
ORD13974,U169,R182,2026-04-17 11:30:00,673
ORD13975,U477,R73,2026-04-17 13:50:00,625
ORD13976,U48,R182,2026-04-17 11:59:00,655
ORD13977,U70,R90,2026-04-17 15:20:00,633
ORD13978,U690,R198,2026-04-17 12:10:00,735
ORD13979,U363,R37,2026-04-17 16:31:00,501
ORD13980,U736,R175,2026-04-17 19:23:00,106
ORD13981,U246,R127,2026-04-17 17:43:00,323
ORD13982,U261,R6,2026-04-17 13:42:00,730
ORD13983,U159,R85,2026-04-17 16:51:00,536
ORD13984,U30,R143,2026-04-17 17:03:00,608
ORD13985,U901,R60,2026-04-17 19:58:00,437
ORD13986,U550,R195,2026-04-17 10:54:00,497
ORD13987,U551,R15,2026-04-17 15:48:00,789
ORD13988,U571,R100,2026-04-17 18:24:00,472
ORD13989,U645,R94,2026-04-17 19:08:00,210
ORD13990,U889,R17,2026-04-17 15:08:00,580
ORD13991,U717,R15,2026-04-17 18:05:00,613
ORD13992,U476,R144,2026-04-17 11:34:00,354
ORD13993,U37,R143,2026-04-17 15:05:00,530
ORD13994,U19,R78,2026-04-17 10:51:00,559
ORD13995,U520,R107,2026-04-17 15:34:00,278
ORD13996,U199,R82,2026-04-17 18:24:00,599
ORD13997,U593,R105,2026-04-17 16:16:00,541
ORD13998,U910,R17,2026-04-17 10:28:00,454
ORD13999,U397,R49,2026-04-17 19:53:00,740
ORD14000,U196,R89,2026-04-17 11:23:00,187
ORD14001,U734,R79,2026-04-17 16:06:00,154
ORD14002,U742,R18,2026-04-17 16:52:00,360
ORD14003,U263,R68,2026-04-17 15:15:00,484
ORD14004,U408,R21,2026-04-17 17:33:00,560
ORD14005,U200,R19,2026-04-17 18:15:00,518
ORD14006,U151,R45,2026-04-17 17:30:00,673
ORD14007,U851,R47,2026-04-17 17:34:00,562
ORD14008,U192,R3,2026-04-17 11:06:00,101
ORD14009,U19,R54,2026-04-17 11:03:00,449
ORD14010,U920,R5,2026-04-17 13:05:00,451
ORD14011,U41,R55,2026-04-17 15:46:00,186
ORD14012,U85,R122,2026-04-17 17:47:00,202
ORD14013,U578,R63,2026-04-17 15:02:00,477
ORD14014,U705,R25,2026-04-17 10:22:00,405
ORD14015,U952,R103,2026-04-17 13:41:00,505
ORD14016,U624,R11,2026-04-17 15:30:00,725
ORD14017,U842,R79,2026-04-17 19:18:00,763
ORD14018,U847,R157,2026-04-17 12:56:00,401
ORD14019,U93,R38,2026-04-17 19:11:00,137
ORD14020,U888,R2,2026-04-17 13:29:00,375
ORD14021,U863,R80,2026-04-17 17:39:00,589
ORD14022,U92,R7,2026-04-17 18:36:00,256
ORD14023,U847,R196,2026-04-17 17:31:00,676
ORD14024,U693,R2,2026-04-17 12:31:00,156
ORD14025,U139,R171,2026-04-17 17:58:00,600
ORD14026,U406,R80,2026-04-17 14:23:00,558
ORD14027,U595,R93,2026-04-17 11:31:00,633
ORD14028,U244,R29,2026-04-17 11:22:00,272
ORD14029,U817,R27,2026-04-17 14:34:00,142
ORD14030,U902,R199,2026-04-17 17:44:00,605
ORD14031,U1000,R68,2026-04-17 15:39:00,296
ORD14032,U96,R163,2026-04-17 18:29:00,371
ORD14033,U320,R90,2026-04-17 19:20:00,145
ORD14034,U948,R157,2026-04-17 17:11:00,300
ORD14035,U447,R140,2026-04-17 16:48:00,293
ORD14036,U31,R113,2026-04-17 12:56:00,384
ORD14037,U834,R53,2026-04-17 18:17:00,367
ORD14038,U901,R167,2026-04-17 15:35:00,136
ORD14039,U419,R30,2026-04-17 17:08:00,503
ORD14040,U723,R73,2026-04-17 12:59:00,478
ORD14041,U655,R18,2026-04-17 12:05:00,773
ORD14042,U229,R195,2026-04-17 10:30:00,368
ORD14043,U323,R141,2026-04-17 16:27:00,184
ORD14044,U317,R82,2026-04-17 19:20:00,319
ORD14045,U22,R60,2026-04-17 11:49:00,232
ORD14046,U133,R35,2026-04-17 18:56:00,108
ORD14047,U125,R108,2026-04-17 17:04:00,601
ORD14048,U813,R46,2026-04-17 16:54:00,114
ORD14049,U941,R149,2026-04-17 12:16:00,489
ORD14050,U416,R146,2026-04-17 17:47:00,115
ORD14051,U263,R194,2026-04-17 18:18:00,682
ORD14052,U413,R183,2026-04-17 16:34:00,477
ORD14053,U815,R121,2026-04-17 10:12:00,490
ORD14054,U515,R190,2026-04-17 19:22:00,764
ORD14055,U336,R133,2026-04-17 16:53:00,123
ORD14056,U829,R181,2026-04-17 10:08:00,463
ORD14057,U729,R131,2026-04-17 11:22:00,154
ORD14058,U22,R22,2026-04-17 15:24:00,428
ORD14059,U716,R42,2026-04-17 13:33:00,479
ORD14060,U195,R5,2026-04-17 13:08:00,189
ORD14061,U850,R49,2026-04-17 15:40:00,199
ORD14062,U467,R71,2026-04-17 10:40:00,673
ORD14063,U42,R70,2026-04-17 19:53:00,252
ORD14064,U907,R71,2026-04-17 14:08:00,451
ORD14065,U201,R116,2026-04-17 14:00:00,245
ORD14066,U946,R92,2026-04-17 17:40:00,162
ORD14067,U688,R13,2026-04-17 17:38:00,224
ORD14068,U684,R152,2026-04-17 13:52:00,722
ORD14069,U921,R74,2026-04-17 19:35:00,265
ORD14070,U52,R171,2026-04-17 18:45:00,249
ORD14071,U223,R160,2026-04-17 15:04:00,426
ORD14072,U148,R141,2026-04-17 19:22:00,349
ORD14073,U348,R170,2026-04-17 15:36:00,281
ORD14074,U477,R28,2026-04-17 15:21:00,540
ORD14075,U491,R94,2026-04-17 10:16:00,701
ORD14076,U927,R18,2026-04-17 12:41:00,560
ORD14077,U60,R3,2026-04-17 17:45:00,327
ORD14078,U13,R132,2026-04-17 11:36:00,471
ORD14079,U78,R64,2026-04-17 19:05:00,763
ORD14080,U961,R182,2026-04-17 13:50:00,339
ORD14081,U171,R164,2026-04-17 16:20:00,162
ORD14082,U417,R146,2026-04-17 10:32:00,499
ORD14083,U592,R39,2026-04-17 15:37:00,107
ORD14084,U590,R71,2026-04-17 19:09:00,161
ORD14085,U838,R196,2026-04-17 14:51:00,247
ORD14086,U351,R13,2026-04-17 14:36:00,712
ORD14087,U131,R171,2026-04-17 10:27:00,207
ORD14088,U698,R136,2026-04-17 19:48:00,632
ORD14089,U511,R196,2026-04-17 16:57:00,746
ORD14090,U805,R56,2026-04-17 16:31:00,569
ORD14091,U44,R38,2026-04-17 19:55:00,715
ORD14092,U527,R183,2026-04-17 16:37:00,150
ORD14093,U730,R114,2026-04-17 17:15:00,765
ORD14094,U146,R48,2026-04-17 12:09:00,374
ORD14095,U414,R44,2026-04-17 17:08:00,330
ORD14096,U579,R139,2026-04-17 13:36:00,686
ORD14097,U195,R125,2026-04-17 19:48:00,667
ORD14098,U868,R12,2026-04-17 18:43:00,778
ORD14099,U448,R138,2026-04-17 10:25:00,573
ORD14100,U582,R52,2026-04-17 15:03:00,293
ORD14101,U933,R29,2026-04-17 10:03:00,250
ORD14102,U892,R146,2026-04-17 15:52:00,535
ORD14103,U223,R98,2026-04-17 11:44:00,293
ORD14104,U182,R153,2026-04-17 11:40:00,758
ORD14105,U221,R177,2026-04-17 11:27:00,229
ORD14106,U442,R3,2026-04-17 17:11:00,223
ORD14107,U145,R116,2026-04-17 13:16:00,576
ORD14108,U121,R192,2026-04-17 18:51:00,602
ORD14109,U329,R163,2026-04-17 10:31:00,367
ORD14110,U557,R104,2026-04-17 18:34:00,279
ORD14111,U735,R74,2026-04-17 12:48:00,726
ORD14112,U937,R199,2026-04-17 12:00:00,639
ORD14113,U427,R99,2026-04-17 13:11:00,419
ORD14114,U996,R168,2026-04-17 10:56:00,404
ORD14115,U618,R149,2026-04-17 17:34:00,138
ORD14116,U200,R124,2026-04-17 11:44:00,672
ORD14117,U737,R72,2026-04-17 12:08:00,559
ORD14118,U732,R78,2026-04-17 19:57:00,368
ORD14119,U757,R144,2026-04-17 14:33:00,355
ORD14120,U894,R9,2026-04-17 10:44:00,736
ORD14121,U848,R47,2026-04-17 12:57:00,575
ORD14122,U524,R46,2026-04-17 17:37:00,126
ORD14123,U765,R171,2026-04-17 10:29:00,235
ORD14124,U470,R70,2026-04-17 14:24:00,240
ORD14125,U89,R200,2026-04-17 10:09:00,783
ORD14126,U189,R150,2026-04-17 11:01:00,398
ORD14127,U278,R101,2026-04-17 19:38:00,612
ORD14128,U59,R33,2026-04-17 18:03:00,698
ORD14129,U941,R26,2026-04-17 16:15:00,263
ORD14130,U885,R173,2026-04-17 15:31:00,262
ORD14131,U928,R107,2026-04-17 19:05:00,447
ORD14132,U412,R152,2026-04-17 12:38:00,380
ORD14133,U976,R5,2026-04-17 12:58:00,412
ORD14134,U509,R194,2026-04-17 19:09:00,733
ORD14135,U770,R117,2026-04-17 19:00:00,272
ORD14136,U385,R99,2026-04-17 13:54:00,477
ORD14137,U482,R184,2026-04-17 18:31:00,732
ORD14138,U865,R183,2026-04-17 13:02:00,165
ORD14139,U251,R176,2026-04-17 12:01:00,289
ORD14140,U711,R40,2026-04-17 16:58:00,269
ORD14141,U216,R23,2026-04-17 12:41:00,680
ORD14142,U834,R13,2026-04-17 11:56:00,613
ORD14143,U719,R18,2026-04-17 16:21:00,272
ORD14144,U98,R137,2026-04-17 16:14:00,284
ORD14145,U817,R117,2026-04-17 16:05:00,138
ORD14146,U130,R91,2026-04-17 16:31:00,723
ORD14147,U123,R37,2026-04-17 14:44:00,705
ORD14148,U904,R3,2026-04-17 19:24:00,605
ORD14149,U971,R159,2026-04-17 13:18:00,746
ORD14150,U85,R5,2026-04-17 15:11:00,459
ORD14151,U337,R96,2026-04-17 11:32:00,796
ORD14152,U945,R145,2026-04-17 19:44:00,143
ORD14153,U781,R76,2026-04-17 14:53:00,719
ORD14154,U11,R136,2026-04-17 19:50:00,415
ORD14155,U535,R124,2026-04-17 17:34:00,592
ORD14156,U679,R102,2026-04-17 15:00:00,762
ORD14157,U607,R1,2026-04-17 11:38:00,413
ORD14158,U607,R52,2026-04-17 17:42:00,233
ORD14159,U500,R91,2026-04-17 16:52:00,651
ORD14160,U197,R138,2026-04-17 10:05:00,291
ORD14161,U27,R167,2026-04-17 13:06:00,745
ORD14162,U731,R167,2026-04-17 16:55:00,605
ORD14163,U408,R22,2026-04-17 19:20:00,567
ORD14164,U36,R137,2026-04-17 18:08:00,536
ORD14165,U427,R54,2026-04-17 15:59:00,625
ORD14166,U737,R112,2026-04-17 16:45:00,688
ORD14167,U594,R146,2026-04-17 11:51:00,472
ORD14168,U13,R2,2026-04-17 14:42:00,597
ORD14169,U913,R133,2026-04-17 12:40:00,141
ORD14170,U648,R193,2026-04-17 10:01:00,407
ORD14171,U547,R184,2026-04-17 19:05:00,490
ORD14172,U23,R150,2026-04-17 12:52:00,618
ORD14173,U322,R164,2026-04-17 11:13:00,172
ORD14174,U11,R91,2026-04-17 13:52:00,414
ORD14175,U297,R180,2026-04-17 15:09:00,315
ORD14176,U680,R70,2026-04-17 11:30:00,628
ORD14177,U789,R84,2026-04-17 11:33:00,276
ORD14178,U372,R116,2026-04-17 10:19:00,310
ORD14179,U33,R3,2026-04-17 13:56:00,575
ORD14180,U944,R29,2026-04-17 13:05:00,784
ORD14181,U474,R10,2026-04-17 18:10:00,368
ORD14182,U324,R125,2026-04-17 13:39:00,494
ORD14183,U415,R114,2026-04-17 12:27:00,747
ORD14184,U726,R87,2026-04-17 14:34:00,284
ORD14185,U989,R105,2026-04-17 19:12:00,112
ORD14186,U967,R87,2026-04-17 12:53:00,449
ORD14187,U343,R123,2026-04-17 13:18:00,538
ORD14188,U48,R8,2026-04-17 18:21:00,797
ORD14189,U738,R184,2026-04-17 11:48:00,154
ORD14190,U210,R20,2026-04-17 17:55:00,402
ORD14191,U774,R188,2026-04-17 15:17:00,361
ORD14192,U893,R30,2026-04-17 12:47:00,743
ORD14193,U121,R123,2026-04-17 11:00:00,394
ORD14194,U674,R108,2026-04-17 14:48:00,492
ORD14195,U323,R112,2026-04-17 17:52:00,604
ORD14196,U72,R49,2026-04-17 12:02:00,292
ORD14197,U574,R83,2026-04-17 17:08:00,566
ORD14198,U924,R49,2026-04-17 19:46:00,618
ORD14199,U555,R99,2026-04-17 12:11:00,417
ORD14200,U970,R39,2026-04-17 17:21:00,486
ORD14201,U756,R154,2026-04-17 11:35:00,576
ORD14202,U217,R7,2026-04-17 18:21:00,269
ORD14203,U209,R102,2026-04-17 11:59:00,426
ORD14204,U266,R11,2026-04-17 10:17:00,468
ORD14205,U700,R172,2026-04-17 12:06:00,668
ORD14206,U530,R99,2026-04-17 17:30:00,296
ORD14207,U883,R58,2026-04-17 19:55:00,266
ORD14208,U647,R194,2026-04-17 15:52:00,230
ORD14209,U985,R127,2026-04-17 16:21:00,251
ORD14210,U934,R40,2026-04-17 17:11:00,429
ORD14211,U603,R35,2026-04-17 11:25:00,787
ORD14212,U763,R149,2026-04-17 17:08:00,243
ORD14213,U541,R173,2026-04-17 10:34:00,151
ORD14214,U309,R115,2026-04-17 12:37:00,778
ORD14215,U609,R143,2026-04-17 12:34:00,252
ORD14216,U575,R100,2026-04-17 14:24:00,479
ORD14217,U120,R149,2026-04-17 16:50:00,239
ORD14218,U829,R167,2026-04-17 15:29:00,123
ORD14219,U338,R86,2026-04-17 19:35:00,228
ORD14220,U213,R30,2026-04-17 19:32:00,287
ORD14221,U816,R32,2026-04-17 13:29:00,123
ORD14222,U510,R172,2026-04-17 16:22:00,212
ORD14223,U145,R12,2026-04-17 12:07:00,170
ORD14224,U502,R158,2026-04-17 16:56:00,293
ORD14225,U802,R59,2026-04-17 16:45:00,530
ORD14226,U247,R190,2026-04-17 19:06:00,185
ORD14227,U482,R122,2026-04-17 17:58:00,788
ORD14228,U442,R151,2026-04-17 12:02:00,335
ORD14229,U951,R89,2026-04-17 14:17:00,521
ORD14230,U729,R122,2026-04-17 19:34:00,407
ORD14231,U103,R7,2026-04-17 14:58:00,335
ORD14232,U682,R58,2026-04-17 13:38:00,309
ORD14233,U138,R122,2026-04-17 18:31:00,238
ORD14234,U753,R154,2026-04-17 14:01:00,436
ORD14235,U617,R89,2026-04-17 18:19:00,661
ORD14236,U244,R89,2026-04-17 17:53:00,416
ORD14237,U964,R89,2026-04-17 12:30:00,748
ORD14238,U675,R141,2026-04-17 19:35:00,170
ORD14239,U6,R111,2026-04-17 19:03:00,511
ORD14240,U560,R61,2026-04-17 10:34:00,324
ORD14241,U655,R191,2026-04-17 11:38:00,183
ORD14242,U394,R111,2026-04-17 14:46:00,140
ORD14243,U853,R74,2026-04-17 17:37:00,385
ORD14244,U723,R120,2026-04-17 17:49:00,298
ORD14245,U140,R166,2026-04-17 19:10:00,541
ORD14246,U416,R29,2026-04-17 10:53:00,739
ORD14247,U598,R5,2026-04-17 15:29:00,515
ORD14248,U107,R109,2026-04-17 11:23:00,626
ORD14249,U492,R94,2026-04-17 15:47:00,341
ORD14250,U962,R99,2026-04-17 15:39:00,714
ORD14251,U679,R151,2026-04-17 19:48:00,267
ORD14252,U487,R82,2026-04-17 19:25:00,466
ORD14253,U959,R11,2026-04-17 13:06:00,314
ORD14254,U527,R195,2026-04-17 19:00:00,762
ORD14255,U726,R60,2026-04-17 14:26:00,619
ORD14256,U337,R159,2026-04-17 13:10:00,720
ORD14257,U77,R58,2026-04-17 12:36:00,288
ORD14258,U960,R15,2026-04-17 18:34:00,312
ORD14259,U744,R64,2026-04-17 12:53:00,102
ORD14260,U167,R98,2026-04-17 18:47:00,349
ORD14261,U18,R137,2026-04-17 14:58:00,189
ORD14262,U382,R187,2026-04-17 19:09:00,150
ORD14263,U753,R177,2026-04-17 13:57:00,236
ORD14264,U329,R192,2026-04-17 14:29:00,487
ORD14265,U12,R11,2026-04-17 19:53:00,285
ORD14266,U364,R164,2026-04-17 10:34:00,344
ORD14267,U944,R119,2026-04-17 19:34:00,474
ORD14268,U435,R18,2026-04-17 16:17:00,203
ORD14269,U598,R197,2026-04-17 17:21:00,377
ORD14270,U575,R83,2026-04-17 15:27:00,596
ORD14271,U873,R91,2026-04-17 19:57:00,106
ORD14272,U858,R113,2026-04-17 16:29:00,641
ORD14273,U93,R41,2026-04-17 12:15:00,182
ORD14274,U144,R62,2026-04-17 13:28:00,690
ORD14275,U449,R182,2026-04-17 12:19:00,557
ORD14276,U143,R126,2026-04-17 14:20:00,705
ORD14277,U885,R113,2026-04-17 19:26:00,318
ORD14278,U33,R98,2026-04-17 11:03:00,560
ORD14279,U488,R151,2026-04-17 13:06:00,477
ORD14280,U244,R108,2026-04-17 12:14:00,431
ORD14281,U727,R134,2026-04-17 14:51:00,789
ORD14282,U194,R43,2026-04-17 12:14:00,711
ORD14283,U474,R200,2026-04-17 15:40:00,218
ORD14284,U92,R145,2026-04-17 14:31:00,286
ORD14285,U534,R2,2026-04-17 13:57:00,723
ORD14286,U714,R33,2026-04-17 10:33:00,362
ORD14287,U231,R83,2026-04-17 19:48:00,739
ORD14288,U615,R43,2026-04-17 17:17:00,474
ORD14289,U335,R135,2026-04-17 13:02:00,445
ORD14290,U491,R105,2026-04-17 12:19:00,405
ORD14291,U711,R33,2026-04-17 10:19:00,545
ORD14292,U502,R81,2026-04-17 14:28:00,463
ORD14293,U975,R72,2026-04-17 15:48:00,225
ORD14294,U62,R81,2026-04-17 15:09:00,747
ORD14295,U701,R170,2026-04-17 18:02:00,462
ORD14296,U988,R181,2026-04-17 11:59:00,152
ORD14297,U839,R153,2026-04-17 16:26:00,397
ORD14298,U749,R129,2026-04-17 18:11:00,340
ORD14299,U123,R93,2026-04-17 16:31:00,308
ORD14300,U735,R92,2026-04-17 17:02:00,504
ORD14301,U317,R43,2026-04-17 16:08:00,166
ORD14302,U884,R103,2026-04-17 15:42:00,681
ORD14303,U313,R8,2026-04-17 15:18:00,257
ORD14304,U651,R129,2026-04-17 11:00:00,608
ORD14305,U403,R87,2026-04-17 10:19:00,275
ORD14306,U103,R135,2026-04-17 18:23:00,389
ORD14307,U756,R154,2026-04-17 19:20:00,759
ORD14308,U879,R47,2026-04-17 15:58:00,730
ORD14309,U837,R197,2026-04-17 14:44:00,104
ORD14310,U788,R131,2026-04-17 10:59:00,445
ORD14311,U91,R84,2026-04-17 13:25:00,429
ORD14312,U546,R19,2026-04-17 17:56:00,642
ORD14313,U563,R156,2026-04-17 15:21:00,281
ORD14314,U624,R48,2026-04-17 14:55:00,531
ORD14315,U876,R47,2026-04-17 13:33:00,172
ORD14316,U46,R131,2026-04-17 15:43:00,208
ORD14317,U669,R94,2026-04-17 15:32:00,442
ORD14318,U369,R76,2026-04-17 16:59:00,387
ORD14319,U128,R41,2026-04-17 15:33:00,343
ORD14320,U650,R12,2026-04-17 19:52:00,314
ORD14321,U120,R103,2026-04-17 15:05:00,506
ORD14322,U659,R46,2026-04-17 15:50:00,175
ORD14323,U802,R86,2026-04-17 16:57:00,387
ORD14324,U350,R169,2026-04-17 12:25:00,504
ORD14325,U374,R26,2026-04-17 18:40:00,686
ORD14326,U215,R50,2026-04-17 13:49:00,753
ORD14327,U405,R157,2026-04-17 12:53:00,178
ORD14328,U61,R60,2026-04-17 17:28:00,639
ORD14329,U647,R65,2026-04-17 10:04:00,477
ORD14330,U76,R86,2026-04-17 12:39:00,704
ORD14331,U884,R167,2026-04-17 18:50:00,576
ORD14332,U770,R130,2026-04-17 14:51:00,492
ORD14333,U235,R146,2026-04-17 10:34:00,614
ORD14334,U370,R119,2026-04-17 16:16:00,403
ORD14335,U415,R18,2026-04-17 18:27:00,278
ORD14336,U167,R114,2026-04-17 16:21:00,510
ORD14337,U79,R103,2026-04-17 10:01:00,647
ORD14338,U43,R178,2026-04-17 11:48:00,172
ORD14339,U623,R70,2026-04-17 11:32:00,673
ORD14340,U985,R92,2026-04-17 14:02:00,457
ORD14341,U697,R136,2026-04-17 18:54:00,758
ORD14342,U470,R107,2026-04-17 10:33:00,515
ORD14343,U581,R144,2026-04-17 18:15:00,677
ORD14344,U122,R109,2026-04-17 13:44:00,109
ORD14345,U714,R77,2026-04-17 18:06:00,713
ORD14346,U925,R45,2026-04-17 11:32:00,106
ORD14347,U52,R1,2026-04-17 10:31:00,784
ORD14348,U317,R92,2026-04-17 10:50:00,474
ORD14349,U48,R49,2026-04-17 18:03:00,420
ORD14350,U566,R173,2026-04-17 10:08:00,512
ORD14351,U12,R101,2026-04-17 16:22:00,730
ORD14352,U427,R21,2026-04-17 19:16:00,638
ORD14353,U908,R189,2026-04-17 19:38:00,407
ORD14354,U272,R51,2026-04-17 18:43:00,678
ORD14355,U519,R40,2026-04-17 13:08:00,649
ORD14356,U938,R11,2026-04-17 10:40:00,610
ORD14357,U866,R159,2026-04-17 12:11:00,511
ORD14358,U458,R6,2026-04-17 11:12:00,292
ORD14359,U979,R69,2026-04-17 13:20:00,240
ORD14360,U504,R108,2026-04-17 16:15:00,491
ORD14361,U488,R92,2026-04-17 13:44:00,726
ORD14362,U579,R91,2026-04-17 19:11:00,776
ORD14363,U816,R91,2026-04-17 13:59:00,606
ORD14364,U921,R49,2026-04-17 18:48:00,520
ORD14365,U790,R36,2026-04-17 17:19:00,440
ORD14366,U339,R110,2026-04-17 16:06:00,118
ORD14367,U577,R179,2026-04-17 14:37:00,585
ORD14368,U416,R78,2026-04-17 14:15:00,478
ORD14369,U504,R3,2026-04-17 19:22:00,215
ORD14370,U108,R60,2026-04-17 12:53:00,248
ORD14371,U41,R194,2026-04-17 14:22:00,524
ORD14372,U572,R85,2026-04-17 11:48:00,797
ORD14373,U917,R53,2026-04-17 15:36:00,332
ORD14374,U532,R200,2026-04-17 10:11:00,489
ORD14375,U909,R157,2026-04-17 16:50:00,167
ORD14376,U243,R64,2026-04-17 11:07:00,800
ORD14377,U880,R135,2026-04-17 13:11:00,127
ORD14378,U233,R12,2026-04-17 11:01:00,608
ORD14379,U439,R171,2026-04-17 17:37:00,703
ORD14380,U464,R115,2026-04-17 18:08:00,460
ORD14381,U562,R103,2026-04-17 11:58:00,222
ORD14382,U910,R58,2026-04-17 11:43:00,109
ORD14383,U736,R22,2026-04-17 15:27:00,623
ORD14384,U598,R74,2026-04-17 11:20:00,598
ORD14385,U568,R43,2026-04-17 17:21:00,787
ORD14386,U557,R13,2026-04-17 17:27:00,458
ORD14387,U150,R181,2026-04-17 12:08:00,458
ORD14388,U253,R50,2026-04-17 15:04:00,265
ORD14389,U161,R142,2026-04-17 10:26:00,184
ORD14390,U955,R93,2026-04-17 10:02:00,721
ORD14391,U489,R84,2026-04-17 18:45:00,496
ORD14392,U464,R34,2026-04-17 12:33:00,750
ORD14393,U207,R4,2026-04-17 12:18:00,642
ORD14394,U992,R189,2026-04-17 12:53:00,486
ORD14395,U92,R16,2026-04-17 17:20:00,719
ORD14396,U932,R154,2026-04-17 18:01:00,448
ORD14397,U817,R168,2026-04-17 13:49:00,553
ORD14398,U977,R18,2026-04-17 17:02:00,309
ORD14399,U514,R98,2026-04-17 12:07:00,779
ORD14400,U137,R22,2026-04-17 16:40:00,183
ORD14401,U259,R179,2026-04-17 10:53:00,262
ORD14402,U188,R9,2026-04-17 18:45:00,693
ORD14403,U141,R52,2026-04-17 11:49:00,435
ORD14404,U723,R85,2026-04-17 18:21:00,350
ORD14405,U252,R7,2026-04-17 13:09:00,477
ORD14406,U207,R75,2026-04-17 15:30:00,535
ORD14407,U710,R170,2026-04-17 11:34:00,308
ORD14408,U172,R11,2026-04-17 15:57:00,361
ORD14409,U835,R121,2026-04-17 12:59:00,298
ORD14410,U572,R9,2026-04-17 16:17:00,221
ORD14411,U776,R81,2026-04-17 14:05:00,283
ORD14412,U327,R187,2026-04-17 16:46:00,147
ORD14413,U843,R98,2026-04-17 12:38:00,388
ORD14414,U853,R190,2026-04-17 17:44:00,106
ORD14415,U862,R76,2026-04-17 15:16:00,658
ORD14416,U866,R184,2026-04-17 16:14:00,534
ORD14417,U807,R65,2026-04-17 17:13:00,461
ORD14418,U581,R39,2026-04-17 18:03:00,583
ORD14419,U198,R82,2026-04-17 16:43:00,397
ORD14420,U223,R28,2026-04-17 15:20:00,216
ORD14421,U992,R23,2026-04-17 18:17:00,328
ORD14422,U334,R17,2026-04-17 11:42:00,620
ORD14423,U688,R166,2026-04-17 17:28:00,242
ORD14424,U963,R51,2026-04-17 15:06:00,200
ORD14425,U99,R190,2026-04-17 17:46:00,730
ORD14426,U723,R12,2026-04-17 18:16:00,100
ORD14427,U821,R134,2026-04-17 18:38:00,126
ORD14428,U637,R120,2026-04-17 17:52:00,440
ORD14429,U868,R79,2026-04-17 13:34:00,341
ORD14430,U881,R173,2026-04-17 15:50:00,617
ORD14431,U989,R153,2026-04-17 16:48:00,429
ORD14432,U314,R130,2026-04-17 11:57:00,530
ORD14433,U504,R10,2026-04-17 19:29:00,357
ORD14434,U262,R34,2026-04-17 15:41:00,104
ORD14435,U472,R11,2026-04-17 13:51:00,386
ORD14436,U94,R19,2026-04-17 12:39:00,351
ORD14437,U409,R168,2026-04-17 16:36:00,193
ORD14438,U342,R61,2026-04-17 16:43:00,102
ORD14439,U943,R29,2026-04-17 16:28:00,131
ORD14440,U560,R58,2026-04-17 12:08:00,537
ORD14441,U652,R55,2026-04-17 11:04:00,470
ORD14442,U535,R145,2026-04-17 19:53:00,422
ORD14443,U332,R27,2026-04-17 12:42:00,338
ORD14444,U359,R26,2026-04-17 17:23:00,647
ORD14445,U751,R52,2026-04-17 18:18:00,471
ORD14446,U522,R197,2026-04-17 19:12:00,193
ORD14447,U153,R46,2026-04-17 17:21:00,424
ORD14448,U846,R157,2026-04-17 18:35:00,756
ORD14449,U15,R47,2026-04-17 18:52:00,102
ORD14450,U628,R110,2026-04-17 11:32:00,301
ORD14451,U164,R60,2026-04-17 17:08:00,709
ORD14452,U338,R9,2026-04-17 18:50:00,570
ORD14453,U460,R152,2026-04-17 19:11:00,644
ORD14454,U533,R48,2026-04-17 14:05:00,420
ORD14455,U691,R68,2026-04-17 18:43:00,127
ORD14456,U389,R124,2026-04-17 15:40:00,628
ORD14457,U152,R182,2026-04-17 18:51:00,581
ORD14458,U311,R117,2026-04-17 15:39:00,784
ORD14459,U199,R32,2026-04-17 18:17:00,622
ORD14460,U931,R42,2026-04-17 15:15:00,245
ORD14461,U812,R78,2026-04-17 16:41:00,539
ORD14462,U341,R9,2026-04-17 18:50:00,256
ORD14463,U926,R54,2026-04-17 11:21:00,460
ORD14464,U122,R119,2026-04-17 14:37:00,693
ORD14465,U15,R41,2026-04-17 18:34:00,261
ORD14466,U856,R33,2026-04-17 17:29:00,550
ORD14467,U663,R60,2026-04-17 10:09:00,594
ORD14468,U156,R60,2026-04-17 13:25:00,229
ORD14469,U779,R50,2026-04-17 10:01:00,305
ORD14470,U258,R125,2026-04-17 10:37:00,484
ORD14471,U919,R181,2026-04-17 13:50:00,103
ORD14472,U852,R144,2026-04-17 12:07:00,390
ORD14473,U492,R26,2026-04-17 16:37:00,227
ORD14474,U210,R25,2026-04-17 14:56:00,286
ORD14475,U896,R181,2026-04-17 18:37:00,188
ORD14476,U216,R173,2026-04-17 10:31:00,722
ORD14477,U175,R22,2026-04-17 12:47:00,409
ORD14478,U797,R68,2026-04-17 14:40:00,235
ORD14479,U225,R99,2026-04-17 18:23:00,647
ORD14480,U186,R109,2026-04-17 14:42:00,689
ORD14481,U42,R180,2026-04-17 18:09:00,343
ORD14482,U593,R58,2026-04-17 13:25:00,370
ORD14483,U206,R68,2026-04-17 15:56:00,745
ORD14484,U986,R177,2026-04-17 16:07:00,606
ORD14485,U608,R64,2026-04-17 13:51:00,239
ORD14486,U888,R79,2026-04-17 11:12:00,529
ORD14487,U138,R36,2026-04-17 14:28:00,120
ORD14488,U814,R116,2026-04-17 18:26:00,373
ORD14489,U374,R188,2026-04-17 16:33:00,616
ORD14490,U130,R58,2026-04-17 15:47:00,727
ORD14491,U461,R141,2026-04-17 14:06:00,467
ORD14492,U493,R34,2026-04-17 13:08:00,410
ORD14493,U627,R200,2026-04-17 15:11:00,722
ORD14494,U688,R85,2026-04-17 10:03:00,675
ORD14495,U344,R145,2026-04-17 12:28:00,287
ORD14496,U637,R40,2026-04-17 14:17:00,581
ORD14497,U556,R191,2026-04-17 19:47:00,572
ORD14498,U450,R69,2026-04-17 19:28:00,777
ORD14499,U887,R104,2026-04-17 18:07:00,375
ORD14500,U631,R23,2026-04-17 18:47:00,545
ORD14501,U649,R131,2026-04-17 19:53:00,237
ORD14502,U447,R76,2026-04-17 17:52:00,534
ORD14503,U1,R28,2026-04-17 17:07:00,698
ORD14504,U135,R38,2026-04-17 12:50:00,195
ORD14505,U402,R63,2026-04-17 13:53:00,750
ORD14506,U841,R41,2026-04-17 17:17:00,589
ORD14507,U367,R157,2026-04-17 16:45:00,112
ORD14508,U615,R186,2026-04-17 11:46:00,775
ORD14509,U182,R113,2026-04-17 18:53:00,659
ORD14510,U762,R168,2026-04-17 14:11:00,147
ORD14511,U662,R18,2026-04-17 16:47:00,729
ORD14512,U300,R112,2026-04-17 14:08:00,544
ORD14513,U467,R69,2026-04-17 10:10:00,547
ORD14514,U742,R89,2026-04-17 17:54:00,550
ORD14515,U972,R154,2026-04-17 14:02:00,322
ORD14516,U981,R142,2026-04-17 15:35:00,401
ORD14517,U789,R43,2026-04-17 19:17:00,116
ORD14518,U890,R74,2026-04-17 10:01:00,532
ORD14519,U381,R173,2026-04-17 13:58:00,330
ORD14520,U269,R121,2026-04-17 16:56:00,275
ORD14521,U888,R199,2026-04-17 18:39:00,791
ORD14522,U113,R74,2026-04-17 14:37:00,370
ORD14523,U67,R126,2026-04-17 11:06:00,121
ORD14524,U253,R71,2026-04-17 17:58:00,146
ORD14525,U981,R11,2026-04-17 11:47:00,241
ORD14526,U936,R20,2026-04-17 17:57:00,465
ORD14527,U218,R176,2026-04-17 15:14:00,688
ORD14528,U11,R185,2026-04-17 16:01:00,306
ORD14529,U646,R196,2026-04-17 14:45:00,536
ORD14530,U352,R70,2026-04-17 12:26:00,417
ORD14531,U5,R64,2026-04-17 11:49:00,427
ORD14532,U520,R146,2026-04-17 17:29:00,263
ORD14533,U334,R45,2026-04-17 10:59:00,104
ORD14534,U623,R136,2026-04-17 15:58:00,135
ORD14535,U315,R183,2026-04-17 11:52:00,731
ORD14536,U459,R160,2026-04-17 19:49:00,426
ORD14537,U901,R84,2026-04-17 11:55:00,391
ORD14538,U250,R75,2026-04-17 13:56:00,295
ORD14539,U51,R120,2026-04-17 17:46:00,790
ORD14540,U127,R184,2026-04-17 13:15:00,771
ORD14541,U57,R186,2026-04-17 12:13:00,793
ORD14542,U789,R66,2026-04-17 11:03:00,124
ORD14543,U900,R130,2026-04-17 10:09:00,271
ORD14544,U405,R142,2026-04-17 12:04:00,464
ORD14545,U962,R196,2026-04-17 16:31:00,712
ORD14546,U953,R25,2026-04-17 16:50:00,210
ORD14547,U806,R3,2026-04-17 10:47:00,236
ORD14548,U591,R98,2026-04-17 17:50:00,613
ORD14549,U512,R135,2026-04-17 12:03:00,604
ORD14550,U15,R79,2026-04-17 10:27:00,752
ORD14551,U870,R95,2026-04-17 10:30:00,578
ORD14552,U88,R49,2026-04-17 17:04:00,337
ORD14553,U472,R162,2026-04-17 15:31:00,664
ORD14554,U443,R7,2026-04-17 10:50:00,251
ORD14555,U413,R195,2026-04-17 13:36:00,443
ORD14556,U78,R152,2026-04-17 18:39:00,672
ORD14557,U966,R99,2026-04-17 17:57:00,627
ORD14558,U301,R101,2026-04-17 17:41:00,664
ORD14559,U843,R144,2026-04-17 18:44:00,576
ORD14560,U140,R171,2026-04-17 11:38:00,227
ORD14561,U403,R158,2026-04-17 15:07:00,185
ORD14562,U724,R82,2026-04-17 15:21:00,371
ORD14563,U11,R102,2026-04-17 19:06:00,134
ORD14564,U639,R152,2026-04-17 11:44:00,494
ORD14565,U970,R9,2026-04-17 15:54:00,431
ORD14566,U368,R43,2026-04-17 16:28:00,746
ORD14567,U592,R138,2026-04-17 10:32:00,343
ORD14568,U943,R39,2026-04-17 10:27:00,584
ORD14569,U675,R63,2026-04-17 18:34:00,574
ORD14570,U601,R152,2026-04-17 16:42:00,205
ORD14571,U656,R97,2026-04-17 15:14:00,501
ORD14572,U611,R192,2026-04-17 16:50:00,550
ORD14573,U549,R56,2026-04-17 16:08:00,205
ORD14574,U703,R125,2026-04-17 16:20:00,161
ORD14575,U662,R151,2026-04-17 16:45:00,295
ORD14576,U829,R124,2026-04-17 19:39:00,696
ORD14577,U585,R75,2026-04-17 12:33:00,117
ORD14578,U383,R169,2026-04-17 13:50:00,145
ORD14579,U42,R188,2026-04-17 13:49:00,661
ORD14580,U620,R49,2026-04-17 10:12:00,209
ORD14581,U532,R30,2026-04-17 10:34:00,500
ORD14582,U596,R93,2026-04-17 13:26:00,675
ORD14583,U992,R8,2026-04-17 14:54:00,788
ORD14584,U36,R38,2026-04-17 10:24:00,695
ORD14585,U869,R146,2026-04-17 18:54:00,711
ORD14586,U979,R185,2026-04-17 16:59:00,793
ORD14587,U992,R159,2026-04-17 15:19:00,221
ORD14588,U609,R7,2026-04-17 17:42:00,348
ORD14589,U431,R130,2026-04-17 14:30:00,642
ORD14590,U275,R14,2026-04-17 12:52:00,498
ORD14591,U454,R26,2026-04-17 10:02:00,472
ORD14592,U896,R151,2026-04-17 12:16:00,751
ORD14593,U744,R20,2026-04-17 15:07:00,609
ORD14594,U108,R124,2026-04-17 18:04:00,685
ORD14595,U983,R117,2026-04-17 19:54:00,772
ORD14596,U812,R156,2026-04-17 19:49:00,721
ORD14597,U654,R36,2026-04-17 17:42:00,149
ORD14598,U313,R20,2026-04-17 13:08:00,621
ORD14599,U753,R101,2026-04-17 15:19:00,745
ORD14600,U578,R22,2026-04-17 14:12:00,153
ORD14601,U730,R75,2026-04-17 19:43:00,707
ORD14602,U469,R178,2026-04-17 19:38:00,241
ORD14603,U737,R90,2026-04-17 13:03:00,658
ORD14604,U275,R55,2026-04-17 12:10:00,642
ORD14605,U713,R142,2026-04-17 15:23:00,528
ORD14606,U821,R24,2026-04-17 14:33:00,146
ORD14607,U454,R135,2026-04-17 18:59:00,423
ORD14608,U411,R147,2026-04-17 16:08:00,703
ORD14609,U774,R187,2026-04-17 18:29:00,492
ORD14610,U252,R132,2026-04-17 17:58:00,576
ORD14611,U937,R139,2026-04-17 17:22:00,115
ORD14612,U655,R123,2026-04-17 18:22:00,700
ORD14613,U383,R161,2026-04-17 19:50:00,475
ORD14614,U49,R6,2026-04-17 18:21:00,223
ORD14615,U362,R62,2026-04-17 11:27:00,485
ORD14616,U551,R50,2026-04-17 14:41:00,547
ORD14617,U873,R117,2026-04-17 13:54:00,200
ORD14618,U899,R110,2026-04-17 12:02:00,788
ORD14619,U558,R81,2026-04-17 11:43:00,690
ORD14620,U362,R165,2026-04-17 17:49:00,340
ORD14621,U971,R139,2026-04-17 17:22:00,327
ORD14622,U416,R172,2026-04-17 19:39:00,633
ORD14623,U709,R5,2026-04-17 12:56:00,117
ORD14624,U416,R27,2026-04-17 11:05:00,228
ORD14625,U937,R96,2026-04-17 19:38:00,219
ORD14626,U476,R108,2026-04-17 17:55:00,789
ORD14627,U355,R10,2026-04-17 18:41:00,339
ORD14628,U722,R38,2026-04-17 19:29:00,146
ORD14629,U305,R199,2026-04-17 16:07:00,474
ORD14630,U858,R118,2026-04-17 14:10:00,295
ORD14631,U183,R58,2026-04-17 12:11:00,239
ORD14632,U656,R122,2026-04-17 11:53:00,152
ORD14633,U594,R125,2026-04-17 12:59:00,312
ORD14634,U836,R121,2026-04-17 16:07:00,643
ORD14635,U961,R117,2026-04-17 14:44:00,245
ORD14636,U268,R114,2026-04-17 15:46:00,453
ORD14637,U283,R16,2026-04-17 16:46:00,246
ORD14638,U500,R178,2026-04-17 18:40:00,378
ORD14639,U699,R11,2026-04-17 12:14:00,445
ORD14640,U681,R91,2026-04-17 11:34:00,694
ORD14641,U38,R16,2026-04-17 13:25:00,250
ORD14642,U729,R188,2026-04-17 14:53:00,525
ORD14643,U478,R115,2026-04-17 15:08:00,259
ORD14644,U626,R107,2026-04-17 16:37:00,154
ORD14645,U600,R120,2026-04-17 13:43:00,607
ORD14646,U358,R152,2026-04-17 19:06:00,733
ORD14647,U816,R114,2026-04-17 16:42:00,463
ORD14648,U775,R63,2026-04-17 11:17:00,291
ORD14649,U369,R61,2026-04-17 13:45:00,651
ORD14650,U745,R37,2026-04-17 19:41:00,233
ORD14651,U864,R14,2026-04-17 15:07:00,625
ORD14652,U855,R33,2026-04-17 17:56:00,472
ORD14653,U392,R100,2026-04-17 10:01:00,504
ORD14654,U266,R66,2026-04-17 18:03:00,527
ORD14655,U987,R68,2026-04-17 10:55:00,527
ORD14656,U775,R176,2026-04-17 15:28:00,179
ORD14657,U427,R79,2026-04-17 17:43:00,438
ORD14658,U579,R150,2026-04-17 10:35:00,398
ORD14659,U236,R22,2026-04-17 11:16:00,260
ORD14660,U313,R110,2026-04-17 13:53:00,209
ORD14661,U228,R127,2026-04-17 16:20:00,767
ORD14662,U742,R112,2026-04-17 15:40:00,736
ORD14663,U549,R125,2026-04-17 19:30:00,280
ORD14664,U438,R76,2026-04-17 13:01:00,736
ORD14665,U849,R165,2026-04-17 11:49:00,705
ORD14666,U368,R176,2026-04-17 16:53:00,130
ORD14667,U663,R11,2026-04-17 18:15:00,398
ORD14668,U748,R100,2026-04-17 19:32:00,773
ORD14669,U111,R55,2026-04-17 19:15:00,527
ORD14670,U734,R29,2026-04-17 15:06:00,294
ORD14671,U545,R180,2026-04-17 11:16:00,778
ORD14672,U913,R127,2026-04-17 17:34:00,474
ORD14673,U227,R171,2026-04-17 13:36:00,683
ORD14674,U569,R141,2026-04-17 18:29:00,664
ORD14675,U371,R71,2026-04-17 19:28:00,272
ORD14676,U466,R87,2026-04-17 11:05:00,277
ORD14677,U701,R132,2026-04-17 15:33:00,209
ORD14678,U44,R69,2026-04-17 12:12:00,665
ORD14679,U761,R149,2026-04-17 13:04:00,389
ORD14680,U758,R51,2026-04-17 16:48:00,681
ORD14681,U198,R180,2026-04-17 17:59:00,530
ORD14682,U909,R67,2026-04-17 19:17:00,581
ORD14683,U550,R14,2026-04-17 15:19:00,177
ORD14684,U639,R99,2026-04-17 14:11:00,745
ORD14685,U121,R35,2026-04-17 11:14:00,582
ORD14686,U730,R124,2026-04-17 17:40:00,384
ORD14687,U533,R146,2026-04-17 19:30:00,724
ORD14688,U419,R160,2026-04-17 14:40:00,250
ORD14689,U986,R118,2026-04-17 16:08:00,398
ORD14690,U345,R30,2026-04-17 11:22:00,104
ORD14691,U886,R155,2026-04-17 11:47:00,548
ORD14692,U902,R45,2026-04-17 19:26:00,570
ORD14693,U443,R97,2026-04-17 14:16:00,512
ORD14694,U374,R158,2026-04-17 16:28:00,718
ORD14695,U217,R96,2026-04-17 10:11:00,529
ORD14696,U806,R102,2026-04-17 17:25:00,223
ORD14697,U258,R196,2026-04-17 18:01:00,192
ORD14698,U887,R54,2026-04-17 17:16:00,259
ORD14699,U581,R166,2026-04-17 10:35:00,759
ORD14700,U535,R182,2026-04-17 17:36:00,616
ORD14701,U122,R61,2026-04-17 19:19:00,467
ORD14702,U813,R159,2026-04-17 16:42:00,387
ORD14703,U762,R176,2026-04-17 12:00:00,123
ORD14704,U71,R48,2026-04-17 18:02:00,629
ORD14705,U263,R37,2026-04-17 12:16:00,794
ORD14706,U66,R94,2026-04-17 12:01:00,468
ORD14707,U779,R174,2026-04-17 13:08:00,286
ORD14708,U712,R46,2026-04-17 10:44:00,253
ORD14709,U232,R151,2026-04-17 16:01:00,332
ORD14710,U919,R199,2026-04-17 10:38:00,512
ORD14711,U358,R175,2026-04-17 17:43:00,530
ORD14712,U543,R22,2026-04-17 14:51:00,615
ORD14713,U339,R113,2026-04-17 13:10:00,155
ORD14714,U317,R118,2026-04-17 14:34:00,190
ORD14715,U164,R179,2026-04-17 11:58:00,473
ORD14716,U286,R86,2026-04-17 17:07:00,747
ORD14717,U96,R114,2026-04-17 13:02:00,114
ORD14718,U197,R39,2026-04-17 17:51:00,382
ORD14719,U967,R16,2026-04-17 11:16:00,149
ORD14720,U930,R85,2026-04-17 16:34:00,185
ORD14721,U817,R29,2026-04-17 18:33:00,692
ORD14722,U980,R158,2026-04-17 12:55:00,535
ORD14723,U891,R143,2026-04-17 15:53:00,309
ORD14724,U32,R129,2026-04-17 15:48:00,334
ORD14725,U43,R38,2026-04-17 16:49:00,643
ORD14726,U551,R171,2026-04-17 18:04:00,635
ORD14727,U397,R87,2026-04-17 11:11:00,369
ORD14728,U703,R153,2026-04-17 11:41:00,601
ORD14729,U256,R196,2026-04-17 17:47:00,268
ORD14730,U948,R74,2026-04-17 12:44:00,441
ORD14731,U127,R55,2026-04-17 13:13:00,775
ORD14732,U455,R136,2026-04-17 14:34:00,362
ORD14733,U606,R25,2026-04-17 14:13:00,624
ORD14734,U687,R190,2026-04-17 14:17:00,516
ORD14735,U956,R162,2026-04-17 13:05:00,281
ORD14736,U724,R194,2026-04-17 19:15:00,329
ORD14737,U760,R58,2026-04-17 14:19:00,514
ORD14738,U80,R127,2026-04-17 19:34:00,327
ORD14739,U215,R52,2026-04-17 18:11:00,787
ORD14740,U493,R52,2026-04-17 10:45:00,153
ORD14741,U981,R131,2026-04-17 15:54:00,258
ORD14742,U261,R4,2026-04-17 14:34:00,763
ORD14743,U997,R9,2026-04-17 16:55:00,108
ORD14744,U174,R47,2026-04-17 13:16:00,323
ORD14745,U986,R131,2026-04-17 16:30:00,546
ORD14746,U584,R84,2026-04-17 13:12:00,313
ORD14747,U182,R19,2026-04-17 15:29:00,117
ORD14748,U285,R117,2026-04-17 18:00:00,181
ORD14749,U26,R7,2026-04-17 13:03:00,544
ORD14750,U9,R51,2026-04-17 11:23:00,337
ORD14751,U280,R173,2026-04-17 16:57:00,735
ORD14752,U728,R113,2026-04-17 19:22:00,125
ORD14753,U694,R62,2026-04-17 15:14:00,275
ORD14754,U313,R177,2026-04-17 13:54:00,729
ORD14755,U480,R187,2026-04-17 12:43:00,114
ORD14756,U992,R27,2026-04-17 11:35:00,692
ORD14757,U96,R120,2026-04-17 13:47:00,687
ORD14758,U250,R175,2026-04-17 15:13:00,570
ORD14759,U486,R66,2026-04-17 17:18:00,579
ORD14760,U266,R155,2026-04-17 13:32:00,182
ORD14761,U949,R149,2026-04-17 18:42:00,433
ORD14762,U681,R2,2026-04-17 18:06:00,173
ORD14763,U710,R157,2026-04-17 14:08:00,550
ORD14764,U486,R147,2026-04-17 19:13:00,484
ORD14765,U514,R115,2026-04-17 10:04:00,157
ORD14766,U149,R23,2026-04-17 10:07:00,129
ORD14767,U670,R2,2026-04-17 16:59:00,370
ORD14768,U198,R73,2026-04-17 17:39:00,556
ORD14769,U327,R193,2026-04-17 19:11:00,280
ORD14770,U492,R12,2026-04-17 15:21:00,362
ORD14771,U4,R36,2026-04-17 13:30:00,259
ORD14772,U288,R183,2026-04-17 12:01:00,609
ORD14773,U597,R146,2026-04-17 16:30:00,480
ORD14774,U640,R89,2026-04-17 17:00:00,664
ORD14775,U669,R43,2026-04-17 15:05:00,680
ORD14776,U461,R143,2026-04-17 12:05:00,783
ORD14777,U232,R84,2026-04-17 17:00:00,254
ORD14778,U83,R198,2026-04-17 13:56:00,180
ORD14779,U144,R113,2026-04-17 13:46:00,649
ORD14780,U228,R191,2026-04-17 13:41:00,508
ORD14781,U855,R197,2026-04-17 11:04:00,772
ORD14782,U487,R98,2026-04-17 19:41:00,420
ORD14783,U847,R199,2026-04-17 12:21:00,311
ORD14784,U728,R175,2026-04-17 18:23:00,390
ORD14785,U513,R193,2026-04-17 15:24:00,327
ORD14786,U512,R80,2026-04-17 17:25:00,462
ORD14787,U774,R41,2026-04-17 11:07:00,717
ORD14788,U377,R43,2026-04-17 17:28:00,602
ORD14789,U200,R57,2026-04-17 17:29:00,673
ORD14790,U661,R164,2026-04-17 17:40:00,706
ORD14791,U243,R53,2026-04-17 10:49:00,587
ORD14792,U74,R167,2026-04-17 19:38:00,508
ORD14793,U733,R118,2026-04-17 19:14:00,373
ORD14794,U400,R59,2026-04-17 17:04:00,739
ORD14795,U781,R71,2026-04-17 12:15:00,644
ORD14796,U642,R94,2026-04-17 14:52:00,183
ORD14797,U427,R200,2026-04-17 10:53:00,352
ORD14798,U500,R81,2026-04-17 10:06:00,642
ORD14799,U476,R22,2026-04-17 13:39:00,617
ORD14800,U441,R38,2026-04-17 16:13:00,249
ORD14801,U230,R81,2026-04-17 12:53:00,154
ORD14802,U753,R35,2026-04-17 16:23:00,600
ORD14803,U394,R82,2026-04-17 10:13:00,483
ORD14804,U898,R120,2026-04-17 19:03:00,207
ORD14805,U442,R47,2026-04-17 10:18:00,407
ORD14806,U81,R154,2026-04-17 11:24:00,275
ORD14807,U511,R71,2026-04-17 10:54:00,275
ORD14808,U361,R138,2026-04-17 13:24:00,275
ORD14809,U461,R61,2026-04-17 15:26:00,520
ORD14810,U822,R52,2026-04-17 10:23:00,736
ORD14811,U457,R108,2026-04-17 17:33:00,333
ORD14812,U9,R41,2026-04-17 13:46:00,523
ORD14813,U643,R160,2026-04-17 17:59:00,213
ORD14814,U595,R133,2026-04-17 10:07:00,390
ORD14815,U235,R12,2026-04-17 16:56:00,123
ORD14816,U280,R40,2026-04-17 10:03:00,177
ORD14817,U903,R106,2026-04-17 17:26:00,770
ORD14818,U160,R47,2026-04-17 10:46:00,351
ORD14819,U892,R142,2026-04-17 16:39:00,641
ORD14820,U915,R138,2026-04-17 18:44:00,354
ORD14821,U676,R16,2026-04-17 13:39:00,566
ORD14822,U49,R165,2026-04-17 11:58:00,309
ORD14823,U511,R192,2026-04-17 17:05:00,594
ORD14824,U438,R102,2026-04-17 16:02:00,642
ORD14825,U587,R13,2026-04-17 12:25:00,453
ORD14826,U154,R187,2026-04-17 18:41:00,233
ORD14827,U397,R105,2026-04-17 19:08:00,611
ORD14828,U445,R53,2026-04-17 14:05:00,303
ORD14829,U957,R84,2026-04-17 15:42:00,258
ORD14830,U236,R113,2026-04-17 14:58:00,109
ORD14831,U876,R67,2026-04-17 19:06:00,422
ORD14832,U589,R162,2026-04-17 11:40:00,235
ORD14833,U851,R64,2026-04-17 16:32:00,759
ORD14834,U638,R109,2026-04-17 15:36:00,284
ORD14835,U780,R61,2026-04-17 14:55:00,508
ORD14836,U542,R200,2026-04-17 12:18:00,543
ORD14837,U624,R54,2026-04-17 16:32:00,290
ORD14838,U792,R6,2026-04-17 10:57:00,296
ORD14839,U177,R138,2026-04-17 12:38:00,768
ORD14840,U617,R187,2026-04-17 15:14:00,232
ORD14841,U589,R37,2026-04-17 13:43:00,670
ORD14842,U197,R98,2026-04-17 17:55:00,124
ORD14843,U245,R57,2026-04-17 14:11:00,406
ORD14844,U220,R190,2026-04-17 16:59:00,566
ORD14845,U436,R92,2026-04-17 11:44:00,421
ORD14846,U345,R14,2026-04-17 11:37:00,485
ORD14847,U116,R187,2026-04-17 17:08:00,354
ORD14848,U155,R80,2026-04-17 14:24:00,706
ORD14849,U927,R66,2026-04-17 13:32:00,600
ORD14850,U931,R96,2026-04-17 13:17:00,409
ORD14851,U966,R115,2026-04-17 16:27:00,470
ORD14852,U677,R148,2026-04-17 19:50:00,623
ORD14853,U246,R34,2026-04-17 10:28:00,738
ORD14854,U239,R23,2026-04-17 16:25:00,528
ORD14855,U477,R95,2026-04-17 12:08:00,614
ORD14856,U103,R177,2026-04-17 11:00:00,720
ORD14857,U15,R72,2026-04-17 10:24:00,576
ORD14858,U115,R31,2026-04-17 11:03:00,276
ORD14859,U610,R183,2026-04-17 19:40:00,146
ORD14860,U722,R66,2026-04-17 12:52:00,692
ORD14861,U539,R12,2026-04-17 11:23:00,340
ORD14862,U906,R132,2026-04-17 13:32:00,652
ORD14863,U492,R5,2026-04-17 18:55:00,719
ORD14864,U30,R89,2026-04-17 14:16:00,265
ORD14865,U202,R122,2026-04-17 13:02:00,659
ORD14866,U164,R24,2026-04-17 13:28:00,432
ORD14867,U686,R82,2026-04-17 11:12:00,216
ORD14868,U698,R8,2026-04-17 11:33:00,567
ORD14869,U437,R70,2026-04-17 15:57:00,411
ORD14870,U979,R56,2026-04-17 12:19:00,540
ORD14871,U433,R200,2026-04-17 18:56:00,313
ORD14872,U977,R171,2026-04-17 10:09:00,541
ORD14873,U763,R126,2026-04-17 10:16:00,429
ORD14874,U750,R28,2026-04-17 16:48:00,214
ORD14875,U721,R97,2026-04-17 15:38:00,623
ORD14876,U536,R94,2026-04-17 15:37:00,220
ORD14877,U601,R146,2026-04-17 16:52:00,402
ORD14878,U460,R112,2026-04-17 19:57:00,710
ORD14879,U240,R148,2026-04-17 15:27:00,561
ORD14880,U630,R129,2026-04-17 10:56:00,487
ORD14881,U830,R59,2026-04-17 11:18:00,261
ORD14882,U424,R19,2026-04-17 19:06:00,317
ORD14883,U601,R71,2026-04-17 19:39:00,449
ORD14884,U665,R187,2026-04-17 11:10:00,352
ORD14885,U594,R36,2026-04-17 16:14:00,350
ORD14886,U462,R81,2026-04-17 11:19:00,178
ORD14887,U448,R170,2026-04-17 15:46:00,699
ORD14888,U38,R30,2026-04-17 10:52:00,305
ORD14889,U118,R71,2026-04-17 15:29:00,576
ORD14890,U543,R154,2026-04-17 10:29:00,495
ORD14891,U848,R130,2026-04-17 11:29:00,106
ORD14892,U515,R24,2026-04-17 19:29:00,697
ORD14893,U614,R113,2026-04-17 10:46:00,333
ORD14894,U664,R133,2026-04-17 15:00:00,618
ORD14895,U572,R155,2026-04-17 14:35:00,691
ORD14896,U480,R121,2026-04-17 14:55:00,216
ORD14897,U356,R137,2026-04-17 15:10:00,357
ORD14898,U719,R105,2026-04-17 10:01:00,584
ORD14899,U558,R48,2026-04-17 13:49:00,474
ORD14900,U544,R76,2026-04-17 11:30:00,767
ORD14901,U940,R22,2026-04-17 14:53:00,614
ORD14902,U122,R55,2026-04-17 10:10:00,224
ORD14903,U10,R52,2026-04-17 13:10:00,716
ORD14904,U772,R15,2026-04-17 19:04:00,705
ORD14905,U81,R28,2026-04-17 18:19:00,788
ORD14906,U404,R145,2026-04-17 18:11:00,768
ORD14907,U580,R88,2026-04-17 10:53:00,390
ORD14908,U67,R163,2026-04-17 18:07:00,349
ORD14909,U817,R154,2026-04-17 15:44:00,723
ORD14910,U513,R69,2026-04-17 10:26:00,643
ORD14911,U54,R64,2026-04-17 16:02:00,615
ORD14912,U695,R34,2026-04-17 17:35:00,378
ORD14913,U947,R182,2026-04-17 18:26:00,789
ORD14914,U580,R196,2026-04-17 18:31:00,784
ORD14915,U873,R133,2026-04-17 18:16:00,567
ORD14916,U909,R185,2026-04-17 12:54:00,605
ORD14917,U196,R82,2026-04-17 14:43:00,699
ORD14918,U188,R110,2026-04-17 10:12:00,783
ORD14919,U479,R130,2026-04-17 16:45:00,479
ORD14920,U967,R101,2026-04-17 18:38:00,800
ORD14921,U65,R72,2026-04-17 17:14:00,229
ORD14922,U75,R29,2026-04-17 19:23:00,224
ORD14923,U821,R52,2026-04-17 18:36:00,310
ORD14924,U871,R163,2026-04-17 15:31:00,197
ORD14925,U894,R187,2026-04-17 12:32:00,677
ORD14926,U821,R161,2026-04-17 13:21:00,579
ORD14927,U403,R162,2026-04-17 16:12:00,214
ORD14928,U341,R135,2026-04-17 11:11:00,394
ORD14929,U479,R51,2026-04-17 15:51:00,663
ORD14930,U915,R117,2026-04-17 19:54:00,624
ORD14931,U146,R108,2026-04-17 16:50:00,365
ORD14932,U990,R115,2026-04-17 10:49:00,316
ORD14933,U776,R153,2026-04-17 18:29:00,363
ORD14934,U980,R64,2026-04-17 19:13:00,505
ORD14935,U811,R10,2026-04-17 10:50:00,564
ORD14936,U271,R143,2026-04-17 12:32:00,366
ORD14937,U227,R94,2026-04-17 13:13:00,374
ORD14938,U234,R96,2026-04-17 10:00:00,637
ORD14939,U528,R161,2026-04-17 19:11:00,597
ORD14940,U627,R100,2026-04-17 13:59:00,131
ORD14941,U333,R77,2026-04-17 18:30:00,230
ORD14942,U688,R132,2026-04-17 18:16:00,767
ORD14943,U593,R145,2026-04-17 16:39:00,232
ORD14944,U302,R98,2026-04-17 10:28:00,701
ORD14945,U689,R89,2026-04-17 12:07:00,116
ORD14946,U606,R28,2026-04-17 19:26:00,106
ORD14947,U681,R187,2026-04-17 14:09:00,564
ORD14948,U784,R9,2026-04-17 16:03:00,416
ORD14949,U146,R41,2026-04-17 14:38:00,141
ORD14950,U484,R96,2026-04-17 13:52:00,269
ORD14951,U918,R79,2026-04-17 19:51:00,325
ORD14952,U35,R175,2026-04-17 13:55:00,522
ORD14953,U157,R190,2026-04-17 18:05:00,326
ORD14954,U70,R167,2026-04-17 10:27:00,788
ORD14955,U120,R93,2026-04-17 13:53:00,754
ORD14956,U897,R23,2026-04-17 16:21:00,266
ORD14957,U545,R184,2026-04-17 15:51:00,408
ORD14958,U858,R28,2026-04-17 13:36:00,600
ORD14959,U642,R130,2026-04-17 11:34:00,189
ORD14960,U989,R32,2026-04-17 10:55:00,156
ORD14961,U392,R168,2026-04-17 18:23:00,466
ORD14962,U644,R150,2026-04-17 17:28:00,645
ORD14963,U778,R92,2026-04-17 10:21:00,149
ORD14964,U139,R99,2026-04-17 19:50:00,165
ORD14965,U890,R12,2026-04-17 13:39:00,614
ORD14966,U559,R151,2026-04-17 12:16:00,539
ORD14967,U923,R177,2026-04-17 15:29:00,250
ORD14968,U971,R32,2026-04-17 12:25:00,254
ORD14969,U82,R154,2026-04-17 16:07:00,145
ORD14970,U10,R189,2026-04-17 16:09:00,566
ORD14971,U908,R123,2026-04-17 15:19:00,545
ORD14972,U535,R176,2026-04-17 11:28:00,623
ORD14973,U291,R45,2026-04-17 15:21:00,402
ORD14974,U53,R86,2026-04-17 12:52:00,389
ORD14975,U351,R33,2026-04-17 13:56:00,315
ORD14976,U278,R76,2026-04-17 18:35:00,637
ORD14977,U703,R178,2026-04-17 11:32:00,754
ORD14978,U777,R163,2026-04-17 14:08:00,360
ORD14979,U292,R93,2026-04-17 13:00:00,430
ORD14980,U664,R131,2026-04-17 12:34:00,221
ORD14981,U845,R137,2026-04-17 19:12:00,199
ORD14982,U159,R138,2026-04-17 16:58:00,784
ORD14983,U583,R91,2026-04-17 18:59:00,690
ORD14984,U19,R59,2026-04-17 13:27:00,755
ORD14985,U848,R79,2026-04-17 17:20:00,533
ORD14986,U810,R41,2026-04-17 18:35:00,466
ORD14987,U662,R160,2026-04-17 15:22:00,646
ORD14988,U486,R62,2026-04-17 15:18:00,761
ORD14989,U147,R172,2026-04-17 10:12:00,680
ORD14990,U582,R72,2026-04-17 14:20:00,653
ORD14991,U676,R183,2026-04-17 14:23:00,193
ORD14992,U325,R18,2026-04-17 11:56:00,327
ORD14993,U101,R63,2026-04-17 15:34:00,798
ORD14994,U602,R98,2026-04-17 14:52:00,476
ORD14995,U186,R93,2026-04-17 13:14:00,583
ORD14996,U183,R176,2026-04-17 14:57:00,257
ORD14997,U656,R12,2026-04-17 12:51:00,763
ORD14998,U927,R64,2026-04-17 15:04:00,591
ORD14999,U691,R22,2026-04-17 12:50:00,622
ORD15000,U141,R85,2026-04-17 17:17:00,726
ORD15001,U221,R181,2026-04-17 13:08:00,690
ORD15002,U353,R81,2026-04-17 16:02:00,250
ORD15003,U137,R179,2026-04-17 19:12:00,147
ORD15004,U990,R130,2026-04-17 13:53:00,282
ORD15005,U336,R20,2026-04-17 15:40:00,349
ORD15006,U414,R169,2026-04-17 19:52:00,733
ORD15007,U770,R75,2026-04-17 16:19:00,521
ORD15008,U111,R81,2026-04-17 18:52:00,202
ORD15009,U760,R24,2026-04-17 12:30:00,559
ORD15010,U777,R96,2026-04-17 10:11:00,160
ORD15011,U850,R195,2026-04-17 19:01:00,555
ORD15012,U249,R71,2026-04-17 15:38:00,513
ORD15013,U760,R185,2026-04-17 18:06:00,459
ORD15014,U901,R84,2026-04-17 11:35:00,710
ORD15015,U949,R184,2026-04-17 12:54:00,327
ORD15016,U501,R141,2026-04-17 19:40:00,513
ORD15017,U193,R32,2026-04-17 16:13:00,433
ORD15018,U161,R40,2026-04-17 16:47:00,720
ORD15019,U223,R6,2026-04-17 12:02:00,108
ORD15020,U584,R131,2026-04-17 19:46:00,402
ORD15021,U252,R127,2026-04-17 14:32:00,107
ORD15022,U230,R132,2026-04-17 15:45:00,641
ORD15023,U88,R134,2026-04-17 18:09:00,393
ORD15024,U290,R65,2026-04-17 19:43:00,486
ORD15025,U927,R130,2026-04-17 12:44:00,170
ORD15026,U21,R169,2026-04-17 11:08:00,620
ORD15027,U78,R127,2026-04-17 18:53:00,294
ORD15028,U123,R179,2026-04-17 19:39:00,518
ORD15029,U237,R196,2026-04-17 17:16:00,539
ORD15030,U881,R6,2026-04-17 18:21:00,729
ORD15031,U228,R32,2026-04-17 12:28:00,699
ORD15032,U949,R85,2026-04-17 16:19:00,724
ORD15033,U51,R117,2026-04-17 14:08:00,405
ORD15034,U238,R78,2026-04-17 10:32:00,353
ORD15035,U757,R139,2026-04-17 11:44:00,757
ORD15036,U727,R183,2026-04-17 10:13:00,305
ORD15037,U918,R63,2026-04-17 10:33:00,783
ORD15038,U624,R80,2026-04-17 14:45:00,158
ORD15039,U963,R163,2026-04-17 14:16:00,757
ORD15040,U541,R13,2026-04-17 16:14:00,142
ORD15041,U467,R200,2026-04-17 19:07:00,361
ORD15042,U738,R73,2026-04-17 19:39:00,780
ORD15043,U101,R131,2026-04-17 11:14:00,539
ORD15044,U759,R185,2026-04-17 18:17:00,786
ORD15045,U766,R4,2026-04-17 10:18:00,112
ORD15046,U395,R133,2026-04-17 13:34:00,729
ORD15047,U227,R164,2026-04-17 17:32:00,441
ORD15048,U557,R67,2026-04-17 11:44:00,636
ORD15049,U791,R103,2026-04-17 18:36:00,734
ORD15050,U390,R46,2026-04-17 19:43:00,460
ORD15051,U957,R101,2026-04-17 17:20:00,267
ORD15052,U8,R111,2026-04-17 18:19:00,219
ORD15053,U843,R154,2026-04-17 11:02:00,250
ORD15054,U161,R72,2026-04-17 12:30:00,420
ORD15055,U590,R79,2026-04-17 12:35:00,617
ORD15056,U972,R72,2026-04-17 11:35:00,349
ORD15057,U893,R29,2026-04-17 15:07:00,240
ORD15058,U301,R100,2026-04-17 10:44:00,301
ORD15059,U172,R115,2026-04-17 16:23:00,107
ORD15060,U39,R122,2026-04-17 11:19:00,615
ORD15061,U622,R80,2026-04-17 11:00:00,467
ORD15062,U958,R100,2026-04-17 17:06:00,315
ORD15063,U819,R20,2026-04-17 14:56:00,490
ORD15064,U27,R110,2026-04-17 16:25:00,134
ORD15065,U235,R140,2026-04-17 13:55:00,730
ORD15066,U272,R17,2026-04-17 10:04:00,614
ORD15067,U493,R184,2026-04-17 16:23:00,297
ORD15068,U855,R45,2026-04-17 17:12:00,473
ORD15069,U620,R137,2026-04-17 19:01:00,289
ORD15070,U822,R93,2026-04-17 14:50:00,375
ORD15071,U992,R54,2026-04-17 17:29:00,714
ORD15072,U72,R137,2026-04-17 17:46:00,718
ORD15073,U970,R32,2026-04-17 12:49:00,594
ORD15074,U886,R36,2026-04-17 17:28:00,217
ORD15075,U256,R62,2026-04-17 11:57:00,452
ORD15076,U37,R92,2026-04-17 19:46:00,654
ORD15077,U962,R167,2026-04-17 14:57:00,586
ORD15078,U740,R111,2026-04-17 16:23:00,554
ORD15079,U925,R37,2026-04-17 12:32:00,531
ORD15080,U60,R192,2026-04-17 15:50:00,688
ORD15081,U608,R12,2026-04-17 18:35:00,323
ORD15082,U173,R57,2026-04-17 16:35:00,284
ORD15083,U149,R112,2026-04-17 12:53:00,192
ORD15084,U770,R135,2026-04-17 16:20:00,366
ORD15085,U920,R89,2026-04-17 13:21:00,115
ORD15086,U775,R116,2026-04-17 17:18:00,269
ORD15087,U449,R88,2026-04-17 17:57:00,361
ORD15088,U62,R89,2026-04-17 19:47:00,229
ORD15089,U517,R65,2026-04-17 18:07:00,451
ORD15090,U344,R142,2026-04-17 10:50:00,426
ORD15091,U775,R82,2026-04-17 13:08:00,723
ORD15092,U304,R21,2026-04-17 13:22:00,228
ORD15093,U230,R145,2026-04-17 10:26:00,729
ORD15094,U808,R12,2026-04-17 19:43:00,646
ORD15095,U542,R142,2026-04-17 14:34:00,430
ORD15096,U800,R172,2026-04-17 16:13:00,711
ORD15097,U94,R51,2026-04-17 18:59:00,499
ORD15098,U16,R33,2026-04-17 13:37:00,537
ORD15099,U63,R120,2026-04-17 11:15:00,287
ORD15100,U461,R52,2026-04-17 16:06:00,796
ORD15101,U202,R61,2026-04-17 15:36:00,354
ORD15102,U750,R55,2026-04-17 17:19:00,544
ORD15103,U512,R36,2026-04-17 15:38:00,178
ORD15104,U526,R27,2026-04-17 19:33:00,389
ORD15105,U288,R98,2026-04-17 16:29:00,525
ORD15106,U649,R123,2026-04-17 14:02:00,483
ORD15107,U91,R146,2026-04-17 16:13:00,131
ORD15108,U714,R176,2026-04-17 10:39:00,132
ORD15109,U423,R163,2026-04-17 17:30:00,363
ORD15110,U960,R172,2026-04-17 15:50:00,634
ORD15111,U325,R75,2026-04-17 15:48:00,684
ORD15112,U863,R90,2026-04-17 17:05:00,645
ORD15113,U258,R99,2026-04-17 14:56:00,132
ORD15114,U768,R195,2026-04-17 14:40:00,685
ORD15115,U126,R138,2026-04-17 13:43:00,610
ORD15116,U499,R180,2026-04-17 16:20:00,547
ORD15117,U871,R86,2026-04-17 16:58:00,190
ORD15118,U513,R114,2026-04-17 14:45:00,254
ORD15119,U5,R97,2026-04-17 17:28:00,299
ORD15120,U985,R124,2026-04-17 19:06:00,169
ORD15121,U395,R155,2026-04-17 16:49:00,664
ORD15122,U547,R117,2026-04-17 13:29:00,708
ORD15123,U442,R146,2026-04-17 19:48:00,415
ORD15124,U406,R185,2026-04-17 16:42:00,108
ORD15125,U935,R150,2026-04-17 18:22:00,476
ORD15126,U775,R98,2026-04-17 16:22:00,141
ORD15127,U604,R159,2026-04-17 18:13:00,140
ORD15128,U453,R117,2026-04-17 16:08:00,107
ORD15129,U501,R109,2026-04-17 16:54:00,537
ORD15130,U922,R142,2026-04-17 18:16:00,771
ORD15131,U645,R68,2026-04-17 17:00:00,576
ORD15132,U475,R181,2026-04-17 12:49:00,278
ORD15133,U697,R98,2026-04-17 19:57:00,792
ORD15134,U541,R108,2026-04-17 19:02:00,702
ORD15135,U424,R60,2026-04-17 11:34:00,338
ORD15136,U616,R38,2026-04-17 17:39:00,433
ORD15137,U737,R46,2026-04-17 11:52:00,691
ORD15138,U954,R79,2026-04-17 15:11:00,542
ORD15139,U104,R111,2026-04-17 16:57:00,539
ORD15140,U612,R175,2026-04-17 11:43:00,535
ORD15141,U696,R36,2026-04-17 11:32:00,360
ORD15142,U28,R34,2026-04-17 13:06:00,528
ORD15143,U385,R136,2026-04-17 16:38:00,599
ORD15144,U643,R162,2026-04-17 16:13:00,362
ORD15145,U669,R91,2026-04-17 11:41:00,539
ORD15146,U805,R187,2026-04-17 19:12:00,165
ORD15147,U312,R9,2026-04-17 16:09:00,520
ORD15148,U121,R94,2026-04-17 18:28:00,253
ORD15149,U72,R45,2026-04-17 14:15:00,574
ORD15150,U899,R54,2026-04-17 14:16:00,771
ORD15151,U196,R50,2026-04-17 19:33:00,778
ORD15152,U524,R140,2026-04-17 18:13:00,731
ORD15153,U315,R10,2026-04-17 14:44:00,216
ORD15154,U21,R179,2026-04-17 19:39:00,116
ORD15155,U693,R157,2026-04-17 12:56:00,796
ORD15156,U785,R70,2026-04-17 17:54:00,367
ORD15157,U631,R187,2026-04-17 13:05:00,273
ORD15158,U914,R158,2026-04-17 17:16:00,321
ORD15159,U239,R120,2026-04-17 19:56:00,472
ORD15160,U946,R186,2026-04-17 17:20:00,588
ORD15161,U225,R135,2026-04-17 14:23:00,579
ORD15162,U338,R163,2026-04-17 16:28:00,774
ORD15163,U794,R33,2026-04-17 18:09:00,755
ORD15164,U208,R181,2026-04-17 17:13:00,790
ORD15165,U822,R104,2026-04-17 15:28:00,305
ORD15166,U60,R80,2026-04-17 12:18:00,136
ORD15167,U912,R43,2026-04-17 14:37:00,503
ORD15168,U727,R49,2026-04-17 10:17:00,711
ORD15169,U380,R51,2026-04-17 14:39:00,460
ORD15170,U989,R64,2026-04-17 10:17:00,571
ORD15171,U901,R10,2026-04-17 14:59:00,317
ORD15172,U82,R52,2026-04-17 11:36:00,590
ORD15173,U337,R73,2026-04-17 11:03:00,191
ORD15174,U25,R161,2026-04-17 17:33:00,662
ORD15175,U765,R3,2026-04-17 14:29:00,763
ORD15176,U291,R7,2026-04-17 17:34:00,295
ORD15177,U629,R37,2026-04-17 13:38:00,304
ORD15178,U665,R92,2026-04-17 13:32:00,198
ORD15179,U352,R81,2026-04-17 14:38:00,313
ORD15180,U118,R26,2026-04-17 19:50:00,647
ORD15181,U588,R139,2026-04-17 11:34:00,256
ORD15182,U916,R167,2026-04-17 10:21:00,705
ORD15183,U862,R138,2026-04-17 14:16:00,729
ORD15184,U286,R49,2026-04-17 18:21:00,629
ORD15185,U569,R68,2026-04-17 14:30:00,291
ORD15186,U680,R140,2026-04-17 17:49:00,701
ORD15187,U295,R40,2026-04-17 18:20:00,344
ORD15188,U74,R148,2026-04-17 10:34:00,312
ORD15189,U85,R164,2026-04-17 17:34:00,313
ORD15190,U235,R106,2026-04-17 13:00:00,673
ORD15191,U918,R120,2026-04-17 18:51:00,179
ORD15192,U50,R19,2026-04-17 13:47:00,343
ORD15193,U585,R72,2026-04-17 12:24:00,438
ORD15194,U610,R147,2026-04-17 14:57:00,778
ORD15195,U545,R28,2026-04-17 15:34:00,596
ORD15196,U499,R41,2026-04-17 14:46:00,242
ORD15197,U258,R191,2026-04-17 15:14:00,227
ORD15198,U769,R187,2026-04-17 14:53:00,500
ORD15199,U344,R82,2026-04-17 19:11:00,615
ORD15200,U239,R90,2026-04-17 11:34:00,191
ORD15201,U708,R180,2026-04-17 19:22:00,570
ORD15202,U653,R54,2026-04-17 11:44:00,408
ORD15203,U623,R104,2026-04-17 13:59:00,311
ORD15204,U569,R153,2026-04-17 18:15:00,114
ORD15205,U588,R199,2026-04-17 18:32:00,702
ORD15206,U320,R104,2026-04-17 19:32:00,197
ORD15207,U979,R88,2026-04-17 11:27:00,104
ORD15208,U786,R51,2026-04-17 13:35:00,675
ORD15209,U490,R156,2026-04-17 15:05:00,467
ORD15210,U847,R157,2026-04-17 18:33:00,394
ORD15211,U32,R136,2026-04-17 13:01:00,731
ORD15212,U697,R87,2026-04-17 17:16:00,486
ORD15213,U733,R127,2026-04-17 16:01:00,689
ORD15214,U868,R159,2026-04-17 17:26:00,696
ORD15215,U260,R181,2026-04-17 12:23:00,732
ORD15216,U610,R88,2026-04-17 14:09:00,646
ORD15217,U488,R156,2026-04-17 12:40:00,358
ORD15218,U136,R62,2026-04-17 14:14:00,270
ORD15219,U868,R10,2026-04-17 18:24:00,693
ORD15220,U971,R184,2026-04-17 12:43:00,316
ORD15221,U376,R48,2026-04-17 17:31:00,788
ORD15222,U864,R95,2026-04-17 15:00:00,420
ORD15223,U333,R31,2026-04-17 14:35:00,110
ORD15224,U310,R80,2026-04-17 14:49:00,755
ORD15225,U718,R144,2026-04-17 10:23:00,794
ORD15226,U173,R130,2026-04-17 17:54:00,361
ORD15227,U469,R56,2026-04-17 13:49:00,600
ORD15228,U502,R153,2026-04-17 17:23:00,768
ORD15229,U401,R93,2026-04-17 12:29:00,284
ORD15230,U773,R172,2026-04-17 13:42:00,450
ORD15231,U49,R178,2026-04-17 17:47:00,307
ORD15232,U713,R107,2026-04-17 12:50:00,737
ORD15233,U823,R35,2026-04-17 16:22:00,777
ORD15234,U733,R131,2026-04-17 18:48:00,389
ORD15235,U56,R108,2026-04-17 15:15:00,700
ORD15236,U533,R81,2026-04-17 14:12:00,208
ORD15237,U998,R97,2026-04-17 18:01:00,669
ORD15238,U448,R91,2026-04-17 12:14:00,742
ORD15239,U308,R49,2026-04-17 17:54:00,717
ORD15240,U588,R116,2026-04-17 19:05:00,460
ORD15241,U799,R12,2026-04-17 11:21:00,686
ORD15242,U619,R183,2026-04-17 11:45:00,153
ORD15243,U304,R181,2026-04-17 14:09:00,402
ORD15244,U510,R120,2026-04-17 19:33:00,208
ORD15245,U395,R142,2026-04-17 10:52:00,163
ORD15246,U867,R98,2026-04-17 11:50:00,185
ORD15247,U9,R115,2026-04-17 15:59:00,289
ORD15248,U776,R65,2026-04-17 12:20:00,340
ORD15249,U671,R69,2026-04-17 17:19:00,533
ORD15250,U725,R156,2026-04-17 16:34:00,318
ORD15251,U419,R196,2026-04-17 17:28:00,395
ORD15252,U972,R187,2026-04-17 10:51:00,667
ORD15253,U283,R128,2026-04-17 12:07:00,123
ORD15254,U654,R133,2026-04-17 10:35:00,378
ORD15255,U95,R152,2026-04-17 13:44:00,688
ORD15256,U811,R48,2026-04-17 19:23:00,294
ORD15257,U220,R65,2026-04-17 16:10:00,151
ORD15258,U882,R57,2026-04-17 17:38:00,380
ORD15259,U394,R55,2026-04-17 16:35:00,151
ORD15260,U225,R172,2026-04-17 15:09:00,787
ORD15261,U730,R67,2026-04-17 13:23:00,357
ORD15262,U118,R23,2026-04-17 14:51:00,509
ORD15263,U178,R170,2026-04-17 18:51:00,229
ORD15264,U58,R23,2026-04-17 19:25:00,518
ORD15265,U385,R129,2026-04-17 17:31:00,794
ORD15266,U53,R147,2026-04-17 12:57:00,628
ORD15267,U9,R83,2026-04-17 19:18:00,116
ORD15268,U792,R193,2026-04-17 15:58:00,263
ORD15269,U366,R42,2026-04-17 14:59:00,336
ORD15270,U165,R15,2026-04-17 10:18:00,679
ORD15271,U612,R141,2026-04-17 13:33:00,590
ORD15272,U153,R125,2026-04-17 15:33:00,488
ORD15273,U946,R191,2026-04-17 15:46:00,537
ORD15274,U947,R123,2026-04-17 11:53:00,387
ORD15275,U900,R78,2026-04-17 12:14:00,356
ORD15276,U815,R9,2026-04-17 17:21:00,448
ORD15277,U336,R189,2026-04-17 17:32:00,589
ORD15278,U672,R6,2026-04-17 12:06:00,397
ORD15279,U718,R195,2026-04-17 18:05:00,417
ORD15280,U362,R124,2026-04-17 10:06:00,702
ORD15281,U142,R57,2026-04-17 19:34:00,391
ORD15282,U303,R16,2026-04-17 15:10:00,296
ORD15283,U395,R95,2026-04-17 11:25:00,742
ORD15284,U967,R165,2026-04-17 14:56:00,287
ORD15285,U305,R119,2026-04-17 15:16:00,767
ORD15286,U203,R185,2026-04-17 15:49:00,105
ORD15287,U580,R138,2026-04-17 19:39:00,652
ORD15288,U205,R140,2026-04-17 16:40:00,155
ORD15289,U937,R29,2026-04-17 16:01:00,483
ORD15290,U149,R7,2026-04-17 11:10:00,702
ORD15291,U978,R10,2026-04-17 18:16:00,777
ORD15292,U321,R7,2026-04-17 11:19:00,753
ORD15293,U449,R31,2026-04-17 14:31:00,658
ORD15294,U411,R14,2026-04-17 19:41:00,136
ORD15295,U424,R28,2026-04-17 15:09:00,236
ORD15296,U997,R94,2026-04-17 18:36:00,705
ORD15297,U448,R48,2026-04-17 10:11:00,308
ORD15298,U339,R52,2026-04-17 17:09:00,174
ORD15299,U634,R5,2026-04-17 16:32:00,209
ORD15300,U282,R57,2026-04-17 12:02:00,316
ORD15301,U520,R3,2026-04-17 12:09:00,504
ORD15302,U709,R96,2026-04-17 13:05:00,638
ORD15303,U216,R4,2026-04-17 12:44:00,324
ORD15304,U97,R104,2026-04-17 15:08:00,198
ORD15305,U485,R37,2026-04-17 10:37:00,652
ORD15306,U890,R48,2026-04-17 14:12:00,780
ORD15307,U217,R136,2026-04-17 16:16:00,312
ORD15308,U917,R63,2026-04-17 19:08:00,354
ORD15309,U648,R143,2026-04-17 10:07:00,395
ORD15310,U869,R67,2026-04-17 16:36:00,756
ORD15311,U557,R170,2026-04-17 18:47:00,298
ORD15312,U930,R115,2026-04-17 10:17:00,332
ORD15313,U567,R131,2026-04-17 14:10:00,385
ORD15314,U870,R46,2026-04-17 10:15:00,491
ORD15315,U873,R58,2026-04-17 16:22:00,386
ORD15316,U336,R129,2026-04-17 12:58:00,461
ORD15317,U966,R17,2026-04-17 17:33:00,428
ORD15318,U13,R90,2026-04-17 14:25:00,236
ORD15319,U643,R141,2026-04-17 16:37:00,343
ORD15320,U525,R104,2026-04-17 12:34:00,163
ORD15321,U217,R86,2026-04-17 10:41:00,601
ORD15322,U798,R19,2026-04-17 13:12:00,177
ORD15323,U610,R181,2026-04-17 15:28:00,575
ORD15324,U374,R55,2026-04-17 10:37:00,665
ORD15325,U802,R149,2026-04-17 12:51:00,737
ORD15326,U15,R86,2026-04-17 14:29:00,550
ORD15327,U788,R191,2026-04-17 14:21:00,123
ORD15328,U796,R100,2026-04-17 14:05:00,439
ORD15329,U438,R128,2026-04-17 11:52:00,729
ORD15330,U963,R198,2026-04-17 19:31:00,646
ORD15331,U147,R37,2026-04-17 11:18:00,777
ORD15332,U613,R167,2026-04-17 12:32:00,720
ORD15333,U245,R7,2026-04-17 13:20:00,390
ORD15334,U119,R134,2026-04-17 15:13:00,473
ORD15335,U985,R192,2026-04-17 17:14:00,386
ORD15336,U805,R88,2026-04-17 13:54:00,441
ORD15337,U261,R140,2026-04-17 19:42:00,625
ORD15338,U51,R1,2026-04-17 14:08:00,329
ORD15339,U973,R63,2026-04-17 19:09:00,799
ORD15340,U187,R71,2026-04-17 18:34:00,504
ORD15341,U264,R70,2026-04-17 10:44:00,203
ORD15342,U227,R86,2026-04-17 11:32:00,303
ORD15343,U78,R24,2026-04-17 16:55:00,240
ORD15344,U32,R174,2026-04-17 18:20:00,663
ORD15345,U738,R93,2026-04-17 15:39:00,133
ORD15346,U853,R188,2026-04-17 16:19:00,366
ORD15347,U685,R103,2026-04-17 12:17:00,182
ORD15348,U539,R145,2026-04-17 13:49:00,328
ORD15349,U85,R191,2026-04-17 11:45:00,312
ORD15350,U765,R27,2026-04-17 18:08:00,179
ORD15351,U378,R177,2026-04-17 17:33:00,353
ORD15352,U25,R172,2026-04-17 12:05:00,472
ORD15353,U652,R113,2026-04-17 11:35:00,321
ORD15354,U840,R24,2026-04-17 15:05:00,410
ORD15355,U588,R93,2026-04-17 14:39:00,172
ORD15356,U147,R77,2026-04-17 15:23:00,567
ORD15357,U997,R140,2026-04-17 13:49:00,121
ORD15358,U429,R18,2026-04-17 18:13:00,313
ORD15359,U179,R57,2026-04-17 19:24:00,752
ORD15360,U261,R66,2026-04-17 16:21:00,473
ORD15361,U124,R157,2026-04-17 14:33:00,434
ORD15362,U519,R72,2026-04-17 19:46:00,714
ORD15363,U640,R105,2026-04-17 12:51:00,738
ORD15364,U300,R102,2026-04-17 10:52:00,744
ORD15365,U853,R21,2026-04-17 10:14:00,290
ORD15366,U249,R23,2026-04-17 17:22:00,753
ORD15367,U720,R99,2026-04-17 17:00:00,554
ORD15368,U404,R10,2026-04-17 16:49:00,434
ORD15369,U311,R65,2026-04-17 16:30:00,208
ORD15370,U438,R54,2026-04-17 19:08:00,299
ORD15371,U15,R20,2026-04-17 20:00:00,744
ORD15372,U313,R39,2026-04-17 12:00:00,281
ORD15373,U671,R44,2026-04-17 16:47:00,230
ORD15374,U375,R156,2026-04-17 16:36:00,255
ORD15375,U798,R59,2026-04-17 15:41:00,657
ORD15376,U35,R138,2026-04-17 16:52:00,403
ORD15377,U120,R132,2026-04-17 16:26:00,126
ORD15378,U625,R83,2026-04-17 10:16:00,646
ORD15379,U316,R29,2026-04-17 12:19:00,458
ORD15380,U637,R42,2026-04-17 18:40:00,619
ORD15381,U953,R40,2026-04-17 11:45:00,494
ORD15382,U812,R142,2026-04-17 18:45:00,337
ORD15383,U394,R44,2026-04-17 11:20:00,584
ORD15384,U25,R142,2026-04-17 19:09:00,608
ORD15385,U258,R57,2026-04-17 13:48:00,335
ORD15386,U703,R41,2026-04-17 15:06:00,772
ORD15387,U425,R7,2026-04-17 19:47:00,157
ORD15388,U603,R97,2026-04-17 12:39:00,388
ORD15389,U898,R165,2026-04-17 17:59:00,734
ORD15390,U33,R132,2026-04-17 14:10:00,217
ORD15391,U310,R153,2026-04-17 14:58:00,661
ORD15392,U565,R67,2026-04-17 11:37:00,505
ORD15393,U57,R191,2026-04-17 10:23:00,552
ORD15394,U472,R4,2026-04-17 16:55:00,174
ORD15395,U558,R86,2026-04-17 16:20:00,110
ORD15396,U140,R120,2026-04-17 10:37:00,574
ORD15397,U399,R57,2026-04-17 13:37:00,652
ORD15398,U119,R143,2026-04-17 10:18:00,348
ORD15399,U298,R53,2026-04-17 10:10:00,446
ORD15400,U916,R129,2026-04-17 18:06:00,764
ORD15401,U581,R194,2026-04-17 13:02:00,545
ORD15402,U334,R39,2026-04-17 17:01:00,704
ORD15403,U497,R96,2026-04-17 15:51:00,300
ORD15404,U169,R133,2026-04-17 10:06:00,640
ORD15405,U128,R164,2026-04-17 15:16:00,577
ORD15406,U158,R142,2026-04-17 19:35:00,290
ORD15407,U571,R16,2026-04-17 16:38:00,678
ORD15408,U35,R115,2026-04-17 18:51:00,762
ORD15409,U394,R106,2026-04-17 17:19:00,761
ORD15410,U673,R64,2026-04-17 18:34:00,547
ORD15411,U743,R61,2026-04-17 13:06:00,699
ORD15412,U363,R96,2026-04-17 15:51:00,574
ORD15413,U530,R193,2026-04-17 18:58:00,486
ORD15414,U617,R197,2026-04-17 13:03:00,317
ORD15415,U689,R186,2026-04-17 17:27:00,792
ORD15416,U148,R52,2026-04-17 13:00:00,303
ORD15417,U477,R69,2026-04-17 14:31:00,282
ORD15418,U163,R89,2026-04-17 19:40:00,431
ORD15419,U811,R168,2026-04-17 13:46:00,154
ORD15420,U719,R150,2026-04-17 16:16:00,648
ORD15421,U47,R11,2026-04-17 12:00:00,552
ORD15422,U894,R114,2026-04-17 13:33:00,229
ORD15423,U426,R106,2026-04-17 13:28:00,704
ORD15424,U312,R181,2026-04-17 14:37:00,431
ORD15425,U734,R42,2026-04-17 18:24:00,242
ORD15426,U108,R175,2026-04-17 17:20:00,364
ORD15427,U455,R174,2026-04-17 15:28:00,228
ORD15428,U477,R198,2026-04-17 13:51:00,649
ORD15429,U438,R174,2026-04-17 13:43:00,443
ORD15430,U337,R46,2026-04-17 16:28:00,787
ORD15431,U71,R156,2026-04-17 17:49:00,700
ORD15432,U21,R32,2026-04-17 13:38:00,106
ORD15433,U462,R142,2026-04-17 14:25:00,641
ORD15434,U347,R28,2026-04-17 12:20:00,149
ORD15435,U352,R55,2026-04-17 13:38:00,299
ORD15436,U329,R32,2026-04-17 15:52:00,573
ORD15437,U576,R140,2026-04-17 11:56:00,106
ORD15438,U720,R76,2026-04-17 19:27:00,198
ORD15439,U215,R144,2026-04-17 18:16:00,605
ORD15440,U510,R108,2026-04-17 17:44:00,455
ORD15441,U733,R188,2026-04-17 15:35:00,149
ORD15442,U279,R187,2026-04-17 14:12:00,512
ORD15443,U437,R96,2026-04-17 13:06:00,315
ORD15444,U685,R131,2026-04-17 13:53:00,573
ORD15445,U649,R40,2026-04-17 10:22:00,769
ORD15446,U67,R97,2026-04-17 18:27:00,644
ORD15447,U209,R115,2026-04-17 18:25:00,345
ORD15448,U293,R151,2026-04-17 11:11:00,715
ORD15449,U289,R57,2026-04-17 14:37:00,576
ORD15450,U878,R67,2026-04-17 13:42:00,411
ORD15451,U263,R140,2026-04-17 12:42:00,647
ORD15452,U635,R144,2026-04-17 11:14:00,754
ORD15453,U130,R60,2026-04-17 11:10:00,445
ORD15454,U67,R39,2026-04-17 11:49:00,247
ORD15455,U982,R107,2026-04-17 16:01:00,439
ORD15456,U547,R49,2026-04-17 11:24:00,279
ORD15457,U963,R103,2026-04-17 14:12:00,619
ORD15458,U77,R174,2026-04-17 11:58:00,580
ORD15459,U40,R158,2026-04-17 14:37:00,580
ORD15460,U913,R55,2026-04-17 17:16:00,277
ORD15461,U134,R182,2026-04-17 14:33:00,127
ORD15462,U74,R94,2026-04-17 16:16:00,244
ORD15463,U449,R183,2026-04-17 10:45:00,532
ORD15464,U768,R128,2026-04-17 15:05:00,495
ORD15465,U101,R139,2026-04-17 12:38:00,637
ORD15466,U469,R184,2026-04-17 15:54:00,356
ORD15467,U369,R186,2026-04-17 13:27:00,361
ORD15468,U896,R170,2026-04-17 13:38:00,455
ORD15469,U627,R36,2026-04-17 12:54:00,711
ORD15470,U978,R103,2026-04-17 18:35:00,222
ORD15471,U357,R101,2026-04-17 18:35:00,103
ORD15472,U418,R42,2026-04-17 10:21:00,157
ORD15473,U611,R116,2026-04-17 18:05:00,617
ORD15474,U866,R135,2026-04-17 16:32:00,582
ORD15475,U839,R149,2026-04-17 11:14:00,463
ORD15476,U22,R40,2026-04-17 19:15:00,144
ORD15477,U499,R121,2026-04-17 13:36:00,607
ORD15478,U796,R54,2026-04-17 14:59:00,760
ORD15479,U62,R39,2026-04-17 15:13:00,698
ORD15480,U707,R8,2026-04-17 18:56:00,600
ORD15481,U952,R99,2026-04-17 12:18:00,196
ORD15482,U883,R10,2026-04-17 12:39:00,431
ORD15483,U561,R137,2026-04-17 11:20:00,799
ORD15484,U771,R176,2026-04-17 17:53:00,657
ORD15485,U876,R199,2026-04-17 16:29:00,100
ORD15486,U22,R166,2026-04-17 18:13:00,746
ORD15487,U120,R120,2026-04-17 16:05:00,265
ORD15488,U338,R66,2026-04-17 13:55:00,230
ORD15489,U106,R94,2026-04-17 19:34:00,767
ORD15490,U665,R187,2026-04-17 16:40:00,674
ORD15491,U332,R148,2026-04-17 11:16:00,324
ORD15492,U990,R176,2026-04-17 11:42:00,780
ORD15493,U232,R135,2026-04-17 19:37:00,141
ORD15494,U261,R2,2026-04-17 18:08:00,562
ORD15495,U828,R176,2026-04-17 10:16:00,223
ORD15496,U434,R22,2026-04-17 15:37:00,448
ORD15497,U603,R137,2026-04-17 11:51:00,167
ORD15498,U345,R187,2026-04-17 17:38:00,736
ORD15499,U200,R40,2026-04-17 13:28:00,430
ORD15500,U846,R23,2026-04-17 17:57:00,348
ORD15501,U779,R120,2026-04-17 14:04:00,446
ORD15502,U36,R94,2026-04-17 17:45:00,790
ORD15503,U650,R163,2026-04-17 13:26:00,197
ORD15504,U444,R147,2026-04-17 12:48:00,323
ORD15505,U702,R9,2026-04-17 10:53:00,410
ORD15506,U248,R141,2026-04-17 10:56:00,664
ORD15507,U256,R40,2026-04-17 17:46:00,119
ORD15508,U215,R198,2026-04-17 15:54:00,787
ORD15509,U162,R64,2026-04-17 11:55:00,228
ORD15510,U257,R110,2026-04-17 18:30:00,583
ORD15511,U279,R133,2026-04-17 11:01:00,514
ORD15512,U478,R183,2026-04-17 19:32:00,799
ORD15513,U509,R36,2026-04-17 11:16:00,570
ORD15514,U230,R168,2026-04-17 15:53:00,687
ORD15515,U505,R28,2026-04-17 13:35:00,678
ORD15516,U246,R188,2026-04-17 11:57:00,222
ORD15517,U521,R110,2026-04-17 11:36:00,740
ORD15518,U779,R118,2026-04-17 14:54:00,616
ORD15519,U203,R169,2026-04-17 10:41:00,323
ORD15520,U578,R113,2026-04-17 19:04:00,429
ORD15521,U491,R189,2026-04-17 16:58:00,353
ORD15522,U355,R130,2026-04-17 10:19:00,434
ORD15523,U807,R12,2026-04-17 14:43:00,356
ORD15524,U478,R72,2026-04-17 13:21:00,500
ORD15525,U823,R199,2026-04-17 14:34:00,248
ORD15526,U485,R33,2026-04-17 11:39:00,505
ORD15527,U908,R35,2026-04-17 15:42:00,665
ORD15528,U913,R50,2026-04-17 16:43:00,687
ORD15529,U565,R108,2026-04-17 18:46:00,183
ORD15530,U545,R158,2026-04-17 14:51:00,177
ORD15531,U402,R23,2026-04-17 15:14:00,302
ORD15532,U718,R76,2026-04-17 19:07:00,275
ORD15533,U333,R197,2026-04-17 13:26:00,789
ORD15534,U514,R192,2026-04-17 19:38:00,197
ORD15535,U338,R34,2026-04-17 17:16:00,757
ORD15536,U269,R32,2026-04-17 17:43:00,498
ORD15537,U910,R34,2026-04-17 13:37:00,145
ORD15538,U35,R26,2026-04-17 15:33:00,393
ORD15539,U544,R5,2026-04-17 17:21:00,544
ORD15540,U869,R164,2026-04-17 18:46:00,208
ORD15541,U818,R111,2026-04-17 14:44:00,695
ORD15542,U706,R11,2026-04-17 19:44:00,743
ORD15543,U143,R104,2026-04-17 10:21:00,467
ORD15544,U382,R54,2026-04-17 10:49:00,468
ORD15545,U89,R87,2026-04-17 16:33:00,208
ORD15546,U524,R53,2026-04-17 12:02:00,136
ORD15547,U702,R101,2026-04-17 17:07:00,133
ORD15548,U704,R81,2026-04-17 15:38:00,523
ORD15549,U107,R119,2026-04-17 16:09:00,552
ORD15550,U836,R48,2026-04-17 13:19:00,539
ORD15551,U21,R166,2026-04-17 14:53:00,120
ORD15552,U997,R165,2026-04-17 16:23:00,356
ORD15553,U961,R56,2026-04-17 17:11:00,478
ORD15554,U400,R133,2026-04-17 14:04:00,231
ORD15555,U73,R193,2026-04-17 10:08:00,237
ORD15556,U681,R98,2026-04-17 10:10:00,325
ORD15557,U68,R83,2026-04-17 16:09:00,703
ORD15558,U401,R80,2026-04-17 17:26:00,484
ORD15559,U614,R176,2026-04-17 11:13:00,715
ORD15560,U473,R94,2026-04-17 16:36:00,763
ORD15561,U576,R169,2026-04-17 17:06:00,702
ORD15562,U378,R115,2026-04-17 17:08:00,787
ORD15563,U111,R162,2026-04-17 16:26:00,470
ORD15564,U544,R140,2026-04-17 15:55:00,520
ORD15565,U968,R20,2026-04-17 14:52:00,197
ORD15566,U454,R137,2026-04-17 11:34:00,323
ORD15567,U381,R62,2026-04-17 17:57:00,396
ORD15568,U348,R151,2026-04-17 18:17:00,455
ORD15569,U677,R147,2026-04-17 14:29:00,588
ORD15570,U258,R5,2026-04-17 14:10:00,376
ORD15571,U844,R22,2026-04-17 16:04:00,641
ORD15572,U111,R175,2026-04-17 19:39:00,201
ORD15573,U859,R144,2026-04-17 13:28:00,606
ORD15574,U47,R45,2026-04-17 15:42:00,149
ORD15575,U343,R91,2026-04-17 11:01:00,685
ORD15576,U638,R187,2026-04-17 14:32:00,296
ORD15577,U795,R108,2026-04-17 15:33:00,584
ORD15578,U331,R1,2026-04-17 12:05:00,533
ORD15579,U289,R143,2026-04-17 16:49:00,339
ORD15580,U3,R105,2026-04-17 10:10:00,159
ORD15581,U479,R181,2026-04-17 19:53:00,405
ORD15582,U923,R27,2026-04-17 17:29:00,262
ORD15583,U880,R133,2026-04-17 15:10:00,339
ORD15584,U605,R71,2026-04-17 11:31:00,655
ORD15585,U929,R6,2026-04-17 14:09:00,112
ORD15586,U99,R26,2026-04-17 12:25:00,608
ORD15587,U518,R70,2026-04-17 16:45:00,597
ORD15588,U628,R34,2026-04-17 14:51:00,233
ORD15589,U41,R130,2026-04-17 14:17:00,388
ORD15590,U486,R33,2026-04-17 16:21:00,774
ORD15591,U262,R152,2026-04-17 11:37:00,109
ORD15592,U76,R68,2026-04-17 18:53:00,653
ORD15593,U386,R68,2026-04-17 17:02:00,347
ORD15594,U474,R9,2026-04-17 13:18:00,172
ORD15595,U840,R190,2026-04-17 16:51:00,263
ORD15596,U487,R59,2026-04-17 15:50:00,120
ORD15597,U666,R134,2026-04-17 14:36:00,192
ORD15598,U913,R168,2026-04-17 19:04:00,176
ORD15599,U972,R174,2026-04-17 15:40:00,344
ORD15600,U880,R25,2026-04-17 17:51:00,743
ORD15601,U309,R38,2026-04-17 17:23:00,683
ORD15602,U413,R113,2026-04-17 13:10:00,183
ORD15603,U510,R61,2026-04-17 14:35:00,380
ORD15604,U555,R105,2026-04-17 18:48:00,210
ORD15605,U766,R64,2026-04-17 17:52:00,311
ORD15606,U318,R22,2026-04-17 16:29:00,474
ORD15607,U412,R87,2026-04-17 17:16:00,416
ORD15608,U383,R104,2026-04-17 14:29:00,526
ORD15609,U502,R65,2026-04-17 15:03:00,105
ORD15610,U445,R2,2026-04-17 15:06:00,752
ORD15611,U801,R70,2026-04-17 10:41:00,382
ORD15612,U419,R158,2026-04-17 19:48:00,120
ORD15613,U358,R28,2026-04-17 13:04:00,105
ORD15614,U983,R200,2026-04-17 12:39:00,726
ORD15615,U851,R141,2026-04-17 19:05:00,209
ORD15616,U250,R18,2026-04-17 11:20:00,610
ORD15617,U883,R104,2026-04-17 12:28:00,673
ORD15618,U307,R180,2026-04-17 17:38:00,710
ORD15619,U678,R37,2026-04-17 13:22:00,630
ORD15620,U389,R159,2026-04-17 12:54:00,471
ORD15621,U799,R152,2026-04-17 13:44:00,565
ORD15622,U7,R149,2026-04-17 16:45:00,582
ORD15623,U762,R14,2026-04-17 18:30:00,469
ORD15624,U379,R188,2026-04-17 19:55:00,705
ORD15625,U794,R122,2026-04-17 19:52:00,150
ORD15626,U469,R71,2026-04-17 17:20:00,759
ORD15627,U433,R127,2026-04-17 13:12:00,796
ORD15628,U849,R193,2026-04-17 16:41:00,612
ORD15629,U152,R193,2026-04-17 17:26:00,325
ORD15630,U356,R195,2026-04-17 13:24:00,682
ORD15631,U698,R25,2026-04-17 18:30:00,369
ORD15632,U777,R35,2026-04-17 19:30:00,553
ORD15633,U371,R79,2026-04-17 19:58:00,779
ORD15634,U630,R149,2026-04-17 19:59:00,374
ORD15635,U45,R18,2026-04-17 18:06:00,490
ORD15636,U1000,R74,2026-04-17 10:02:00,155
ORD15637,U425,R155,2026-04-17 10:18:00,240
ORD15638,U843,R128,2026-04-17 11:43:00,487
ORD15639,U464,R141,2026-04-17 10:11:00,731
ORD15640,U797,R27,2026-04-17 11:01:00,220
ORD15641,U662,R31,2026-04-17 15:46:00,781
ORD15642,U762,R133,2026-04-17 15:04:00,543
ORD15643,U498,R14,2026-04-17 14:13:00,111
ORD15644,U904,R134,2026-04-17 12:30:00,123
ORD15645,U783,R131,2026-04-17 14:18:00,371
ORD15646,U612,R132,2026-04-17 13:27:00,374
ORD15647,U158,R9,2026-04-17 11:56:00,454
ORD15648,U402,R25,2026-04-17 12:33:00,394
ORD15649,U929,R105,2026-04-17 10:45:00,548
ORD15650,U126,R111,2026-04-17 19:59:00,330
ORD15651,U464,R106,2026-04-17 18:49:00,523
ORD15652,U406,R146,2026-04-17 15:55:00,146
ORD15653,U326,R111,2026-04-17 10:57:00,753
ORD15654,U221,R97,2026-04-17 19:50:00,223
ORD15655,U181,R3,2026-04-17 17:10:00,225
ORD15656,U167,R178,2026-04-17 10:29:00,401
ORD15657,U359,R169,2026-04-17 17:08:00,559
ORD15658,U308,R61,2026-04-17 17:52:00,730
ORD15659,U592,R13,2026-04-17 11:51:00,212
ORD15660,U499,R158,2026-04-17 14:27:00,413
ORD15661,U787,R82,2026-04-17 14:40:00,457
ORD15662,U42,R77,2026-04-17 10:54:00,752
ORD15663,U926,R133,2026-04-17 15:41:00,381
ORD15664,U604,R184,2026-04-17 13:47:00,624
ORD15665,U698,R44,2026-04-17 14:42:00,611
ORD15666,U439,R80,2026-04-17 11:59:00,348
ORD15667,U125,R21,2026-04-17 12:36:00,407
ORD15668,U318,R88,2026-04-17 14:56:00,425
ORD15669,U659,R167,2026-04-17 16:31:00,486
ORD15670,U1000,R63,2026-04-17 17:43:00,664
ORD15671,U497,R106,2026-04-17 13:50:00,637
ORD15672,U832,R93,2026-04-17 18:17:00,542
ORD15673,U97,R60,2026-04-17 10:56:00,761
ORD15674,U342,R11,2026-04-17 11:35:00,319
ORD15675,U381,R67,2026-04-17 19:17:00,131
ORD15676,U107,R107,2026-04-17 10:24:00,118
ORD15677,U638,R73,2026-04-17 15:02:00,379
ORD15678,U75,R39,2026-04-17 18:37:00,152
ORD15679,U611,R177,2026-04-17 15:20:00,209
ORD15680,U215,R14,2026-04-17 12:59:00,387
ORD15681,U204,R57,2026-04-17 15:30:00,791
ORD15682,U777,R118,2026-04-17 15:21:00,633
ORD15683,U648,R189,2026-04-17 11:33:00,765
ORD15684,U338,R53,2026-04-17 12:09:00,613
ORD15685,U871,R156,2026-04-17 11:22:00,109
ORD15686,U459,R125,2026-04-17 17:50:00,745
ORD15687,U29,R135,2026-04-17 15:28:00,580
ORD15688,U955,R98,2026-04-17 14:12:00,445
ORD15689,U753,R169,2026-04-17 16:36:00,381
ORD15690,U518,R99,2026-04-17 10:19:00,683
ORD15691,U450,R7,2026-04-17 14:39:00,161
ORD15692,U453,R125,2026-04-17 12:15:00,284
ORD15693,U177,R79,2026-04-17 10:09:00,475
ORD15694,U918,R144,2026-04-17 13:37:00,320
ORD15695,U770,R13,2026-04-17 13:15:00,456
ORD15696,U42,R9,2026-04-17 18:51:00,362
ORD15697,U798,R100,2026-04-17 18:42:00,443
ORD15698,U516,R200,2026-04-17 10:59:00,219
ORD15699,U821,R90,2026-04-17 16:28:00,764
ORD15700,U465,R44,2026-04-17 14:16:00,660
ORD15701,U967,R166,2026-04-17 14:13:00,678
ORD15702,U888,R81,2026-04-17 15:13:00,214
ORD15703,U672,R150,2026-04-17 16:18:00,120
ORD15704,U315,R170,2026-04-17 19:23:00,152
ORD15705,U578,R199,2026-04-17 15:40:00,784
ORD15706,U977,R122,2026-04-17 18:43:00,695
ORD15707,U624,R30,2026-04-17 15:30:00,437
ORD15708,U548,R129,2026-04-17 14:02:00,548
ORD15709,U312,R73,2026-04-17 19:49:00,136
ORD15710,U992,R80,2026-04-17 14:25:00,729
ORD15711,U515,R117,2026-04-17 14:36:00,297
ORD15712,U331,R144,2026-04-17 18:48:00,600
ORD15713,U165,R2,2026-04-17 14:18:00,410
ORD15714,U439,R83,2026-04-17 14:01:00,380
ORD15715,U82,R131,2026-04-17 15:17:00,195
ORD15716,U685,R146,2026-04-17 17:06:00,160
ORD15717,U799,R70,2026-04-17 15:31:00,382
ORD15718,U248,R133,2026-04-17 13:29:00,124
ORD15719,U425,R84,2026-04-17 19:23:00,119
ORD15720,U244,R154,2026-04-17 19:41:00,450
ORD15721,U320,R59,2026-04-17 17:11:00,161
ORD15722,U847,R187,2026-04-17 11:36:00,426
ORD15723,U353,R77,2026-04-17 18:07:00,509
ORD15724,U141,R60,2026-04-17 17:08:00,198
ORD15725,U815,R96,2026-04-17 14:24:00,660
ORD15726,U660,R89,2026-04-17 17:27:00,502
ORD15727,U20,R152,2026-04-17 17:51:00,311
ORD15728,U791,R11,2026-04-17 18:27:00,157
ORD15729,U512,R38,2026-04-17 15:01:00,206
ORD15730,U589,R186,2026-04-17 18:32:00,709
ORD15731,U695,R90,2026-04-17 18:25:00,634
ORD15732,U477,R111,2026-04-17 14:40:00,334
ORD15733,U972,R177,2026-04-17 16:13:00,225
ORD15734,U664,R175,2026-04-17 14:16:00,346
ORD15735,U562,R44,2026-04-17 19:16:00,636
ORD15736,U690,R90,2026-04-17 16:01:00,516
ORD15737,U731,R103,2026-04-17 14:00:00,134
ORD15738,U986,R111,2026-04-17 10:17:00,401
ORD15739,U669,R15,2026-04-17 14:40:00,285
ORD15740,U88,R116,2026-04-17 11:29:00,270
ORD15741,U50,R103,2026-04-17 12:32:00,763
ORD15742,U982,R53,2026-04-17 16:02:00,515
ORD15743,U83,R81,2026-04-17 17:00:00,537
ORD15744,U698,R90,2026-04-17 16:09:00,480
ORD15745,U640,R3,2026-04-17 17:21:00,649
ORD15746,U32,R191,2026-04-17 15:25:00,651
ORD15747,U759,R131,2026-04-17 15:17:00,601
ORD15748,U491,R188,2026-04-17 10:18:00,574
ORD15749,U228,R134,2026-04-17 19:22:00,639
ORD15750,U138,R82,2026-04-17 14:06:00,526
ORD15751,U907,R5,2026-04-17 15:54:00,558
ORD15752,U651,R178,2026-04-17 11:14:00,789
ORD15753,U485,R65,2026-04-17 17:43:00,283
ORD15754,U596,R62,2026-04-17 13:37:00,230
ORD15755,U292,R126,2026-04-17 17:58:00,120
ORD15756,U786,R28,2026-04-17 12:38:00,683
ORD15757,U974,R138,2026-04-17 10:55:00,103
ORD15758,U90,R64,2026-04-17 13:30:00,367
ORD15759,U448,R166,2026-04-17 14:40:00,786
ORD15760,U32,R105,2026-04-17 11:13:00,613
ORD15761,U51,R36,2026-04-17 17:09:00,637
ORD15762,U716,R104,2026-04-17 11:51:00,315
ORD15763,U847,R172,2026-04-17 10:16:00,576
ORD15764,U69,R90,2026-04-17 14:16:00,552
ORD15765,U528,R73,2026-04-17 10:05:00,791
ORD15766,U802,R75,2026-04-17 18:51:00,774
ORD15767,U221,R41,2026-04-17 18:31:00,495
ORD15768,U637,R101,2026-04-17 13:06:00,794
ORD15769,U745,R5,2026-04-17 12:31:00,215
ORD15770,U132,R82,2026-04-17 15:40:00,399
ORD15771,U603,R185,2026-04-17 18:16:00,248
ORD15772,U333,R27,2026-04-17 11:51:00,130
ORD15773,U201,R54,2026-04-17 18:52:00,595
ORD15774,U234,R184,2026-04-17 12:07:00,157
ORD15775,U364,R157,2026-04-17 16:36:00,350
ORD15776,U436,R17,2026-04-17 19:57:00,443
ORD15777,U868,R116,2026-04-17 19:15:00,277
ORD15778,U460,R51,2026-04-17 18:48:00,580
ORD15779,U534,R146,2026-04-17 19:54:00,133
ORD15780,U944,R76,2026-04-17 11:49:00,474
ORD15781,U973,R163,2026-04-17 14:20:00,292
ORD15782,U918,R88,2026-04-17 19:56:00,391
ORD15783,U315,R200,2026-04-17 13:51:00,327
ORD15784,U352,R84,2026-04-17 19:51:00,466
ORD15785,U12,R161,2026-04-17 16:52:00,742
ORD15786,U367,R140,2026-04-17 18:41:00,614
ORD15787,U754,R147,2026-04-17 16:37:00,198
ORD15788,U164,R150,2026-04-17 18:34:00,310
ORD15789,U527,R98,2026-04-17 12:49:00,436
ORD15790,U76,R74,2026-04-17 19:17:00,763
ORD15791,U487,R145,2026-04-17 19:22:00,391
ORD15792,U377,R171,2026-04-17 16:19:00,410
ORD15793,U344,R56,2026-04-17 11:26:00,199
ORD15794,U961,R38,2026-04-17 10:28:00,630
ORD15795,U697,R122,2026-04-17 10:50:00,559
ORD15796,U754,R61,2026-04-17 14:15:00,726
ORD15797,U155,R146,2026-04-17 13:02:00,545
ORD15798,U465,R2,2026-04-17 18:37:00,741
ORD15799,U388,R186,2026-04-17 15:19:00,434
ORD15800,U405,R31,2026-04-17 12:28:00,621
ORD15801,U123,R15,2026-04-17 19:29:00,684
ORD15802,U453,R161,2026-04-17 11:31:00,126
ORD15803,U405,R99,2026-04-17 15:36:00,303
ORD15804,U783,R18,2026-04-17 16:21:00,295
ORD15805,U858,R74,2026-04-17 16:03:00,368
ORD15806,U512,R88,2026-04-17 16:42:00,484
ORD15807,U73,R82,2026-04-17 14:19:00,712
ORD15808,U374,R40,2026-04-17 10:23:00,488
ORD15809,U764,R158,2026-04-17 17:09:00,327
ORD15810,U8,R127,2026-04-17 17:58:00,100
ORD15811,U857,R31,2026-04-17 12:12:00,538
ORD15812,U434,R35,2026-04-17 12:55:00,379
ORD15813,U227,R117,2026-04-17 10:59:00,778
ORD15814,U843,R172,2026-04-17 14:37:00,615
ORD15815,U91,R174,2026-04-17 16:45:00,624
ORD15816,U185,R145,2026-04-17 11:46:00,267
ORD15817,U414,R195,2026-04-17 18:37:00,169
ORD15818,U643,R51,2026-04-17 18:09:00,506
ORD15819,U578,R74,2026-04-17 15:57:00,137
ORD15820,U935,R152,2026-04-17 12:32:00,481
ORD15821,U75,R117,2026-04-17 11:40:00,680
ORD15822,U924,R47,2026-04-17 17:54:00,178
ORD15823,U35,R189,2026-04-17 11:12:00,195
ORD15824,U460,R61,2026-04-17 16:50:00,505
ORD15825,U938,R66,2026-04-17 15:09:00,421
ORD15826,U702,R1,2026-04-17 17:46:00,783
ORD15827,U735,R59,2026-04-17 11:23:00,644
ORD15828,U814,R112,2026-04-17 16:02:00,164
ORD15829,U65,R56,2026-04-17 19:57:00,687
ORD15830,U302,R96,2026-04-17 15:01:00,222
ORD15831,U520,R108,2026-04-17 12:18:00,159
ORD15832,U986,R160,2026-04-17 16:17:00,294
ORD15833,U279,R138,2026-04-17 17:54:00,521
ORD15834,U6,R35,2026-04-17 11:10:00,553
ORD15835,U888,R77,2026-04-17 11:46:00,669
ORD15836,U983,R110,2026-04-17 17:34:00,206
ORD15837,U260,R52,2026-04-17 14:03:00,433
ORD15838,U234,R79,2026-04-17 10:40:00,632
ORD15839,U116,R75,2026-04-17 14:22:00,171
ORD15840,U259,R141,2026-04-17 10:46:00,355
ORD15841,U447,R125,2026-04-17 17:33:00,788
ORD15842,U534,R164,2026-04-17 12:13:00,492
ORD15843,U377,R58,2026-04-17 16:12:00,318
ORD15844,U633,R199,2026-04-17 13:15:00,369
ORD15845,U931,R79,2026-04-17 16:40:00,412
ORD15846,U721,R168,2026-04-17 15:28:00,484
ORD15847,U172,R118,2026-04-17 13:46:00,346
ORD15848,U954,R135,2026-04-17 11:46:00,129
ORD15849,U316,R40,2026-04-17 17:32:00,625
ORD15850,U153,R175,2026-04-17 10:41:00,736
ORD15851,U760,R32,2026-04-17 17:21:00,190
ORD15852,U457,R159,2026-04-17 17:10:00,358
ORD15853,U670,R195,2026-04-17 12:33:00,547
ORD15854,U495,R154,2026-04-17 15:00:00,405
ORD15855,U717,R69,2026-04-17 15:53:00,739
ORD15856,U359,R58,2026-04-17 11:42:00,224
ORD15857,U719,R102,2026-04-17 16:37:00,598
ORD15858,U544,R38,2026-04-17 19:47:00,613
ORD15859,U349,R161,2026-04-17 16:02:00,200
ORD15860,U376,R84,2026-04-17 17:56:00,708
ORD15861,U641,R50,2026-04-17 15:32:00,416
ORD15862,U201,R117,2026-04-17 14:00:00,568
ORD15863,U885,R6,2026-04-17 15:09:00,721
ORD15864,U922,R122,2026-04-17 12:53:00,543
ORD15865,U415,R107,2026-04-17 19:12:00,613
ORD15866,U24,R20,2026-04-17 13:12:00,792
ORD15867,U379,R56,2026-04-17 12:03:00,244
ORD15868,U864,R46,2026-04-17 10:10:00,217
ORD15869,U777,R180,2026-04-17 18:32:00,279
ORD15870,U270,R153,2026-04-17 16:32:00,526
ORD15871,U200,R84,2026-04-17 14:12:00,317
ORD15872,U30,R19,2026-04-17 18:29:00,140
ORD15873,U142,R130,2026-04-17 11:22:00,135
ORD15874,U10,R143,2026-04-17 16:55:00,541
ORD15875,U131,R120,2026-04-17 19:22:00,555
ORD15876,U340,R155,2026-04-17 19:19:00,605
ORD15877,U604,R75,2026-04-17 11:01:00,789
ORD15878,U117,R177,2026-04-17 10:56:00,198
ORD15879,U388,R159,2026-04-17 13:37:00,684
ORD15880,U375,R4,2026-04-17 14:13:00,716
ORD15881,U692,R192,2026-04-17 16:21:00,667
ORD15882,U272,R119,2026-04-17 11:17:00,263
ORD15883,U813,R167,2026-04-17 19:49:00,670
ORD15884,U219,R168,2026-04-17 15:32:00,758
ORD15885,U324,R92,2026-04-17 15:23:00,176
ORD15886,U359,R126,2026-04-17 12:45:00,414
ORD15887,U247,R14,2026-04-17 14:20:00,782
ORD15888,U619,R156,2026-04-17 13:47:00,549
ORD15889,U133,R138,2026-04-17 14:40:00,509
ORD15890,U152,R137,2026-04-17 12:25:00,196
ORD15891,U515,R84,2026-04-17 13:53:00,462
ORD15892,U230,R68,2026-04-17 18:50:00,176
ORD15893,U964,R106,2026-04-17 11:15:00,340
ORD15894,U766,R164,2026-04-17 16:01:00,293
ORD15895,U199,R35,2026-04-17 19:12:00,526
ORD15896,U285,R177,2026-04-17 19:11:00,202
ORD15897,U340,R197,2026-04-17 15:26:00,294
ORD15898,U362,R61,2026-04-17 10:51:00,736
ORD15899,U486,R171,2026-04-17 13:24:00,140
ORD15900,U411,R130,2026-04-17 19:14:00,313
ORD15901,U838,R23,2026-04-17 19:58:00,210
ORD15902,U867,R95,2026-04-17 11:34:00,121
ORD15903,U159,R81,2026-04-17 11:22:00,239
ORD15904,U583,R43,2026-04-17 15:12:00,766
ORD15905,U912,R146,2026-04-17 18:15:00,201
ORD15906,U787,R30,2026-04-17 11:12:00,416
ORD15907,U459,R84,2026-04-17 19:38:00,595
ORD15908,U364,R117,2026-04-17 18:24:00,772
ORD15909,U304,R51,2026-04-17 14:11:00,772
ORD15910,U953,R25,2026-04-17 13:48:00,674
ORD15911,U460,R4,2026-04-17 10:30:00,703
ORD15912,U629,R184,2026-04-17 11:28:00,336
ORD15913,U135,R3,2026-04-17 12:36:00,587
ORD15914,U348,R34,2026-04-17 13:35:00,224
ORD15915,U242,R77,2026-04-17 15:12:00,748
ORD15916,U157,R92,2026-04-17 19:39:00,321
ORD15917,U795,R39,2026-04-17 14:33:00,139
ORD15918,U215,R101,2026-04-17 15:58:00,152
ORD15919,U569,R119,2026-04-17 19:29:00,190
ORD15920,U543,R20,2026-04-17 15:37:00,333
ORD15921,U797,R173,2026-04-17 10:24:00,472
ORD15922,U856,R117,2026-04-17 19:03:00,488
ORD15923,U789,R5,2026-04-17 17:58:00,193
ORD15924,U589,R60,2026-04-17 10:47:00,146
ORD15925,U373,R3,2026-04-17 19:50:00,648
ORD15926,U462,R5,2026-04-17 10:41:00,366
ORD15927,U818,R156,2026-04-17 17:13:00,341
ORD15928,U257,R107,2026-04-17 13:34:00,121
ORD15929,U980,R83,2026-04-17 14:33:00,715
ORD15930,U171,R135,2026-04-17 15:00:00,300
ORD15931,U738,R181,2026-04-17 16:10:00,218
ORD15932,U445,R127,2026-04-17 13:49:00,237
ORD15933,U692,R24,2026-04-17 10:46:00,302
ORD15934,U861,R22,2026-04-17 14:13:00,771
ORD15935,U215,R151,2026-04-17 18:47:00,439
ORD15936,U263,R62,2026-04-17 11:21:00,310
ORD15937,U75,R122,2026-04-17 14:10:00,788
ORD15938,U869,R89,2026-04-17 13:45:00,797
ORD15939,U117,R134,2026-04-17 16:39:00,285
ORD15940,U822,R158,2026-04-17 14:13:00,105
ORD15941,U490,R113,2026-04-17 16:09:00,672
ORD15942,U937,R169,2026-04-17 14:53:00,525
ORD15943,U538,R26,2026-04-17 17:21:00,757
ORD15944,U655,R119,2026-04-17 14:19:00,794
ORD15945,U861,R183,2026-04-17 13:14:00,453
ORD15946,U102,R163,2026-04-17 19:55:00,252
ORD15947,U979,R193,2026-04-17 16:29:00,324
ORD15948,U824,R145,2026-04-17 14:11:00,347
ORD15949,U730,R158,2026-04-17 14:34:00,245
ORD15950,U467,R122,2026-04-17 16:14:00,434
ORD15951,U221,R21,2026-04-17 15:00:00,541
ORD15952,U82,R19,2026-04-17 16:16:00,176
ORD15953,U291,R24,2026-04-17 13:59:00,159
ORD15954,U78,R120,2026-04-17 11:48:00,665
ORD15955,U849,R70,2026-04-17 14:08:00,660
ORD15956,U259,R198,2026-04-17 15:20:00,377
ORD15957,U887,R122,2026-04-17 18:42:00,462
ORD15958,U810,R108,2026-04-17 10:44:00,154
ORD15959,U808,R189,2026-04-17 11:48:00,100
ORD15960,U542,R73,2026-04-17 14:30:00,469
ORD15961,U589,R149,2026-04-17 19:27:00,372
ORD15962,U109,R110,2026-04-17 11:36:00,330
ORD15963,U737,R77,2026-04-17 12:50:00,411
ORD15964,U573,R186,2026-04-17 17:30:00,177
ORD15965,U493,R180,2026-04-17 15:48:00,728
ORD15966,U9,R109,2026-04-17 13:17:00,236
ORD15967,U633,R169,2026-04-17 10:38:00,147
ORD15968,U396,R188,2026-04-17 14:42:00,726
ORD15969,U675,R127,2026-04-17 14:19:00,625
ORD15970,U333,R185,2026-04-17 17:17:00,336
ORD15971,U265,R37,2026-04-17 19:21:00,453
ORD15972,U828,R25,2026-04-17 11:08:00,661
ORD15973,U363,R154,2026-04-17 10:54:00,651
ORD15974,U123,R13,2026-04-17 19:03:00,778
ORD15975,U964,R6,2026-04-17 12:18:00,559
ORD15976,U630,R107,2026-04-17 17:38:00,140
ORD15977,U873,R69,2026-04-17 11:08:00,275
ORD15978,U859,R88,2026-04-17 17:59:00,608
ORD15979,U883,R14,2026-04-17 10:28:00,503
ORD15980,U193,R32,2026-04-17 13:54:00,344
ORD15981,U494,R127,2026-04-17 11:14:00,254
ORD15982,U415,R17,2026-04-17 18:05:00,535
ORD15983,U681,R170,2026-04-17 14:31:00,217
ORD15984,U83,R165,2026-04-17 11:10:00,493
ORD15985,U723,R121,2026-04-17 11:53:00,398
ORD15986,U371,R43,2026-04-17 14:54:00,281
ORD15987,U708,R159,2026-04-17 11:25:00,461
ORD15988,U272,R121,2026-04-17 14:21:00,577
ORD15989,U968,R112,2026-04-17 14:20:00,582
ORD15990,U162,R85,2026-04-17 11:48:00,662
ORD15991,U328,R124,2026-04-17 16:36:00,707
ORD15992,U428,R57,2026-04-17 17:14:00,578
ORD15993,U651,R113,2026-04-17 17:28:00,633
ORD15994,U986,R133,2026-04-17 18:24:00,761
ORD15995,U998,R60,2026-04-17 17:29:00,236
ORD15996,U60,R87,2026-04-17 10:47:00,133
ORD15997,U483,R32,2026-04-17 17:45:00,331
ORD15998,U392,R167,2026-04-17 13:25:00,654
ORD15999,U751,R33,2026-04-17 19:41:00,245
ORD16000,U389,R191,2026-04-17 15:37:00,445
ORD16001,U605,R138,2026-04-17 14:12:00,591
ORD16002,U696,R123,2026-04-17 12:16:00,542
ORD16003,U773,R55,2026-04-17 17:28:00,132
ORD16004,U556,R97,2026-04-17 12:04:00,106
ORD16005,U860,R173,2026-04-17 14:11:00,216
ORD16006,U129,R89,2026-04-17 18:46:00,371
ORD16007,U931,R38,2026-04-17 15:53:00,441
ORD16008,U632,R194,2026-04-17 18:01:00,503
ORD16009,U786,R51,2026-04-17 16:23:00,286
ORD16010,U842,R75,2026-04-17 19:46:00,582
ORD16011,U584,R105,2026-04-17 17:31:00,485
ORD16012,U59,R184,2026-04-17 10:43:00,716
ORD16013,U330,R175,2026-04-17 17:53:00,775
ORD16014,U359,R172,2026-04-17 19:11:00,715
ORD16015,U758,R170,2026-04-17 14:38:00,373
ORD16016,U309,R25,2026-04-17 12:56:00,109
ORD16017,U653,R22,2026-04-17 14:51:00,248
ORD16018,U209,R127,2026-04-17 18:37:00,678
ORD16019,U128,R17,2026-04-17 14:03:00,430
ORD16020,U490,R1,2026-04-17 19:35:00,514
ORD16021,U127,R75,2026-04-17 15:38:00,136
ORD16022,U403,R47,2026-04-17 16:16:00,336
ORD16023,U912,R170,2026-04-17 16:16:00,723
ORD16024,U828,R92,2026-04-17 11:48:00,332
ORD16025,U124,R92,2026-04-17 19:11:00,504
ORD16026,U692,R61,2026-04-17 11:07:00,647
ORD16027,U419,R57,2026-04-17 17:40:00,317
ORD16028,U869,R186,2026-04-17 15:39:00,135
ORD16029,U240,R200,2026-04-17 16:28:00,201
ORD16030,U217,R8,2026-04-17 14:46:00,689
ORD16031,U464,R119,2026-04-17 19:46:00,715
ORD16032,U664,R75,2026-04-17 13:49:00,509
ORD16033,U900,R160,2026-04-17 13:29:00,173
ORD16034,U49,R125,2026-04-17 16:03:00,582
ORD16035,U807,R170,2026-04-17 18:32:00,567
ORD16036,U947,R166,2026-04-17 11:45:00,390
ORD16037,U46,R25,2026-04-17 15:13:00,641
ORD16038,U663,R86,2026-04-17 11:02:00,503
ORD16039,U295,R25,2026-04-17 16:31:00,544
ORD16040,U108,R179,2026-04-17 18:45:00,646
ORD16041,U97,R79,2026-04-17 10:20:00,704
ORD16042,U349,R20,2026-04-17 10:52:00,441
ORD16043,U189,R135,2026-04-17 14:37:00,620
ORD16044,U574,R71,2026-04-17 18:39:00,679
ORD16045,U241,R99,2026-04-17 17:00:00,385
ORD16046,U296,R153,2026-04-17 14:29:00,357
ORD16047,U869,R143,2026-04-17 13:03:00,261
ORD16048,U137,R172,2026-04-17 17:34:00,271
ORD16049,U141,R138,2026-04-17 17:38:00,318
ORD16050,U583,R90,2026-04-17 13:39:00,720
ORD16051,U287,R151,2026-04-17 16:32:00,287
ORD16052,U427,R115,2026-04-17 18:03:00,674
ORD16053,U169,R49,2026-04-17 11:20:00,273
ORD16054,U885,R68,2026-04-17 12:15:00,204
ORD16055,U373,R157,2026-04-17 15:02:00,264
ORD16056,U771,R81,2026-04-17 19:49:00,436
ORD16057,U334,R71,2026-04-17 12:40:00,139
ORD16058,U133,R68,2026-04-17 11:04:00,274
ORD16059,U951,R74,2026-04-17 14:22:00,750
ORD16060,U88,R31,2026-04-17 14:22:00,235
ORD16061,U901,R50,2026-04-17 18:15:00,242
ORD16062,U530,R65,2026-04-17 10:05:00,341
ORD16063,U120,R115,2026-04-17 19:09:00,374
ORD16064,U663,R112,2026-04-17 10:50:00,703
ORD16065,U617,R21,2026-04-17 18:46:00,609
ORD16066,U547,R165,2026-04-17 15:39:00,424
ORD16067,U131,R139,2026-04-17 11:04:00,655
ORD16068,U877,R49,2026-04-17 13:53:00,247
ORD16069,U846,R157,2026-04-17 12:21:00,186
ORD16070,U359,R197,2026-04-17 18:31:00,280
ORD16071,U634,R139,2026-04-17 13:07:00,480
ORD16072,U2,R103,2026-04-17 13:33:00,711
ORD16073,U401,R158,2026-04-17 12:28:00,341
ORD16074,U149,R27,2026-04-17 17:12:00,704
ORD16075,U37,R87,2026-04-17 12:23:00,447
ORD16076,U945,R75,2026-04-17 10:40:00,277
ORD16077,U813,R94,2026-04-17 18:13:00,560
ORD16078,U986,R10,2026-04-17 15:33:00,376
ORD16079,U987,R124,2026-04-17 18:15:00,678
ORD16080,U651,R64,2026-04-17 15:36:00,396
ORD16081,U732,R129,2026-04-17 15:44:00,209
ORD16082,U281,R55,2026-04-17 13:48:00,319
ORD16083,U416,R141,2026-04-17 12:24:00,747
ORD16084,U105,R97,2026-04-17 17:54:00,438
ORD16085,U666,R109,2026-04-17 16:01:00,392
ORD16086,U521,R141,2026-04-17 17:37:00,632
ORD16087,U192,R37,2026-04-17 13:01:00,610
ORD16088,U946,R186,2026-04-17 11:03:00,552
ORD16089,U967,R14,2026-04-17 11:48:00,705
ORD16090,U734,R160,2026-04-17 10:56:00,146
ORD16091,U724,R15,2026-04-17 17:34:00,709
ORD16092,U732,R152,2026-04-17 17:30:00,427
ORD16093,U514,R81,2026-04-17 11:21:00,641
ORD16094,U4,R55,2026-04-17 11:30:00,534
ORD16095,U904,R198,2026-04-17 10:04:00,656
ORD16096,U933,R146,2026-04-17 20:00:00,107
ORD16097,U61,R119,2026-04-17 15:59:00,403
ORD16098,U696,R71,2026-04-17 18:48:00,376
ORD16099,U103,R191,2026-04-17 11:31:00,612
ORD16100,U380,R49,2026-04-17 16:58:00,311
ORD16101,U881,R76,2026-04-17 18:15:00,158
ORD16102,U112,R190,2026-04-17 10:27:00,233
ORD16103,U569,R98,2026-04-17 18:36:00,707
ORD16104,U236,R139,2026-04-17 15:59:00,731
ORD16105,U696,R164,2026-04-17 10:13:00,622
ORD16106,U281,R70,2026-04-17 15:20:00,114
ORD16107,U915,R5,2026-04-17 18:54:00,379
ORD16108,U482,R79,2026-04-17 10:06:00,566
ORD16109,U272,R74,2026-04-17 18:01:00,752
ORD16110,U581,R195,2026-04-17 18:31:00,488
ORD16111,U566,R182,2026-04-17 10:53:00,792
ORD16112,U136,R35,2026-04-17 17:00:00,756
ORD16113,U286,R100,2026-04-17 17:14:00,790
ORD16114,U147,R60,2026-04-17 11:46:00,105
ORD16115,U822,R156,2026-04-17 17:25:00,430
ORD16116,U888,R61,2026-04-17 17:28:00,749
ORD16117,U336,R189,2026-04-17 10:52:00,251
ORD16118,U852,R5,2026-04-17 13:33:00,744
ORD16119,U323,R96,2026-04-17 16:21:00,750
ORD16120,U845,R144,2026-04-17 11:45:00,114
ORD16121,U929,R114,2026-04-17 18:32:00,316
ORD16122,U195,R52,2026-04-17 18:51:00,695
ORD16123,U517,R56,2026-04-17 17:22:00,425
ORD16124,U625,R15,2026-04-17 10:27:00,349
ORD16125,U21,R96,2026-04-17 10:27:00,351
ORD16126,U653,R184,2026-04-17 10:15:00,347
ORD16127,U286,R182,2026-04-17 18:47:00,653
ORD16128,U826,R23,2026-04-17 15:57:00,390
ORD16129,U862,R56,2026-04-17 17:53:00,130
ORD16130,U752,R85,2026-04-17 13:42:00,368
ORD16131,U508,R181,2026-04-17 16:14:00,614
ORD16132,U838,R166,2026-04-17 17:05:00,252
ORD16133,U849,R20,2026-04-17 15:36:00,728
ORD16134,U549,R122,2026-04-17 16:36:00,579
ORD16135,U351,R95,2026-04-17 14:16:00,398
ORD16136,U85,R80,2026-04-17 12:10:00,767
ORD16137,U120,R128,2026-04-17 18:21:00,380
ORD16138,U843,R149,2026-04-17 12:23:00,177
ORD16139,U685,R93,2026-04-17 19:36:00,723
ORD16140,U665,R63,2026-04-17 18:50:00,405
ORD16141,U590,R191,2026-04-17 11:44:00,428
ORD16142,U752,R143,2026-04-17 18:29:00,250
ORD16143,U359,R112,2026-04-17 18:42:00,533
ORD16144,U818,R33,2026-04-17 14:38:00,342
ORD16145,U287,R143,2026-04-17 19:02:00,269
ORD16146,U322,R181,2026-04-17 10:55:00,130
ORD16147,U187,R78,2026-04-17 18:23:00,216
ORD16148,U562,R80,2026-04-17 18:44:00,600
ORD16149,U968,R175,2026-04-17 10:38:00,273
ORD16150,U597,R68,2026-04-17 11:54:00,146
ORD16151,U794,R53,2026-04-17 14:57:00,434
ORD16152,U907,R86,2026-04-17 11:09:00,678
ORD16153,U624,R146,2026-04-17 10:05:00,549
ORD16154,U417,R11,2026-04-17 11:00:00,343
ORD16155,U15,R179,2026-04-17 12:55:00,137
ORD16156,U337,R18,2026-04-17 15:17:00,564
ORD16157,U894,R91,2026-04-17 19:58:00,769
ORD16158,U104,R157,2026-04-17 16:37:00,137
ORD16159,U565,R151,2026-04-17 12:58:00,449
ORD16160,U751,R23,2026-04-17 13:21:00,368
ORD16161,U910,R200,2026-04-17 10:03:00,109
ORD16162,U913,R96,2026-04-17 17:51:00,168
ORD16163,U797,R54,2026-04-17 13:31:00,238
ORD16164,U270,R177,2026-04-17 16:52:00,724
ORD16165,U117,R23,2026-04-17 16:41:00,408
ORD16166,U923,R45,2026-04-17 19:38:00,692
ORD16167,U102,R120,2026-04-17 19:11:00,391
ORD16168,U763,R171,2026-04-17 14:27:00,406
ORD16169,U428,R95,2026-04-17 15:07:00,174
ORD16170,U212,R167,2026-04-17 17:09:00,330
ORD16171,U854,R78,2026-04-17 14:21:00,511
ORD16172,U190,R178,2026-04-17 12:52:00,615
ORD16173,U59,R2,2026-04-17 13:57:00,371
ORD16174,U794,R45,2026-04-17 13:47:00,125
ORD16175,U24,R176,2026-04-17 15:11:00,611
ORD16176,U580,R121,2026-04-17 14:28:00,144
ORD16177,U675,R97,2026-04-17 11:23:00,115
ORD16178,U250,R42,2026-04-17 14:37:00,477
ORD16179,U601,R79,2026-04-17 16:50:00,316
ORD16180,U293,R42,2026-04-17 11:14:00,655
ORD16181,U298,R102,2026-04-17 17:42:00,564
ORD16182,U627,R180,2026-04-17 17:40:00,368
ORD16183,U504,R79,2026-04-17 14:18:00,400
ORD16184,U510,R98,2026-04-17 17:27:00,372
ORD16185,U466,R200,2026-04-17 10:13:00,170
ORD16186,U368,R56,2026-04-17 11:52:00,637
ORD16187,U468,R21,2026-04-17 15:59:00,735
ORD16188,U120,R135,2026-04-17 12:40:00,605
ORD16189,U339,R98,2026-04-17 14:11:00,274
ORD16190,U549,R66,2026-04-17 12:48:00,626
ORD16191,U280,R50,2026-04-17 10:07:00,598
ORD16192,U489,R195,2026-04-17 10:57:00,467
ORD16193,U39,R133,2026-04-17 15:26:00,466
ORD16194,U707,R97,2026-04-17 13:18:00,173
ORD16195,U165,R159,2026-04-17 11:39:00,565
ORD16196,U192,R10,2026-04-17 16:34:00,120
ORD16197,U98,R137,2026-04-17 17:30:00,652
ORD16198,U86,R108,2026-04-17 10:26:00,664
ORD16199,U520,R79,2026-04-17 12:00:00,316
ORD16200,U843,R123,2026-04-17 17:03:00,643
ORD16201,U35,R135,2026-04-17 10:01:00,228
ORD16202,U524,R160,2026-04-17 14:25:00,728
ORD16203,U487,R172,2026-04-17 16:08:00,179
ORD16204,U966,R95,2026-04-17 10:20:00,536
ORD16205,U840,R108,2026-04-17 17:23:00,433
ORD16206,U953,R164,2026-04-17 11:43:00,689
ORD16207,U33,R60,2026-04-17 12:27:00,505
ORD16208,U817,R43,2026-04-17 13:27:00,368
ORD16209,U553,R77,2026-04-17 18:02:00,199
ORD16210,U756,R75,2026-04-17 16:08:00,516
ORD16211,U678,R74,2026-04-17 12:36:00,549
ORD16212,U114,R19,2026-04-17 19:06:00,779
ORD16213,U373,R22,2026-04-17 15:26:00,588
ORD16214,U432,R130,2026-04-17 18:47:00,673
ORD16215,U23,R99,2026-04-17 17:54:00,559
ORD16216,U65,R90,2026-04-17 15:18:00,207
ORD16217,U110,R122,2026-04-17 10:48:00,363
ORD16218,U158,R110,2026-04-17 18:01:00,318
ORD16219,U16,R133,2026-04-17 12:36:00,373
ORD16220,U65,R22,2026-04-17 13:38:00,619
ORD16221,U207,R77,2026-04-17 16:51:00,786
ORD16222,U341,R66,2026-04-17 19:56:00,777
ORD16223,U748,R37,2026-04-17 17:34:00,466
ORD16224,U189,R11,2026-04-17 16:23:00,554
ORD16225,U645,R33,2026-04-17 19:05:00,443
ORD16226,U493,R98,2026-04-17 16:56:00,122
ORD16227,U911,R173,2026-04-17 12:31:00,386
ORD16228,U592,R104,2026-04-17 14:00:00,703
ORD16229,U55,R103,2026-04-17 18:36:00,174
ORD16230,U556,R99,2026-04-17 13:57:00,721
ORD16231,U842,R41,2026-04-17 16:06:00,780
ORD16232,U231,R189,2026-04-17 13:34:00,193
ORD16233,U712,R29,2026-04-17 15:55:00,316
ORD16234,U151,R78,2026-04-17 16:00:00,710
ORD16235,U308,R87,2026-04-17 13:01:00,636
ORD16236,U439,R26,2026-04-17 19:02:00,702
ORD16237,U145,R113,2026-04-17 18:50:00,428
ORD16238,U758,R77,2026-04-17 16:11:00,655
ORD16239,U270,R132,2026-04-17 14:45:00,491
ORD16240,U364,R143,2026-04-17 17:16:00,517
ORD16241,U17,R166,2026-04-17 19:34:00,784
ORD16242,U313,R2,2026-04-17 14:27:00,503
ORD16243,U641,R170,2026-04-17 17:24:00,174
ORD16244,U968,R92,2026-04-17 19:16:00,391
ORD16245,U665,R89,2026-04-17 15:49:00,797
ORD16246,U26,R159,2026-04-17 17:24:00,205
ORD16247,U751,R104,2026-04-17 10:40:00,674
ORD16248,U31,R155,2026-04-17 13:15:00,633
ORD16249,U88,R89,2026-04-17 18:18:00,284
ORD16250,U571,R138,2026-04-17 19:21:00,156
ORD16251,U842,R98,2026-04-17 10:41:00,399
ORD16252,U858,R132,2026-04-17 18:24:00,287
ORD16253,U15,R200,2026-04-17 19:28:00,697
ORD16254,U144,R57,2026-04-17 14:06:00,242
ORD16255,U376,R50,2026-04-17 15:07:00,779
ORD16256,U726,R151,2026-04-17 17:45:00,475
ORD16257,U455,R142,2026-04-17 13:12:00,728
ORD16258,U19,R173,2026-04-17 13:26:00,531
ORD16259,U596,R97,2026-04-17 12:02:00,190
ORD16260,U378,R85,2026-04-17 16:26:00,750
ORD16261,U362,R120,2026-04-17 18:59:00,191
ORD16262,U44,R33,2026-04-17 11:59:00,667
ORD16263,U701,R177,2026-04-17 17:44:00,694
ORD16264,U269,R14,2026-04-17 16:40:00,784
ORD16265,U82,R106,2026-04-17 19:35:00,409
ORD16266,U813,R143,2026-04-17 12:38:00,363
ORD16267,U915,R177,2026-04-17 13:40:00,203
ORD16268,U186,R9,2026-04-17 16:52:00,789
ORD16269,U529,R102,2026-04-17 13:41:00,228
ORD16270,U374,R140,2026-04-17 18:29:00,647
ORD16271,U880,R14,2026-04-17 10:12:00,432
ORD16272,U593,R34,2026-04-17 18:03:00,405
ORD16273,U261,R6,2026-04-17 11:01:00,553
ORD16274,U782,R39,2026-04-17 17:36:00,149
ORD16275,U28,R187,2026-04-17 10:13:00,681
ORD16276,U522,R123,2026-04-17 11:41:00,320
ORD16277,U163,R150,2026-04-17 19:48:00,296
ORD16278,U878,R19,2026-04-17 12:12:00,761
ORD16279,U333,R115,2026-04-17 10:55:00,604
ORD16280,U214,R166,2026-04-17 12:21:00,684
ORD16281,U980,R12,2026-04-17 16:25:00,131
ORD16282,U596,R103,2026-04-17 18:51:00,124
ORD16283,U164,R166,2026-04-17 16:17:00,532
ORD16284,U927,R56,2026-04-17 15:48:00,492
ORD16285,U730,R29,2026-04-17 10:26:00,217
ORD16286,U858,R17,2026-04-17 19:07:00,675
ORD16287,U322,R25,2026-04-17 11:13:00,779
ORD16288,U954,R9,2026-04-17 12:25:00,275
ORD16289,U714,R165,2026-04-17 18:00:00,273
ORD16290,U38,R75,2026-04-17 18:11:00,770
ORD16291,U15,R41,2026-04-17 17:11:00,507
ORD16292,U820,R138,2026-04-17 12:26:00,646
ORD16293,U483,R61,2026-04-17 11:53:00,121
ORD16294,U981,R31,2026-04-17 18:29:00,738
ORD16295,U78,R198,2026-04-17 10:30:00,601
ORD16296,U15,R188,2026-04-17 15:54:00,510
ORD16297,U965,R27,2026-04-17 17:26:00,554
ORD16298,U871,R145,2026-04-17 18:00:00,733
ORD16299,U229,R20,2026-04-17 13:53:00,685
ORD16300,U52,R60,2026-04-17 19:06:00,746
ORD16301,U881,R160,2026-04-17 15:26:00,685
ORD16302,U368,R116,2026-04-17 15:19:00,430
ORD16303,U1,R44,2026-04-17 15:27:00,272
ORD16304,U820,R105,2026-04-17 17:10:00,307
ORD16305,U703,R73,2026-04-17 11:04:00,357
ORD16306,U552,R154,2026-04-17 14:46:00,113
ORD16307,U106,R36,2026-04-17 15:29:00,252
ORD16308,U68,R37,2026-04-17 11:02:00,179
ORD16309,U487,R52,2026-04-17 15:50:00,144
ORD16310,U874,R142,2026-04-17 17:27:00,471
ORD16311,U569,R51,2026-04-17 17:14:00,799
ORD16312,U613,R111,2026-04-17 13:19:00,137
ORD16313,U706,R104,2026-04-17 17:10:00,460
ORD16314,U424,R43,2026-04-17 14:23:00,744
ORD16315,U718,R47,2026-04-17 18:09:00,721
ORD16316,U495,R17,2026-04-17 14:54:00,790
ORD16317,U34,R146,2026-04-17 17:30:00,635
ORD16318,U999,R132,2026-04-17 13:01:00,249
ORD16319,U845,R46,2026-04-17 10:42:00,769
ORD16320,U839,R30,2026-04-17 11:55:00,724
ORD16321,U180,R164,2026-04-17 11:01:00,674
ORD16322,U57,R99,2026-04-17 14:52:00,628
ORD16323,U764,R174,2026-04-17 15:24:00,624
ORD16324,U984,R161,2026-04-17 12:05:00,696
ORD16325,U440,R141,2026-04-17 10:02:00,698
ORD16326,U569,R81,2026-04-17 19:01:00,546
ORD16327,U883,R181,2026-04-17 11:18:00,612
ORD16328,U685,R121,2026-04-17 19:11:00,728
ORD16329,U984,R89,2026-04-17 16:23:00,101
ORD16330,U711,R35,2026-04-17 15:14:00,649
ORD16331,U523,R159,2026-04-17 15:28:00,162
ORD16332,U616,R177,2026-04-17 12:46:00,545
ORD16333,U270,R46,2026-04-17 15:37:00,124
ORD16334,U494,R175,2026-04-17 15:28:00,144
ORD16335,U25,R184,2026-04-17 12:19:00,571
ORD16336,U390,R180,2026-04-17 13:29:00,103
ORD16337,U258,R86,2026-04-17 16:22:00,346
ORD16338,U965,R59,2026-04-17 19:09:00,634
ORD16339,U302,R90,2026-04-17 17:33:00,457
ORD16340,U531,R147,2026-04-17 14:56:00,784
ORD16341,U175,R179,2026-04-17 13:34:00,149
ORD16342,U547,R159,2026-04-17 17:36:00,523
ORD16343,U954,R122,2026-04-17 11:01:00,535
ORD16344,U20,R127,2026-04-17 14:29:00,316
ORD16345,U117,R20,2026-04-17 18:36:00,213
ORD16346,U398,R7,2026-04-17 14:23:00,799
ORD16347,U176,R186,2026-04-17 11:16:00,280
ORD16348,U286,R59,2026-04-17 10:17:00,217
ORD16349,U209,R177,2026-04-17 19:04:00,608
ORD16350,U164,R144,2026-04-17 12:01:00,406
ORD16351,U11,R109,2026-04-17 12:10:00,341
ORD16352,U336,R119,2026-04-17 11:40:00,398
ORD16353,U818,R36,2026-04-17 15:39:00,616
ORD16354,U926,R37,2026-04-17 10:56:00,632
ORD16355,U889,R43,2026-04-17 13:31:00,500
ORD16356,U203,R170,2026-04-17 15:31:00,683
ORD16357,U257,R20,2026-04-17 17:05:00,433
ORD16358,U939,R115,2026-04-17 12:08:00,762
ORD16359,U595,R98,2026-04-17 14:15:00,462
ORD16360,U783,R108,2026-04-17 17:06:00,622
ORD16361,U395,R166,2026-04-17 15:32:00,789
ORD16362,U454,R71,2026-04-17 13:53:00,607
ORD16363,U58,R8,2026-04-17 13:08:00,799
ORD16364,U391,R88,2026-04-17 14:25:00,729
ORD16365,U840,R104,2026-04-17 12:11:00,787
ORD16366,U638,R36,2026-04-17 15:50:00,253
ORD16367,U434,R190,2026-04-17 17:54:00,757
ORD16368,U608,R165,2026-04-17 16:06:00,564
ORD16369,U97,R175,2026-04-17 11:01:00,492
ORD16370,U198,R12,2026-04-17 14:19:00,791
ORD16371,U928,R86,2026-04-17 15:54:00,218
ORD16372,U673,R22,2026-04-17 14:06:00,312
ORD16373,U520,R169,2026-04-17 17:58:00,771
ORD16374,U749,R149,2026-04-17 15:12:00,414
ORD16375,U857,R161,2026-04-17 19:54:00,580
ORD16376,U322,R131,2026-04-17 17:20:00,280
ORD16377,U299,R166,2026-04-17 18:40:00,588
ORD16378,U616,R61,2026-04-17 13:59:00,597
ORD16379,U582,R166,2026-04-17 18:02:00,345
ORD16380,U468,R37,2026-04-17 10:50:00,488
ORD16381,U88,R187,2026-04-17 10:13:00,353
ORD16382,U588,R130,2026-04-17 14:12:00,543
ORD16383,U686,R84,2026-04-17 11:54:00,681
ORD16384,U326,R196,2026-04-17 11:52:00,525
ORD16385,U884,R65,2026-04-17 14:10:00,405
ORD16386,U392,R123,2026-04-17 14:38:00,377
ORD16387,U416,R78,2026-04-17 10:22:00,556
ORD16388,U692,R87,2026-04-17 16:27:00,104
ORD16389,U502,R77,2026-04-17 17:58:00,505
ORD16390,U350,R176,2026-04-17 13:37:00,688
ORD16391,U438,R151,2026-04-17 17:25:00,323
ORD16392,U328,R130,2026-04-17 12:20:00,112
ORD16393,U834,R176,2026-04-17 12:07:00,116
ORD16394,U308,R21,2026-04-17 11:43:00,316
ORD16395,U987,R161,2026-04-17 10:20:00,602
ORD16396,U727,R173,2026-04-17 12:16:00,613
ORD16397,U554,R80,2026-04-17 19:23:00,466
ORD16398,U121,R188,2026-04-17 11:14:00,319
ORD16399,U33,R37,2026-04-17 15:00:00,576
ORD16400,U241,R31,2026-04-17 19:41:00,670
ORD16401,U355,R85,2026-04-17 10:45:00,349
ORD16402,U336,R100,2026-04-17 14:18:00,656
ORD16403,U351,R162,2026-04-17 10:09:00,390
ORD16404,U465,R182,2026-04-17 18:49:00,596
ORD16405,U973,R179,2026-04-17 14:04:00,681
ORD16406,U254,R5,2026-04-17 16:17:00,693
ORD16407,U900,R164,2026-04-17 18:32:00,259
ORD16408,U382,R58,2026-04-17 14:36:00,220
ORD16409,U515,R174,2026-04-17 12:41:00,638
ORD16410,U369,R100,2026-04-17 16:26:00,187
ORD16411,U527,R10,2026-04-17 17:38:00,691
ORD16412,U260,R120,2026-04-17 16:04:00,681
ORD16413,U470,R176,2026-04-17 18:52:00,256
ORD16414,U801,R156,2026-04-17 13:34:00,522
ORD16415,U30,R194,2026-04-17 11:32:00,300
ORD16416,U170,R39,2026-04-17 16:37:00,659
ORD16417,U229,R155,2026-04-17 19:50:00,522
ORD16418,U826,R99,2026-04-17 15:33:00,693
ORD16419,U923,R192,2026-04-17 16:58:00,438
ORD16420,U694,R156,2026-04-17 11:36:00,470
ORD16421,U982,R187,2026-04-17 19:23:00,431
ORD16422,U295,R20,2026-04-17 17:40:00,129
ORD16423,U854,R25,2026-04-17 14:09:00,664
ORD16424,U392,R9,2026-04-17 10:51:00,611
ORD16425,U864,R160,2026-04-17 17:29:00,523
ORD16426,U73,R16,2026-04-17 10:45:00,189
ORD16427,U828,R27,2026-04-17 16:27:00,669
ORD16428,U469,R130,2026-04-17 19:23:00,125
ORD16429,U573,R51,2026-04-17 14:19:00,129
ORD16430,U835,R145,2026-04-17 18:56:00,764
ORD16431,U416,R158,2026-04-17 13:35:00,399
ORD16432,U839,R76,2026-04-17 17:32:00,486
ORD16433,U711,R64,2026-04-17 15:21:00,232
ORD16434,U488,R147,2026-04-17 13:18:00,540
ORD16435,U696,R128,2026-04-17 13:35:00,696
ORD16436,U456,R171,2026-04-17 17:51:00,377
ORD16437,U770,R174,2026-04-17 10:06:00,427
ORD16438,U397,R183,2026-04-17 11:17:00,248
ORD16439,U413,R86,2026-04-17 16:44:00,728
ORD16440,U649,R193,2026-04-17 17:56:00,418
ORD16441,U322,R185,2026-04-17 17:05:00,311
ORD16442,U758,R5,2026-04-17 13:08:00,284
ORD16443,U270,R140,2026-04-17 10:24:00,230
ORD16444,U680,R11,2026-04-17 14:17:00,248
ORD16445,U966,R39,2026-04-17 11:51:00,320
ORD16446,U63,R140,2026-04-17 10:12:00,467
ORD16447,U922,R25,2026-04-17 16:45:00,327
ORD16448,U248,R14,2026-04-17 15:52:00,120
ORD16449,U602,R35,2026-04-17 16:21:00,732
ORD16450,U221,R72,2026-04-17 11:44:00,488
ORD16451,U351,R97,2026-04-17 16:10:00,502
ORD16452,U618,R92,2026-04-17 16:56:00,457
ORD16453,U618,R118,2026-04-17 13:51:00,381
ORD16454,U687,R106,2026-04-17 16:15:00,676
ORD16455,U264,R198,2026-04-17 13:28:00,201
ORD16456,U707,R37,2026-04-17 12:06:00,709
ORD16457,U551,R105,2026-04-17 10:06:00,324
ORD16458,U683,R75,2026-04-17 19:10:00,163
ORD16459,U876,R142,2026-04-17 18:58:00,732
ORD16460,U765,R196,2026-04-17 13:13:00,669
ORD16461,U736,R57,2026-04-17 15:16:00,475
ORD16462,U638,R75,2026-04-17 12:58:00,117
ORD16463,U441,R71,2026-04-17 11:51:00,631
ORD16464,U549,R12,2026-04-17 13:46:00,719
ORD16465,U634,R16,2026-04-17 17:37:00,715
ORD16466,U800,R82,2026-04-17 15:32:00,278
ORD16467,U763,R15,2026-04-17 15:53:00,167
ORD16468,U649,R148,2026-04-17 19:00:00,397
ORD16469,U845,R156,2026-04-17 10:33:00,671
ORD16470,U972,R103,2026-04-17 17:00:00,326
ORD16471,U695,R132,2026-04-17 14:19:00,615
ORD16472,U389,R73,2026-04-17 11:54:00,656
ORD16473,U2,R172,2026-04-17 16:48:00,314
ORD16474,U471,R99,2026-04-17 14:41:00,652
ORD16475,U284,R115,2026-04-17 17:02:00,139
ORD16476,U787,R194,2026-04-17 13:26:00,306
ORD16477,U650,R9,2026-04-17 16:56:00,391
ORD16478,U34,R53,2026-04-17 18:55:00,567
ORD16479,U644,R13,2026-04-17 19:02:00,584
ORD16480,U462,R59,2026-04-17 15:50:00,442
ORD16481,U225,R145,2026-04-17 12:15:00,362
ORD16482,U263,R200,2026-04-17 13:43:00,476
ORD16483,U727,R46,2026-04-17 15:50:00,375
ORD16484,U626,R61,2026-04-17 15:03:00,488
ORD16485,U157,R155,2026-04-17 11:19:00,730
ORD16486,U899,R192,2026-04-17 15:31:00,215
ORD16487,U176,R121,2026-04-17 15:43:00,369
ORD16488,U160,R32,2026-04-17 11:03:00,348
ORD16489,U326,R9,2026-04-17 12:18:00,462
ORD16490,U120,R79,2026-04-17 16:19:00,595
ORD16491,U926,R33,2026-04-17 17:57:00,563
ORD16492,U193,R144,2026-04-17 10:07:00,687
ORD16493,U167,R185,2026-04-17 17:49:00,433
ORD16494,U732,R118,2026-04-17 18:11:00,173
ORD16495,U774,R104,2026-04-17 19:51:00,285
ORD16496,U668,R123,2026-04-17 19:54:00,427
ORD16497,U631,R44,2026-04-17 13:47:00,108
ORD16498,U735,R85,2026-04-17 12:06:00,416
ORD16499,U905,R151,2026-04-17 10:27:00,735
ORD16500,U414,R25,2026-04-17 19:48:00,561
ORD16501,U700,R79,2026-04-17 15:24:00,136
ORD16502,U960,R20,2026-04-17 17:54:00,600
ORD16503,U683,R123,2026-04-17 14:16:00,645
ORD16504,U952,R112,2026-04-17 18:28:00,117
ORD16505,U43,R165,2026-04-17 14:32:00,774
ORD16506,U877,R20,2026-04-17 18:08:00,275
ORD16507,U64,R57,2026-04-17 19:05:00,356
ORD16508,U362,R115,2026-04-17 19:55:00,760
ORD16509,U791,R160,2026-04-17 19:45:00,306
ORD16510,U146,R37,2026-04-17 18:22:00,358
ORD16511,U601,R49,2026-04-17 10:16:00,170
ORD16512,U534,R35,2026-04-17 12:59:00,226
ORD16513,U145,R178,2026-04-17 18:43:00,488
ORD16514,U695,R98,2026-04-17 11:58:00,736
ORD16515,U557,R165,2026-04-17 19:31:00,551
ORD16516,U998,R110,2026-04-17 11:52:00,526
ORD16517,U216,R109,2026-04-17 14:31:00,281
ORD16518,U2,R19,2026-04-17 14:07:00,259
ORD16519,U415,R117,2026-04-17 19:23:00,440
ORD16520,U958,R144,2026-04-17 19:27:00,301
ORD16521,U384,R64,2026-04-17 16:23:00,630
ORD16522,U247,R124,2026-04-17 17:06:00,221
ORD16523,U684,R178,2026-04-17 15:27:00,280
ORD16524,U667,R22,2026-04-17 14:47:00,634
ORD16525,U732,R36,2026-04-17 16:54:00,754
ORD16526,U673,R32,2026-04-17 11:44:00,620
ORD16527,U323,R200,2026-04-17 16:26:00,629
ORD16528,U513,R26,2026-04-17 16:43:00,553
ORD16529,U551,R60,2026-04-17 16:42:00,547
ORD16530,U508,R76,2026-04-17 12:14:00,403
ORD16531,U988,R190,2026-04-17 13:25:00,776
ORD16532,U415,R20,2026-04-17 16:18:00,778
ORD16533,U551,R82,2026-04-17 10:45:00,440
ORD16534,U209,R154,2026-04-17 16:32:00,119
ORD16535,U695,R60,2026-04-17 17:04:00,147
ORD16536,U228,R83,2026-04-17 13:55:00,106
ORD16537,U652,R15,2026-04-17 13:53:00,514
ORD16538,U702,R5,2026-04-17 14:29:00,365
ORD16539,U93,R107,2026-04-17 18:34:00,121
ORD16540,U840,R193,2026-04-17 12:58:00,347
ORD16541,U181,R31,2026-04-17 16:56:00,146
ORD16542,U814,R47,2026-04-17 14:00:00,294
ORD16543,U828,R49,2026-04-17 19:35:00,472
ORD16544,U433,R55,2026-04-17 16:31:00,662
ORD16545,U872,R165,2026-04-17 10:38:00,313
ORD16546,U558,R178,2026-04-17 13:49:00,224
ORD16547,U828,R178,2026-04-17 14:27:00,131
ORD16548,U411,R59,2026-04-17 17:36:00,314
ORD16549,U159,R48,2026-04-17 18:06:00,374
ORD16550,U392,R88,2026-04-17 17:44:00,644
ORD16551,U109,R97,2026-04-17 17:19:00,424
ORD16552,U925,R91,2026-04-17 15:39:00,251
ORD16553,U255,R91,2026-04-17 15:51:00,131
ORD16554,U144,R70,2026-04-17 19:52:00,459
ORD16555,U208,R59,2026-04-17 16:30:00,637
ORD16556,U60,R107,2026-04-17 17:47:00,432
ORD16557,U988,R148,2026-04-17 10:57:00,586
ORD16558,U800,R60,2026-04-17 13:03:00,214
ORD16559,U903,R173,2026-04-17 15:28:00,257
ORD16560,U306,R131,2026-04-17 17:48:00,194
ORD16561,U810,R90,2026-04-17 18:29:00,756
ORD16562,U640,R41,2026-04-17 12:05:00,779
ORD16563,U619,R57,2026-04-17 13:04:00,360
ORD16564,U784,R63,2026-04-17 13:00:00,686
ORD16565,U699,R45,2026-04-17 11:30:00,505
ORD16566,U21,R168,2026-04-17 16:53:00,599
ORD16567,U119,R46,2026-04-17 12:53:00,408
ORD16568,U910,R29,2026-04-17 11:04:00,576
ORD16569,U909,R115,2026-04-17 11:14:00,751
ORD16570,U755,R171,2026-04-17 19:02:00,153
ORD16571,U315,R146,2026-04-17 13:16:00,503
ORD16572,U176,R43,2026-04-17 19:09:00,379
ORD16573,U66,R98,2026-04-17 11:55:00,518
ORD16574,U554,R50,2026-04-17 16:03:00,728
ORD16575,U707,R86,2026-04-17 17:04:00,731
ORD16576,U535,R103,2026-04-17 10:04:00,505
ORD16577,U835,R139,2026-04-17 19:03:00,686
ORD16578,U668,R6,2026-04-17 16:56:00,360
ORD16579,U134,R117,2026-04-17 18:41:00,706
ORD16580,U377,R124,2026-04-17 14:16:00,318
ORD16581,U878,R3,2026-04-17 12:13:00,516
ORD16582,U835,R9,2026-04-17 13:38:00,634
ORD16583,U828,R68,2026-04-17 17:51:00,396
ORD16584,U735,R13,2026-04-17 12:05:00,481
ORD16585,U335,R120,2026-04-17 15:28:00,543
ORD16586,U807,R51,2026-04-17 17:11:00,145
ORD16587,U231,R84,2026-04-17 14:03:00,353
ORD16588,U253,R24,2026-04-17 11:06:00,681
ORD16589,U523,R105,2026-04-17 14:20:00,796
ORD16590,U519,R24,2026-04-17 19:36:00,776
ORD16591,U937,R168,2026-04-17 12:40:00,434
ORD16592,U553,R188,2026-04-17 17:36:00,445
ORD16593,U559,R80,2026-04-17 10:59:00,726
ORD16594,U749,R131,2026-04-17 14:23:00,775
ORD16595,U756,R125,2026-04-17 14:41:00,703
ORD16596,U667,R168,2026-04-17 14:57:00,106
ORD16597,U562,R138,2026-04-17 11:56:00,652
ORD16598,U747,R53,2026-04-17 11:34:00,150
ORD16599,U435,R55,2026-04-17 14:00:00,540
ORD16600,U783,R71,2026-04-17 14:11:00,587
ORD16601,U793,R108,2026-04-17 13:13:00,414
ORD16602,U172,R172,2026-04-17 18:01:00,110
ORD16603,U159,R18,2026-04-17 13:06:00,531
ORD16604,U298,R12,2026-04-17 16:35:00,501
ORD16605,U154,R200,2026-04-17 11:15:00,378
ORD16606,U903,R37,2026-04-17 13:03:00,209
ORD16607,U708,R150,2026-04-17 14:43:00,733
ORD16608,U960,R105,2026-04-17 19:33:00,780
ORD16609,U869,R94,2026-04-17 16:57:00,152
ORD16610,U73,R78,2026-04-17 18:00:00,730
ORD16611,U887,R48,2026-04-17 13:17:00,290
ORD16612,U775,R105,2026-04-17 14:53:00,510
ORD16613,U310,R87,2026-04-17 17:40:00,274
ORD16614,U368,R133,2026-04-17 10:48:00,374
ORD16615,U649,R64,2026-04-17 16:14:00,695
ORD16616,U64,R83,2026-04-17 14:11:00,763
ORD16617,U895,R156,2026-04-17 14:49:00,641
ORD16618,U926,R75,2026-04-17 16:01:00,279
ORD16619,U352,R136,2026-04-17 15:35:00,783
ORD16620,U640,R36,2026-04-17 17:31:00,209
ORD16621,U680,R60,2026-04-17 19:15:00,593
ORD16622,U305,R160,2026-04-17 17:51:00,310
ORD16623,U837,R13,2026-04-17 18:10:00,527
ORD16624,U935,R96,2026-04-17 14:36:00,433
ORD16625,U282,R100,2026-04-17 12:08:00,463
ORD16626,U288,R184,2026-04-17 12:58:00,149
ORD16627,U714,R177,2026-04-17 16:46:00,676
ORD16628,U629,R130,2026-04-17 10:36:00,401
ORD16629,U150,R134,2026-04-17 17:18:00,115
ORD16630,U143,R172,2026-04-17 18:19:00,341
ORD16631,U44,R200,2026-04-17 15:39:00,208
ORD16632,U951,R23,2026-04-17 19:49:00,637
ORD16633,U803,R42,2026-04-17 10:08:00,749
ORD16634,U78,R31,2026-04-17 17:07:00,736
ORD16635,U180,R8,2026-04-17 14:00:00,120
ORD16636,U789,R25,2026-04-17 10:04:00,630
ORD16637,U562,R33,2026-04-17 12:29:00,642
ORD16638,U376,R189,2026-04-17 13:59:00,148
ORD16639,U122,R101,2026-04-17 14:49:00,504
ORD16640,U901,R74,2026-04-17 19:20:00,428
ORD16641,U270,R41,2026-04-17 10:17:00,785
ORD16642,U200,R79,2026-04-17 17:10:00,610
ORD16643,U871,R196,2026-04-17 10:13:00,446
ORD16644,U378,R116,2026-04-17 10:23:00,440
ORD16645,U483,R183,2026-04-17 13:23:00,665
ORD16646,U755,R126,2026-04-17 18:47:00,544
ORD16647,U952,R89,2026-04-17 18:25:00,460
ORD16648,U616,R114,2026-04-17 19:49:00,753
ORD16649,U378,R129,2026-04-17 15:31:00,720
ORD16650,U905,R176,2026-04-17 19:23:00,782
ORD16651,U942,R92,2026-04-17 18:53:00,490
ORD16652,U492,R53,2026-04-17 17:22:00,191
ORD16653,U827,R130,2026-04-17 19:06:00,277
ORD16654,U833,R45,2026-04-17 16:03:00,677
ORD16655,U839,R195,2026-04-17 17:02:00,250
ORD16656,U472,R127,2026-04-17 14:12:00,499
ORD16657,U623,R110,2026-04-17 12:41:00,215
ORD16658,U813,R81,2026-04-17 11:14:00,320
ORD16659,U199,R170,2026-04-17 14:54:00,601
ORD16660,U78,R156,2026-04-17 12:04:00,469
ORD16661,U975,R119,2026-04-17 18:15:00,171
ORD16662,U785,R141,2026-04-17 11:00:00,428
ORD16663,U551,R161,2026-04-17 17:35:00,184
ORD16664,U64,R78,2026-04-17 17:59:00,317
ORD16665,U395,R200,2026-04-17 15:21:00,111
ORD16666,U408,R15,2026-04-17 11:29:00,688
ORD16667,U566,R175,2026-04-17 17:14:00,137
ORD16668,U457,R192,2026-04-17 17:22:00,434
ORD16669,U766,R3,2026-04-17 17:02:00,425
ORD16670,U252,R3,2026-04-17 17:33:00,410
ORD16671,U505,R188,2026-04-17 12:07:00,708
ORD16672,U377,R46,2026-04-17 15:08:00,149
ORD16673,U188,R108,2026-04-17 12:11:00,638
ORD16674,U315,R116,2026-04-17 19:38:00,218
ORD16675,U443,R92,2026-04-17 11:18:00,313
ORD16676,U350,R83,2026-04-17 17:13:00,294
ORD16677,U323,R6,2026-04-17 11:44:00,331
ORD16678,U864,R198,2026-04-17 11:04:00,229
ORD16679,U287,R175,2026-04-17 15:53:00,101
ORD16680,U927,R42,2026-04-17 18:20:00,675
ORD16681,U423,R144,2026-04-17 17:37:00,424
ORD16682,U22,R134,2026-04-17 17:59:00,520
ORD16683,U529,R43,2026-04-17 16:16:00,181
ORD16684,U747,R55,2026-04-17 12:37:00,175
ORD16685,U598,R156,2026-04-17 12:45:00,763
ORD16686,U320,R74,2026-04-17 18:22:00,778
ORD16687,U782,R118,2026-04-17 14:40:00,796
ORD16688,U952,R119,2026-04-17 16:35:00,653
ORD16689,U947,R182,2026-04-17 12:05:00,234
ORD16690,U456,R156,2026-04-17 15:20:00,713
ORD16691,U167,R112,2026-04-17 19:58:00,417
ORD16692,U680,R80,2026-04-17 13:08:00,721
ORD16693,U516,R165,2026-04-17 10:35:00,523
ORD16694,U316,R1,2026-04-17 15:45:00,745
ORD16695,U643,R181,2026-04-17 12:00:00,696
ORD16696,U510,R11,2026-04-17 16:48:00,513
ORD16697,U743,R90,2026-04-17 10:46:00,165
ORD16698,U179,R164,2026-04-17 12:12:00,292
ORD16699,U164,R130,2026-04-17 12:18:00,648
ORD16700,U414,R42,2026-04-17 12:48:00,164
ORD16701,U964,R152,2026-04-17 12:14:00,155
ORD16702,U651,R126,2026-04-17 18:27:00,132
ORD16703,U832,R185,2026-04-17 19:27:00,203
ORD16704,U118,R24,2026-04-17 19:49:00,200
ORD16705,U753,R140,2026-04-17 10:27:00,378
ORD16706,U959,R101,2026-04-17 18:30:00,131
ORD16707,U331,R77,2026-04-17 20:00:00,418
ORD16708,U763,R150,2026-04-17 11:10:00,614
ORD16709,U861,R44,2026-04-17 14:07:00,315
ORD16710,U191,R171,2026-04-17 17:05:00,370
ORD16711,U775,R97,2026-04-17 17:00:00,275
ORD16712,U607,R19,2026-04-17 19:05:00,697
ORD16713,U421,R192,2026-04-17 12:20:00,570
ORD16714,U844,R65,2026-04-17 15:24:00,505
ORD16715,U936,R22,2026-04-17 12:47:00,164
ORD16716,U327,R188,2026-04-17 17:54:00,373
ORD16717,U201,R113,2026-04-17 14:00:00,227
ORD16718,U416,R73,2026-04-17 11:18:00,549
ORD16719,U202,R33,2026-04-17 18:54:00,382
ORD16720,U499,R171,2026-04-17 10:13:00,256
ORD16721,U374,R152,2026-04-17 15:36:00,509
ORD16722,U438,R180,2026-04-17 17:56:00,668
ORD16723,U247,R176,2026-04-17 13:08:00,142
ORD16724,U645,R191,2026-04-17 19:07:00,178
ORD16725,U272,R189,2026-04-17 14:39:00,800
ORD16726,U395,R30,2026-04-17 18:05:00,580
ORD16727,U48,R101,2026-04-17 10:47:00,690
ORD16728,U526,R27,2026-04-17 16:25:00,613
ORD16729,U778,R34,2026-04-17 18:32:00,686
ORD16730,U867,R2,2026-04-17 16:18:00,736
ORD16731,U63,R186,2026-04-17 17:14:00,311
ORD16732,U170,R192,2026-04-17 13:31:00,675
ORD16733,U72,R79,2026-04-17 12:09:00,255
ORD16734,U911,R139,2026-04-17 14:22:00,709
ORD16735,U384,R44,2026-04-17 17:34:00,785
ORD16736,U312,R50,2026-04-17 16:43:00,549
ORD16737,U159,R84,2026-04-17 16:15:00,611
ORD16738,U754,R176,2026-04-17 19:37:00,460
ORD16739,U197,R113,2026-04-17 10:15:00,800
ORD16740,U509,R63,2026-04-17 10:39:00,327
ORD16741,U696,R72,2026-04-17 19:48:00,776
ORD16742,U875,R191,2026-04-17 11:48:00,301
ORD16743,U114,R29,2026-04-17 18:10:00,512
ORD16744,U321,R193,2026-04-17 18:19:00,746
ORD16745,U924,R183,2026-04-17 14:21:00,635
ORD16746,U760,R1,2026-04-17 12:25:00,742
ORD16747,U641,R66,2026-04-17 14:34:00,475
ORD16748,U693,R191,2026-04-17 12:02:00,713
ORD16749,U60,R43,2026-04-17 11:45:00,408
ORD16750,U10,R60,2026-04-17 10:51:00,450
ORD16751,U829,R121,2026-04-17 11:38:00,703
ORD16752,U85,R28,2026-04-17 18:45:00,411
ORD16753,U437,R135,2026-04-17 15:27:00,122
ORD16754,U301,R67,2026-04-17 16:14:00,304
ORD16755,U150,R85,2026-04-17 10:58:00,258
ORD16756,U986,R59,2026-04-17 14:11:00,657
ORD16757,U754,R37,2026-04-17 15:47:00,231
ORD16758,U358,R30,2026-04-17 11:56:00,463
ORD16759,U233,R187,2026-04-17 12:28:00,375
ORD16760,U496,R103,2026-04-17 14:28:00,195
ORD16761,U970,R150,2026-04-17 13:05:00,293
ORD16762,U305,R104,2026-04-17 10:49:00,687
ORD16763,U99,R161,2026-04-17 14:40:00,543
ORD16764,U849,R138,2026-04-17 16:57:00,140
ORD16765,U203,R70,2026-04-17 11:25:00,287
ORD16766,U311,R178,2026-04-17 15:52:00,569
ORD16767,U13,R35,2026-04-17 11:32:00,125
ORD16768,U736,R70,2026-04-17 19:52:00,477
ORD16769,U212,R172,2026-04-17 14:49:00,798
ORD16770,U633,R180,2026-04-17 19:36:00,759
ORD16771,U803,R46,2026-04-17 10:04:00,153
ORD16772,U178,R31,2026-04-17 12:31:00,559
ORD16773,U677,R40,2026-04-17 10:00:00,397
ORD16774,U627,R195,2026-04-17 11:11:00,710
ORD16775,U719,R18,2026-04-17 11:58:00,725
ORD16776,U426,R192,2026-04-17 12:41:00,210
ORD16777,U445,R54,2026-04-17 14:46:00,400
ORD16778,U575,R36,2026-04-17 10:14:00,288
ORD16779,U18,R173,2026-04-17 11:39:00,286
ORD16780,U676,R200,2026-04-17 16:12:00,491
ORD16781,U902,R84,2026-04-17 14:28:00,224
ORD16782,U484,R134,2026-04-17 14:29:00,316
ORD16783,U613,R55,2026-04-17 15:30:00,153
ORD16784,U215,R63,2026-04-17 15:59:00,553
ORD16785,U332,R176,2026-04-17 18:39:00,157
ORD16786,U250,R174,2026-04-17 14:12:00,405
ORD16787,U859,R110,2026-04-17 13:55:00,264
ORD16788,U226,R102,2026-04-17 13:46:00,182
ORD16789,U325,R19,2026-04-17 14:49:00,673
ORD16790,U396,R107,2026-04-17 10:58:00,247
ORD16791,U500,R139,2026-04-17 13:13:00,524
ORD16792,U217,R107,2026-04-17 10:10:00,395
ORD16793,U981,R149,2026-04-17 16:07:00,585
ORD16794,U566,R184,2026-04-17 13:22:00,142
ORD16795,U592,R138,2026-04-17 11:57:00,399
ORD16796,U957,R176,2026-04-17 10:46:00,233
ORD16797,U409,R33,2026-04-17 16:16:00,130
ORD16798,U512,R9,2026-04-17 14:34:00,175
ORD16799,U62,R75,2026-04-17 13:38:00,623
ORD16800,U966,R113,2026-04-17 11:59:00,789
ORD16801,U984,R117,2026-04-17 19:10:00,218
ORD16802,U34,R70,2026-04-17 14:34:00,166
ORD16803,U848,R67,2026-04-17 15:53:00,619
ORD16804,U823,R195,2026-04-17 10:02:00,530
ORD16805,U143,R108,2026-04-17 16:41:00,685
ORD16806,U614,R47,2026-04-17 19:25:00,267
ORD16807,U885,R12,2026-04-17 19:30:00,595
ORD16808,U111,R2,2026-04-17 17:36:00,401
ORD16809,U603,R20,2026-04-17 13:04:00,290
ORD16810,U327,R144,2026-04-17 14:13:00,133
ORD16811,U175,R137,2026-04-17 17:29:00,637
ORD16812,U786,R81,2026-04-17 11:06:00,516
ORD16813,U406,R200,2026-04-17 11:24:00,328
ORD16814,U86,R94,2026-04-17 19:10:00,519
ORD16815,U908,R11,2026-04-17 12:34:00,348
ORD16816,U87,R45,2026-04-17 19:26:00,125
ORD16817,U750,R189,2026-04-17 18:49:00,211
ORD16818,U763,R1,2026-04-17 16:41:00,605
ORD16819,U704,R178,2026-04-17 15:30:00,440
ORD16820,U539,R139,2026-04-17 10:04:00,745
ORD16821,U355,R149,2026-04-17 17:48:00,295
ORD16822,U84,R199,2026-04-17 16:28:00,750
ORD16823,U786,R171,2026-04-17 15:29:00,436
ORD16824,U458,R23,2026-04-17 12:58:00,236
ORD16825,U968,R9,2026-04-17 19:34:00,139
ORD16826,U129,R133,2026-04-17 16:31:00,478
ORD16827,U619,R191,2026-04-17 10:38:00,358
ORD16828,U629,R94,2026-04-17 16:12:00,190
ORD16829,U88,R167,2026-04-17 14:22:00,352
ORD16830,U763,R104,2026-04-17 16:06:00,687
ORD16831,U743,R145,2026-04-17 17:07:00,387
ORD16832,U955,R3,2026-04-17 15:20:00,337
ORD16833,U298,R13,2026-04-17 15:43:00,184
ORD16834,U989,R151,2026-04-17 11:37:00,343
ORD16835,U402,R28,2026-04-17 18:42:00,659
ORD16836,U601,R19,2026-04-17 16:17:00,527
ORD16837,U835,R65,2026-04-17 14:14:00,408
ORD16838,U236,R4,2026-04-17 15:35:00,741
ORD16839,U295,R135,2026-04-17 18:26:00,522
ORD16840,U214,R38,2026-04-17 15:16:00,167
ORD16841,U288,R10,2026-04-17 15:51:00,564
ORD16842,U261,R14,2026-04-17 17:57:00,716
ORD16843,U307,R103,2026-04-17 10:48:00,144
ORD16844,U113,R93,2026-04-17 12:45:00,669
ORD16845,U58,R71,2026-04-17 13:34:00,380
ORD16846,U523,R84,2026-04-17 13:46:00,504
ORD16847,U90,R158,2026-04-17 16:01:00,150
ORD16848,U229,R167,2026-04-17 18:31:00,204
ORD16849,U508,R94,2026-04-17 10:40:00,317
ORD16850,U156,R26,2026-04-17 16:30:00,275
ORD16851,U916,R10,2026-04-17 13:08:00,236
ORD16852,U391,R118,2026-04-17 17:29:00,259
ORD16853,U293,R26,2026-04-17 17:24:00,704
ORD16854,U989,R49,2026-04-17 10:39:00,527
ORD16855,U609,R160,2026-04-17 13:45:00,586
ORD16856,U982,R42,2026-04-17 12:07:00,117
ORD16857,U204,R157,2026-04-17 13:56:00,447
ORD16858,U499,R166,2026-04-17 18:23:00,198
ORD16859,U618,R158,2026-04-17 18:57:00,354
ORD16860,U697,R26,2026-04-17 12:32:00,580
ORD16861,U277,R140,2026-04-17 17:14:00,511
ORD16862,U904,R172,2026-04-17 16:49:00,106
ORD16863,U575,R24,2026-04-17 19:16:00,417
ORD16864,U537,R175,2026-04-17 14:59:00,718
ORD16865,U30,R159,2026-04-17 18:15:00,209
ORD16866,U251,R194,2026-04-17 15:24:00,461
ORD16867,U594,R93,2026-04-17 18:56:00,498
ORD16868,U721,R184,2026-04-17 15:36:00,640
ORD16869,U453,R77,2026-04-17 10:18:00,146
ORD16870,U819,R63,2026-04-17 12:21:00,369
ORD16871,U382,R53,2026-04-17 12:08:00,400
ORD16872,U465,R181,2026-04-17 11:28:00,783
ORD16873,U30,R24,2026-04-17 10:54:00,499
ORD16874,U935,R154,2026-04-17 17:16:00,683
ORD16875,U170,R56,2026-04-17 16:26:00,512
ORD16876,U460,R190,2026-04-17 14:22:00,175
ORD16877,U65,R2,2026-04-17 10:55:00,121
ORD16878,U204,R34,2026-04-17 12:00:00,131
ORD16879,U549,R124,2026-04-17 13:11:00,614
ORD16880,U650,R46,2026-04-17 14:39:00,723
ORD16881,U614,R93,2026-04-17 19:04:00,443
ORD16882,U950,R54,2026-04-17 11:36:00,278
ORD16883,U288,R16,2026-04-17 16:48:00,788
ORD16884,U886,R62,2026-04-17 13:01:00,307
ORD16885,U420,R132,2026-04-17 16:36:00,636
ORD16886,U823,R70,2026-04-17 12:29:00,129
ORD16887,U2,R73,2026-04-17 10:16:00,584
ORD16888,U276,R186,2026-04-17 10:02:00,750
ORD16889,U743,R191,2026-04-17 10:28:00,364
ORD16890,U828,R157,2026-04-17 18:37:00,694
ORD16891,U721,R150,2026-04-17 11:00:00,114
ORD16892,U37,R59,2026-04-17 17:01:00,405
ORD16893,U838,R68,2026-04-17 14:48:00,543
ORD16894,U556,R149,2026-04-17 17:24:00,251
ORD16895,U798,R157,2026-04-17 10:54:00,535
ORD16896,U561,R112,2026-04-17 18:40:00,161
ORD16897,U333,R109,2026-04-17 19:27:00,497
ORD16898,U922,R144,2026-04-17 14:10:00,669
ORD16899,U677,R169,2026-04-17 10:00:00,134
ORD16900,U145,R96,2026-04-17 18:45:00,477
ORD16901,U885,R53,2026-04-17 15:28:00,320
ORD16902,U478,R57,2026-04-17 12:56:00,323
ORD16903,U605,R71,2026-04-17 14:00:00,342
ORD16904,U581,R111,2026-04-17 14:59:00,421
ORD16905,U627,R111,2026-04-17 11:02:00,106
ORD16906,U498,R16,2026-04-17 15:01:00,382
ORD16907,U752,R43,2026-04-17 15:38:00,335
ORD16908,U81,R198,2026-04-17 13:50:00,388
ORD16909,U401,R30,2026-04-17 19:21:00,419
ORD16910,U197,R68,2026-04-17 12:25:00,792
ORD16911,U347,R116,2026-04-17 16:53:00,403
ORD16912,U125,R3,2026-04-17 18:20:00,654
ORD16913,U910,R139,2026-04-17 16:29:00,188
ORD16914,U183,R79,2026-04-17 18:53:00,364
ORD16915,U667,R161,2026-04-17 19:28:00,702
ORD16916,U398,R166,2026-04-17 18:00:00,501
ORD16917,U457,R129,2026-04-17 18:39:00,484
ORD16918,U751,R151,2026-04-17 15:27:00,721
ORD16919,U238,R198,2026-04-17 12:35:00,688
ORD16920,U438,R114,2026-04-17 15:13:00,320
ORD16921,U953,R151,2026-04-17 16:50:00,478
ORD16922,U380,R151,2026-04-17 15:15:00,337
ORD16923,U97,R47,2026-04-17 14:32:00,203
ORD16924,U743,R26,2026-04-17 14:10:00,364
ORD16925,U586,R77,2026-04-17 18:16:00,741
ORD16926,U425,R60,2026-04-17 18:12:00,367
ORD16927,U376,R41,2026-04-17 15:27:00,789
ORD16928,U411,R151,2026-04-17 18:52:00,796
ORD16929,U164,R128,2026-04-17 10:00:00,621
ORD16930,U659,R183,2026-04-17 19:51:00,419
ORD16931,U216,R140,2026-04-17 17:28:00,175
ORD16932,U256,R50,2026-04-17 16:49:00,130
ORD16933,U442,R186,2026-04-17 14:57:00,323
ORD16934,U213,R83,2026-04-17 11:02:00,241
ORD16935,U868,R111,2026-04-17 14:10:00,250
ORD16936,U546,R79,2026-04-17 10:34:00,688
ORD16937,U952,R196,2026-04-17 12:42:00,672
ORD16938,U797,R124,2026-04-17 19:23:00,657
ORD16939,U743,R190,2026-04-17 17:24:00,775
ORD16940,U142,R108,2026-04-17 19:09:00,133
ORD16941,U64,R127,2026-04-17 15:17:00,765
ORD16942,U840,R64,2026-04-17 16:58:00,446
ORD16943,U188,R163,2026-04-17 15:47:00,275
ORD16944,U565,R174,2026-04-17 19:53:00,500
ORD16945,U311,R81,2026-04-17 13:20:00,340
ORD16946,U503,R97,2026-04-17 16:37:00,326
ORD16947,U535,R111,2026-04-17 13:23:00,760
ORD16948,U481,R119,2026-04-17 17:47:00,799
ORD16949,U214,R93,2026-04-17 19:51:00,141
ORD16950,U451,R53,2026-04-17 13:17:00,306
ORD16951,U633,R79,2026-04-17 10:38:00,683
ORD16952,U624,R25,2026-04-17 10:54:00,131
ORD16953,U187,R97,2026-04-17 13:14:00,190
ORD16954,U741,R185,2026-04-17 10:18:00,340
ORD16955,U326,R66,2026-04-17 18:44:00,800
ORD16956,U472,R101,2026-04-17 14:01:00,381
ORD16957,U301,R53,2026-04-17 12:15:00,326
ORD16958,U423,R55,2026-04-17 12:44:00,275
ORD16959,U665,R184,2026-04-17 18:18:00,419
ORD16960,U401,R41,2026-04-17 11:23:00,539
ORD16961,U863,R130,2026-04-17 15:51:00,721
ORD16962,U734,R26,2026-04-17 17:11:00,600
ORD16963,U317,R135,2026-04-17 11:04:00,476
ORD16964,U913,R78,2026-04-17 14:45:00,523
ORD16965,U388,R44,2026-04-17 13:50:00,772
ORD16966,U816,R172,2026-04-17 12:05:00,328
ORD16967,U430,R35,2026-04-17 15:11:00,255
ORD16968,U694,R192,2026-04-17 13:05:00,195
ORD16969,U127,R120,2026-04-17 12:41:00,289
ORD16970,U917,R25,2026-04-17 15:32:00,760
ORD16971,U983,R122,2026-04-17 11:18:00,408
ORD16972,U266,R146,2026-04-17 19:32:00,215
ORD16973,U656,R141,2026-04-17 10:51:00,339
ORD16974,U531,R33,2026-04-17 15:24:00,510
ORD16975,U896,R106,2026-04-17 10:31:00,246
ORD16976,U753,R24,2026-04-17 15:37:00,357
ORD16977,U711,R37,2026-04-17 19:18:00,267
ORD16978,U456,R69,2026-04-17 14:49:00,649
ORD16979,U933,R97,2026-04-17 12:36:00,399
ORD16980,U129,R133,2026-04-17 18:28:00,174
ORD16981,U728,R162,2026-04-17 17:29:00,304
ORD16982,U818,R41,2026-04-17 11:55:00,447
ORD16983,U100,R90,2026-04-17 18:32:00,514
ORD16984,U669,R151,2026-04-17 18:39:00,674
ORD16985,U779,R101,2026-04-17 19:44:00,605
ORD16986,U150,R168,2026-04-17 17:05:00,733
ORD16987,U303,R128,2026-04-17 19:43:00,322
ORD16988,U224,R79,2026-04-17 17:54:00,512
ORD16989,U962,R85,2026-04-17 11:28:00,275
ORD16990,U550,R127,2026-04-17 13:52:00,465
ORD16991,U264,R50,2026-04-17 12:01:00,373
ORD16992,U786,R55,2026-04-17 15:19:00,242
ORD16993,U957,R1,2026-04-17 10:56:00,791
ORD16994,U243,R36,2026-04-17 12:39:00,143
ORD16995,U857,R8,2026-04-17 11:15:00,379
ORD16996,U555,R52,2026-04-17 12:56:00,176
ORD16997,U136,R79,2026-04-17 17:34:00,487
ORD16998,U544,R153,2026-04-17 14:37:00,790
ORD16999,U811,R23,2026-04-17 17:49:00,579
ORD17000,U385,R85,2026-04-17 15:43:00,729
ORD17001,U434,R162,2026-04-17 19:03:00,758
ORD17002,U406,R86,2026-04-17 14:35:00,123
ORD17003,U278,R15,2026-04-17 19:24:00,606
ORD17004,U462,R85,2026-04-17 18:55:00,233
ORD17005,U51,R119,2026-04-17 12:18:00,568
ORD17006,U928,R65,2026-04-17 11:17:00,352
ORD17007,U382,R5,2026-04-17 10:48:00,610
ORD17008,U906,R89,2026-04-17 10:16:00,352
ORD17009,U861,R57,2026-04-17 18:46:00,512
ORD17010,U525,R41,2026-04-17 15:21:00,713
ORD17011,U854,R45,2026-04-17 18:38:00,311
ORD17012,U551,R94,2026-04-17 18:54:00,635
ORD17013,U536,R116,2026-04-17 19:12:00,488
ORD17014,U703,R155,2026-04-17 16:33:00,110
ORD17015,U928,R186,2026-04-17 16:45:00,732
ORD17016,U323,R7,2026-04-17 11:22:00,666
ORD17017,U792,R86,2026-04-17 10:39:00,405
ORD17018,U210,R181,2026-04-17 13:37:00,483
ORD17019,U746,R25,2026-04-17 18:00:00,421
ORD17020,U564,R130,2026-04-17 16:32:00,280
ORD17021,U529,R55,2026-04-17 12:55:00,649
ORD17022,U587,R122,2026-04-17 19:26:00,651
ORD17023,U308,R172,2026-04-17 19:44:00,684
ORD17024,U461,R69,2026-04-17 12:37:00,179
ORD17025,U23,R4,2026-04-17 18:09:00,356
ORD17026,U681,R68,2026-04-17 14:33:00,362
ORD17027,U742,R19,2026-04-17 19:15:00,765
ORD17028,U64,R116,2026-04-17 16:35:00,231
ORD17029,U434,R88,2026-04-17 11:26:00,283
ORD17030,U296,R86,2026-04-17 18:23:00,495
ORD17031,U263,R119,2026-04-17 11:19:00,457
ORD17032,U832,R166,2026-04-17 11:12:00,795
ORD17033,U849,R67,2026-04-17 14:50:00,599
ORD17034,U138,R121,2026-04-17 10:15:00,543
ORD17035,U195,R31,2026-04-17 15:05:00,596
ORD17036,U564,R194,2026-04-17 10:47:00,554
ORD17037,U911,R43,2026-04-17 14:02:00,793
ORD17038,U401,R69,2026-04-17 18:37:00,520
ORD17039,U383,R49,2026-04-17 14:17:00,531
ORD17040,U860,R186,2026-04-17 10:00:00,469
ORD17041,U103,R93,2026-04-17 12:56:00,684
ORD17042,U780,R136,2026-04-17 17:39:00,413
ORD17043,U667,R133,2026-04-17 16:54:00,140
ORD17044,U887,R11,2026-04-17 14:11:00,334
ORD17045,U163,R101,2026-04-17 12:57:00,667
ORD17046,U347,R126,2026-04-17 18:27:00,419
ORD17047,U361,R53,2026-04-17 11:47:00,382
ORD17048,U618,R3,2026-04-17 15:49:00,506
ORD17049,U334,R89,2026-04-17 16:02:00,314
ORD17050,U470,R160,2026-04-17 17:07:00,221
ORD17051,U504,R92,2026-04-17 14:44:00,410
ORD17052,U163,R41,2026-04-17 19:43:00,104
ORD17053,U727,R184,2026-04-17 10:24:00,412
ORD17054,U211,R149,2026-04-17 12:50:00,427
ORD17055,U327,R151,2026-04-17 12:36:00,746
ORD17056,U512,R20,2026-04-17 12:22:00,218
ORD17057,U861,R127,2026-04-17 11:34:00,501
ORD17058,U72,R99,2026-04-17 14:16:00,219
ORD17059,U271,R92,2026-04-17 16:05:00,265
ORD17060,U272,R7,2026-04-17 12:44:00,191
ORD17061,U577,R69,2026-04-17 10:05:00,643
ORD17062,U268,R184,2026-04-17 13:19:00,422
ORD17063,U125,R20,2026-04-17 19:32:00,374
ORD17064,U904,R158,2026-04-17 19:19:00,268
ORD17065,U62,R28,2026-04-17 11:57:00,370
ORD17066,U782,R139,2026-04-17 12:33:00,264
ORD17067,U285,R13,2026-04-17 15:36:00,263
ORD17068,U129,R88,2026-04-17 13:21:00,390
ORD17069,U428,R164,2026-04-17 18:25:00,255
ORD17070,U166,R43,2026-04-17 18:27:00,561
ORD17071,U122,R53,2026-04-17 15:49:00,414
ORD17072,U782,R20,2026-04-17 17:36:00,374
ORD17073,U655,R108,2026-04-17 19:15:00,435
ORD17074,U971,R158,2026-04-17 16:28:00,592
ORD17075,U346,R11,2026-04-17 11:49:00,177
ORD17076,U426,R74,2026-04-17 11:11:00,510
ORD17077,U191,R70,2026-04-17 13:30:00,139
ORD17078,U584,R172,2026-04-17 13:31:00,642
ORD17079,U500,R97,2026-04-17 13:19:00,325
ORD17080,U392,R85,2026-04-17 12:46:00,130
ORD17081,U136,R163,2026-04-17 19:12:00,488
ORD17082,U657,R80,2026-04-17 17:54:00,359
ORD17083,U884,R102,2026-04-17 14:56:00,531
ORD17084,U670,R139,2026-04-17 15:22:00,204
ORD17085,U173,R91,2026-04-17 11:06:00,567
ORD17086,U95,R43,2026-04-17 15:19:00,560
ORD17087,U307,R75,2026-04-17 14:25:00,420
ORD17088,U944,R151,2026-04-17 10:39:00,618
ORD17089,U12,R30,2026-04-17 17:12:00,263
ORD17090,U460,R99,2026-04-17 15:07:00,383
ORD17091,U852,R178,2026-04-17 17:15:00,393
ORD17092,U823,R27,2026-04-17 13:55:00,436
ORD17093,U551,R189,2026-04-17 19:21:00,423
ORD17094,U580,R148,2026-04-17 15:11:00,372
ORD17095,U899,R110,2026-04-17 11:28:00,448
ORD17096,U550,R21,2026-04-17 15:47:00,165
ORD17097,U233,R192,2026-04-17 18:06:00,187
ORD17098,U810,R132,2026-04-17 12:26:00,171
ORD17099,U297,R12,2026-04-17 14:51:00,114
ORD17100,U429,R166,2026-04-17 11:25:00,575
ORD17101,U545,R92,2026-04-17 12:29:00,785
ORD17102,U567,R14,2026-04-17 17:51:00,215
ORD17103,U864,R101,2026-04-17 16:00:00,699
ORD17104,U508,R164,2026-04-17 12:37:00,796
ORD17105,U744,R32,2026-04-17 16:15:00,384
ORD17106,U44,R45,2026-04-17 15:31:00,626
ORD17107,U786,R74,2026-04-17 14:13:00,617
ORD17108,U479,R66,2026-04-17 19:30:00,330
ORD17109,U785,R11,2026-04-17 13:28:00,190
ORD17110,U794,R2,2026-04-17 17:08:00,666
ORD17111,U364,R116,2026-04-17 15:23:00,536
ORD17112,U757,R98,2026-04-17 16:35:00,160
ORD17113,U145,R63,2026-04-17 11:58:00,531
ORD17114,U962,R82,2026-04-17 16:55:00,543
ORD17115,U430,R56,2026-04-17 12:32:00,624
ORD17116,U740,R25,2026-04-17 13:30:00,489
ORD17117,U76,R21,2026-04-17 17:39:00,385
ORD17118,U506,R183,2026-04-17 10:06:00,253
ORD17119,U682,R179,2026-04-17 16:04:00,170
ORD17120,U40,R5,2026-04-17 13:16:00,364
ORD17121,U831,R2,2026-04-17 18:20:00,663
ORD17122,U509,R182,2026-04-17 12:04:00,407
ORD17123,U764,R146,2026-04-17 12:28:00,147
ORD17124,U528,R130,2026-04-17 19:55:00,279
ORD17125,U214,R54,2026-04-17 13:18:00,324
ORD17126,U244,R148,2026-04-17 17:03:00,365
ORD17127,U909,R23,2026-04-17 16:57:00,194
ORD17128,U192,R80,2026-04-17 13:40:00,770
ORD17129,U659,R126,2026-04-17 11:36:00,215
ORD17130,U959,R35,2026-04-17 16:34:00,744
ORD17131,U130,R33,2026-04-17 18:10:00,257
ORD17132,U171,R57,2026-04-17 19:13:00,731
ORD17133,U658,R154,2026-04-17 12:47:00,422
ORD17134,U485,R164,2026-04-17 10:23:00,153
ORD17135,U53,R37,2026-04-17 15:13:00,577
ORD17136,U53,R55,2026-04-17 13:31:00,747
ORD17137,U837,R194,2026-04-17 13:38:00,467
ORD17138,U183,R103,2026-04-17 10:24:00,341
ORD17139,U944,R4,2026-04-17 13:53:00,538
ORD17140,U322,R199,2026-04-17 12:52:00,706
ORD17141,U841,R36,2026-04-17 17:44:00,582
ORD17142,U15,R71,2026-04-17 17:23:00,668
ORD17143,U190,R162,2026-04-17 18:19:00,549
ORD17144,U716,R45,2026-04-17 15:47:00,715
ORD17145,U586,R100,2026-04-17 11:05:00,620
ORD17146,U288,R38,2026-04-17 10:12:00,617
ORD17147,U991,R100,2026-04-17 12:34:00,600
ORD17148,U299,R148,2026-04-17 11:24:00,794
ORD17149,U548,R33,2026-04-17 15:21:00,219
ORD17150,U220,R39,2026-04-17 17:08:00,511
ORD17151,U720,R113,2026-04-17 16:31:00,758
ORD17152,U390,R20,2026-04-17 19:36:00,646
ORD17153,U41,R190,2026-04-17 16:08:00,739
ORD17154,U890,R24,2026-04-17 18:20:00,220
ORD17155,U524,R149,2026-04-17 18:05:00,214
ORD17156,U355,R56,2026-04-17 17:01:00,770
ORD17157,U389,R126,2026-04-17 17:50:00,313
ORD17158,U178,R174,2026-04-17 13:48:00,282
ORD17159,U756,R177,2026-04-17 16:58:00,754
ORD17160,U916,R145,2026-04-17 15:23:00,150
ORD17161,U617,R184,2026-04-17 16:14:00,657
ORD17162,U251,R194,2026-04-17 11:03:00,383
ORD17163,U37,R87,2026-04-17 12:49:00,590
ORD17164,U368,R184,2026-04-17 12:02:00,800
ORD17165,U427,R86,2026-04-17 11:12:00,621
ORD17166,U681,R153,2026-04-17 15:12:00,368
ORD17167,U604,R125,2026-04-17 16:50:00,610
ORD17168,U628,R132,2026-04-17 11:31:00,182
ORD17169,U265,R171,2026-04-17 19:55:00,492
ORD17170,U23,R136,2026-04-17 17:38:00,465
ORD17171,U964,R97,2026-04-17 18:55:00,320
ORD17172,U184,R5,2026-04-17 13:15:00,171
ORD17173,U732,R144,2026-04-17 15:39:00,708
ORD17174,U196,R175,2026-04-17 19:26:00,316
ORD17175,U184,R60,2026-04-17 19:26:00,448
ORD17176,U916,R130,2026-04-17 16:37:00,461
ORD17177,U274,R95,2026-04-17 10:28:00,518
ORD17178,U639,R71,2026-04-17 19:49:00,477
ORD17179,U321,R173,2026-04-17 10:10:00,448
ORD17180,U128,R55,2026-04-17 12:53:00,465
ORD17181,U699,R168,2026-04-17 12:55:00,463
ORD17182,U815,R125,2026-04-17 11:19:00,721
ORD17183,U844,R165,2026-04-17 11:33:00,305
ORD17184,U854,R33,2026-04-17 18:45:00,202
ORD17185,U902,R9,2026-04-17 14:31:00,271
ORD17186,U63,R142,2026-04-17 17:34:00,206
ORD17187,U771,R103,2026-04-17 16:06:00,594
ORD17188,U55,R97,2026-04-17 19:35:00,397
ORD17189,U806,R34,2026-04-17 13:19:00,603
ORD17190,U662,R114,2026-04-17 14:32:00,209
ORD17191,U194,R134,2026-04-17 19:42:00,316
ORD17192,U344,R143,2026-04-17 12:20:00,748
ORD17193,U938,R58,2026-04-17 16:17:00,332
ORD17194,U400,R162,2026-04-17 12:34:00,244
ORD17195,U290,R64,2026-04-17 16:20:00,665
ORD17196,U161,R126,2026-04-17 10:20:00,525
ORD17197,U99,R20,2026-04-17 17:53:00,463
ORD17198,U13,R43,2026-04-17 18:44:00,482
ORD17199,U714,R147,2026-04-17 16:02:00,153
ORD17200,U312,R92,2026-04-17 10:26:00,713
ORD17201,U637,R109,2026-04-17 18:03:00,584
ORD17202,U240,R39,2026-04-17 16:49:00,135
ORD17203,U305,R170,2026-04-17 13:29:00,118
ORD17204,U948,R90,2026-04-17 12:45:00,553
ORD17205,U594,R30,2026-04-17 16:21:00,201
ORD17206,U420,R64,2026-04-17 14:10:00,679
ORD17207,U404,R90,2026-04-17 18:50:00,170
ORD17208,U998,R71,2026-04-17 15:45:00,122
ORD17209,U103,R80,2026-04-17 11:12:00,208
ORD17210,U403,R3,2026-04-17 15:15:00,554
ORD17211,U64,R16,2026-04-17 19:08:00,691
ORD17212,U159,R16,2026-04-17 11:21:00,792
ORD17213,U443,R77,2026-04-17 19:57:00,146
ORD17214,U793,R48,2026-04-17 19:17:00,303
ORD17215,U657,R44,2026-04-17 14:10:00,732
ORD17216,U263,R62,2026-04-17 17:04:00,724
ORD17217,U71,R49,2026-04-17 16:22:00,217
ORD17218,U48,R104,2026-04-17 19:22:00,535
ORD17219,U1000,R161,2026-04-17 19:10:00,724
ORD17220,U271,R70,2026-04-17 14:01:00,120
ORD17221,U120,R199,2026-04-17 18:46:00,226
ORD17222,U737,R164,2026-04-17 13:27:00,147
ORD17223,U293,R119,2026-04-17 13:23:00,765
ORD17224,U679,R184,2026-04-17 11:18:00,151
ORD17225,U750,R109,2026-04-17 16:21:00,451
ORD17226,U357,R139,2026-04-17 16:33:00,160
ORD17227,U239,R87,2026-04-17 17:48:00,374
ORD17228,U497,R83,2026-04-17 11:45:00,537
ORD17229,U700,R31,2026-04-17 12:14:00,375
ORD17230,U458,R178,2026-04-17 16:58:00,128
ORD17231,U329,R193,2026-04-17 17:10:00,659
ORD17232,U800,R32,2026-04-17 12:52:00,259
ORD17233,U428,R41,2026-04-17 15:55:00,347
ORD17234,U230,R165,2026-04-17 15:41:00,735
ORD17235,U893,R104,2026-04-17 18:00:00,117
ORD17236,U420,R8,2026-04-17 16:27:00,257
ORD17237,U361,R156,2026-04-17 16:25:00,778
ORD17238,U854,R172,2026-04-17 16:44:00,560
ORD17239,U552,R22,2026-04-17 11:22:00,222
ORD17240,U438,R145,2026-04-17 15:00:00,618
ORD17241,U133,R58,2026-04-17 15:50:00,577
ORD17242,U485,R170,2026-04-17 11:07:00,289
ORD17243,U770,R96,2026-04-17 10:57:00,191
ORD17244,U386,R72,2026-04-17 17:59:00,600
ORD17245,U858,R96,2026-04-17 12:48:00,511
ORD17246,U291,R198,2026-04-17 12:05:00,687
ORD17247,U342,R65,2026-04-17 13:52:00,150
ORD17248,U316,R14,2026-04-17 12:12:00,784
ORD17249,U356,R58,2026-04-17 11:23:00,538
ORD17250,U173,R114,2026-04-17 17:02:00,515
ORD17251,U505,R112,2026-04-17 11:36:00,703
ORD17252,U995,R3,2026-04-17 13:10:00,715
ORD17253,U410,R175,2026-04-17 10:12:00,371
ORD17254,U835,R5,2026-04-17 10:36:00,770
ORD17255,U425,R102,2026-04-17 10:06:00,318
ORD17256,U206,R88,2026-04-17 15:55:00,237
ORD17257,U511,R113,2026-04-17 11:59:00,380
ORD17258,U244,R16,2026-04-17 10:17:00,579
ORD17259,U353,R181,2026-04-17 19:47:00,414
ORD17260,U605,R193,2026-04-17 19:08:00,160
ORD17261,U501,R147,2026-04-17 11:44:00,181
ORD17262,U355,R4,2026-04-17 18:40:00,773
ORD17263,U415,R23,2026-04-17 16:21:00,699
ORD17264,U182,R110,2026-04-17 19:19:00,487
ORD17265,U702,R167,2026-04-17 13:35:00,771
ORD17266,U913,R15,2026-04-17 16:35:00,511
ORD17267,U198,R24,2026-04-17 19:12:00,747
ORD17268,U551,R78,2026-04-17 19:12:00,503
ORD17269,U667,R125,2026-04-17 11:04:00,215
ORD17270,U604,R45,2026-04-17 11:03:00,408
ORD17271,U202,R114,2026-04-17 15:21:00,763
ORD17272,U117,R130,2026-04-17 19:03:00,713
ORD17273,U290,R142,2026-04-17 15:55:00,288
ORD17274,U788,R9,2026-04-17 12:47:00,472
ORD17275,U597,R68,2026-04-17 18:28:00,405
ORD17276,U330,R159,2026-04-17 14:10:00,217
ORD17277,U339,R175,2026-04-17 12:20:00,394
ORD17278,U238,R117,2026-04-17 15:07:00,225
ORD17279,U797,R43,2026-04-17 17:07:00,397
ORD17280,U859,R112,2026-04-17 17:21:00,433
ORD17281,U884,R101,2026-04-17 16:14:00,266
ORD17282,U590,R1,2026-04-17 17:53:00,257
ORD17283,U834,R55,2026-04-17 12:16:00,281
ORD17284,U476,R64,2026-04-17 14:10:00,482
ORD17285,U946,R127,2026-04-17 17:19:00,786
ORD17286,U612,R113,2026-04-17 13:26:00,320
ORD17287,U634,R67,2026-04-17 10:38:00,795
ORD17288,U350,R148,2026-04-17 19:01:00,221
ORD17289,U885,R160,2026-04-17 13:44:00,247
ORD17290,U992,R122,2026-04-17 15:42:00,295
ORD17291,U729,R36,2026-04-17 12:10:00,208
ORD17292,U889,R66,2026-04-17 19:08:00,237
ORD17293,U99,R100,2026-04-17 10:28:00,268
ORD17294,U980,R182,2026-04-17 14:44:00,466
ORD17295,U98,R107,2026-04-17 13:54:00,241
ORD17296,U677,R187,2026-04-17 19:43:00,117
ORD17297,U638,R115,2026-04-17 10:26:00,760
ORD17298,U27,R125,2026-04-17 16:26:00,645
ORD17299,U383,R101,2026-04-17 11:06:00,799
ORD17300,U934,R9,2026-04-17 12:51:00,417
ORD17301,U126,R45,2026-04-17 13:23:00,742
ORD17302,U787,R34,2026-04-17 17:27:00,427
ORD17303,U159,R54,2026-04-17 13:29:00,410
ORD17304,U36,R5,2026-04-17 16:05:00,717
ORD17305,U306,R133,2026-04-17 15:19:00,533
ORD17306,U260,R146,2026-04-17 15:36:00,474
ORD17307,U909,R10,2026-04-17 16:03:00,341
ORD17308,U625,R100,2026-04-17 18:38:00,429
ORD17309,U308,R65,2026-04-17 15:53:00,560
ORD17310,U287,R110,2026-04-17 19:14:00,306
ORD17311,U218,R106,2026-04-17 14:56:00,746
ORD17312,U16,R142,2026-04-17 10:02:00,627
ORD17313,U330,R25,2026-04-17 16:38:00,156
ORD17314,U245,R74,2026-04-17 16:03:00,429
ORD17315,U931,R25,2026-04-17 15:43:00,147
ORD17316,U386,R196,2026-04-17 13:22:00,511
ORD17317,U609,R178,2026-04-17 17:16:00,172
ORD17318,U883,R133,2026-04-17 17:01:00,410
ORD17319,U784,R181,2026-04-17 19:52:00,155
ORD17320,U848,R145,2026-04-17 14:30:00,618
ORD17321,U564,R22,2026-04-17 15:55:00,296
ORD17322,U714,R84,2026-04-17 13:00:00,661
ORD17323,U918,R79,2026-04-17 11:07:00,599
ORD17324,U633,R11,2026-04-17 16:04:00,346
ORD17325,U461,R59,2026-04-17 12:15:00,413
ORD17326,U776,R139,2026-04-17 17:53:00,517
ORD17327,U561,R22,2026-04-17 10:22:00,753
ORD17328,U164,R144,2026-04-17 13:50:00,529
ORD17329,U29,R34,2026-04-17 16:08:00,763
ORD17330,U381,R165,2026-04-17 15:14:00,133
ORD17331,U114,R172,2026-04-17 11:24:00,460
ORD17332,U590,R8,2026-04-17 11:51:00,673
ORD17333,U773,R31,2026-04-17 15:52:00,460
ORD17334,U703,R77,2026-04-17 16:58:00,236
ORD17335,U876,R57,2026-04-17 13:25:00,343
ORD17336,U906,R166,2026-04-17 16:09:00,638
ORD17337,U85,R92,2026-04-17 18:44:00,440
ORD17338,U635,R57,2026-04-17 11:37:00,661
ORD17339,U171,R188,2026-04-17 19:02:00,584
ORD17340,U27,R18,2026-04-17 12:54:00,670
ORD17341,U210,R38,2026-04-17 17:20:00,198
ORD17342,U592,R184,2026-04-17 17:42:00,788
ORD17343,U917,R179,2026-04-17 19:06:00,601
ORD17344,U511,R30,2026-04-17 15:54:00,151
ORD17345,U437,R108,2026-04-17 15:28:00,664
ORD17346,U338,R186,2026-04-17 15:59:00,752
ORD17347,U347,R93,2026-04-17 17:04:00,768
ORD17348,U232,R64,2026-04-17 16:25:00,562
ORD17349,U540,R47,2026-04-17 19:36:00,182
ORD17350,U478,R108,2026-04-17 16:29:00,234
ORD17351,U563,R96,2026-04-17 14:29:00,694
ORD17352,U975,R197,2026-04-17 15:09:00,125
ORD17353,U474,R13,2026-04-17 10:47:00,392
ORD17354,U676,R67,2026-04-17 15:03:00,112
ORD17355,U614,R88,2026-04-17 15:52:00,464
ORD17356,U601,R185,2026-04-17 13:03:00,387
ORD17357,U495,R163,2026-04-17 18:22:00,610
ORD17358,U635,R110,2026-04-17 17:05:00,669
ORD17359,U226,R95,2026-04-17 19:56:00,177
ORD17360,U15,R71,2026-04-17 13:56:00,444
ORD17361,U993,R154,2026-04-17 14:47:00,206
ORD17362,U195,R41,2026-04-17 10:51:00,733
ORD17363,U518,R62,2026-04-17 19:30:00,541
ORD17364,U436,R55,2026-04-17 17:56:00,149
ORD17365,U772,R59,2026-04-17 10:48:00,752
ORD17366,U831,R165,2026-04-17 11:47:00,103
ORD17367,U568,R21,2026-04-17 13:52:00,186
ORD17368,U373,R107,2026-04-17 13:54:00,296
ORD17369,U537,R22,2026-04-17 15:39:00,597
ORD17370,U870,R57,2026-04-17 10:25:00,774
ORD17371,U208,R147,2026-04-17 10:40:00,240
ORD17372,U199,R70,2026-04-17 17:00:00,367
ORD17373,U66,R161,2026-04-17 15:06:00,115
ORD17374,U606,R76,2026-04-17 11:54:00,348
ORD17375,U46,R14,2026-04-17 15:50:00,593
ORD17376,U540,R194,2026-04-17 11:37:00,750
ORD17377,U901,R52,2026-04-17 10:04:00,362
ORD17378,U638,R63,2026-04-17 14:40:00,466
ORD17379,U629,R131,2026-04-17 18:53:00,594
ORD17380,U687,R57,2026-04-17 17:08:00,563
ORD17381,U984,R122,2026-04-17 12:21:00,350
ORD17382,U816,R161,2026-04-17 10:43:00,573
ORD17383,U978,R67,2026-04-17 13:27:00,604
ORD17384,U627,R175,2026-04-17 19:22:00,285
ORD17385,U209,R107,2026-04-17 14:53:00,558
ORD17386,U89,R111,2026-04-17 14:46:00,164
ORD17387,U24,R31,2026-04-17 11:17:00,716
ORD17388,U797,R30,2026-04-17 16:56:00,201
ORD17389,U86,R155,2026-04-17 18:54:00,530
ORD17390,U995,R112,2026-04-17 18:53:00,230
ORD17391,U478,R14,2026-04-17 11:24:00,572
ORD17392,U36,R48,2026-04-17 12:44:00,643
ORD17393,U454,R31,2026-04-17 14:10:00,685
ORD17394,U231,R181,2026-04-17 13:09:00,485
ORD17395,U163,R198,2026-04-17 18:44:00,454
ORD17396,U587,R113,2026-04-17 11:28:00,528
ORD17397,U770,R31,2026-04-17 12:30:00,237
ORD17398,U612,R123,2026-04-17 16:02:00,530
ORD17399,U121,R199,2026-04-17 15:29:00,269
ORD17400,U725,R181,2026-04-17 17:54:00,147
ORD17401,U830,R120,2026-04-17 12:04:00,645
ORD17402,U523,R174,2026-04-17 16:54:00,482
ORD17403,U852,R89,2026-04-17 18:10:00,171
ORD17404,U745,R89,2026-04-17 17:47:00,336
ORD17405,U266,R177,2026-04-17 16:14:00,192
ORD17406,U168,R100,2026-04-17 11:34:00,548
ORD17407,U997,R93,2026-04-17 13:42:00,405
ORD17408,U933,R111,2026-04-17 11:47:00,292
ORD17409,U898,R25,2026-04-17 11:40:00,125
ORD17410,U180,R111,2026-04-17 14:10:00,498
ORD17411,U340,R53,2026-04-17 10:37:00,139
ORD17412,U544,R12,2026-04-17 16:17:00,761
ORD17413,U390,R194,2026-04-17 12:01:00,285
ORD17414,U766,R171,2026-04-17 13:51:00,480
ORD17415,U584,R198,2026-04-17 10:20:00,604
ORD17416,U868,R1,2026-04-17 13:26:00,372
ORD17417,U26,R54,2026-04-17 14:08:00,554
ORD17418,U724,R110,2026-04-17 17:56:00,341
ORD17419,U696,R70,2026-04-17 12:09:00,301
ORD17420,U495,R192,2026-04-17 12:12:00,110
ORD17421,U313,R85,2026-04-17 10:57:00,481
ORD17422,U116,R8,2026-04-17 12:01:00,544
ORD17423,U904,R144,2026-04-17 19:40:00,733
ORD17424,U497,R83,2026-04-17 12:31:00,184
ORD17425,U328,R105,2026-04-17 11:21:00,306
ORD17426,U868,R86,2026-04-17 16:03:00,240
ORD17427,U107,R67,2026-04-17 19:27:00,247
ORD17428,U17,R175,2026-04-17 11:09:00,513
ORD17429,U889,R93,2026-04-17 15:52:00,494
ORD17430,U254,R191,2026-04-17 10:40:00,608
ORD17431,U749,R109,2026-04-17 15:28:00,224
ORD17432,U627,R148,2026-04-17 10:45:00,766
ORD17433,U778,R60,2026-04-17 14:30:00,524
ORD17434,U947,R84,2026-04-17 13:33:00,706
ORD17435,U344,R3,2026-04-17 18:00:00,289
ORD17436,U436,R155,2026-04-17 17:40:00,369
ORD17437,U22,R57,2026-04-17 17:26:00,702
ORD17438,U170,R29,2026-04-17 11:21:00,434
ORD17439,U37,R91,2026-04-17 14:28:00,517
ORD17440,U855,R190,2026-04-17 16:33:00,422
ORD17441,U650,R69,2026-04-17 18:38:00,318
ORD17442,U588,R136,2026-04-17 14:04:00,467
ORD17443,U896,R126,2026-04-17 18:37:00,324
ORD17444,U459,R87,2026-04-17 15:47:00,382
ORD17445,U546,R39,2026-04-17 16:16:00,628
ORD17446,U552,R129,2026-04-17 15:19:00,561
ORD17447,U297,R150,2026-04-17 12:36:00,584
ORD17448,U988,R82,2026-04-17 12:20:00,506
ORD17449,U289,R97,2026-04-17 12:56:00,652
ORD17450,U987,R49,2026-04-17 16:51:00,160
ORD17451,U812,R150,2026-04-17 10:01:00,563
ORD17452,U141,R159,2026-04-17 13:47:00,708
ORD17453,U301,R141,2026-04-17 13:36:00,147
ORD17454,U701,R108,2026-04-17 18:59:00,330
ORD17455,U536,R102,2026-04-17 12:46:00,616
ORD17456,U56,R153,2026-04-17 10:16:00,414
ORD17457,U114,R57,2026-04-17 10:44:00,715
ORD17458,U671,R133,2026-04-17 15:03:00,357
ORD17459,U921,R6,2026-04-17 19:06:00,173
ORD17460,U277,R93,2026-04-17 10:11:00,763
ORD17461,U362,R173,2026-04-17 17:35:00,631
ORD17462,U442,R155,2026-04-17 19:50:00,329
ORD17463,U711,R90,2026-04-17 12:31:00,680
ORD17464,U392,R28,2026-04-17 13:42:00,780
ORD17465,U325,R81,2026-04-17 14:13:00,176
ORD17466,U113,R102,2026-04-17 15:41:00,589
ORD17467,U416,R85,2026-04-17 18:23:00,264
ORD17468,U16,R176,2026-04-17 18:23:00,306
ORD17469,U906,R44,2026-04-17 17:52:00,774
ORD17470,U21,R122,2026-04-17 11:19:00,413
ORD17471,U287,R21,2026-04-17 14:51:00,368
ORD17472,U627,R135,2026-04-17 14:11:00,629
ORD17473,U338,R24,2026-04-17 19:09:00,138
ORD17474,U248,R117,2026-04-17 18:59:00,320
ORD17475,U161,R91,2026-04-17 11:33:00,657
ORD17476,U802,R2,2026-04-17 13:20:00,297
ORD17477,U613,R145,2026-04-17 15:52:00,173
ORD17478,U742,R177,2026-04-17 12:24:00,741
ORD17479,U111,R98,2026-04-17 16:53:00,416
ORD17480,U229,R47,2026-04-17 18:04:00,635
ORD17481,U477,R183,2026-04-17 12:43:00,772
ORD17482,U949,R70,2026-04-17 15:14:00,654
ORD17483,U38,R130,2026-04-17 17:54:00,568
ORD17484,U208,R41,2026-04-17 14:21:00,625
ORD17485,U967,R58,2026-04-17 14:36:00,779
ORD17486,U862,R86,2026-04-17 19:53:00,592
ORD17487,U227,R35,2026-04-17 13:15:00,245
ORD17488,U816,R14,2026-04-17 12:12:00,225
ORD17489,U784,R140,2026-04-17 18:39:00,165
ORD17490,U309,R62,2026-04-17 12:32:00,577
ORD17491,U915,R190,2026-04-17 11:11:00,141
ORD17492,U460,R98,2026-04-17 13:36:00,319
ORD17493,U29,R124,2026-04-17 15:41:00,166
ORD17494,U68,R33,2026-04-17 15:43:00,555
ORD17495,U958,R68,2026-04-17 13:57:00,127
ORD17496,U746,R106,2026-04-17 14:28:00,765
ORD17497,U355,R57,2026-04-17 14:39:00,576
ORD17498,U881,R42,2026-04-17 18:16:00,736
ORD17499,U785,R194,2026-04-17 17:43:00,335
ORD17500,U578,R40,2026-04-17 17:40:00,404
ORD17501,U519,R50,2026-04-17 16:43:00,578
ORD17502,U301,R1,2026-04-17 14:04:00,270
ORD17503,U314,R141,2026-04-17 12:14:00,122
ORD17504,U380,R63,2026-04-17 10:46:00,600
ORD17505,U564,R157,2026-04-17 15:46:00,757
ORD17506,U231,R13,2026-04-17 16:06:00,641
ORD17507,U16,R56,2026-04-17 13:58:00,321
ORD17508,U385,R70,2026-04-17 12:33:00,375
ORD17509,U854,R144,2026-04-17 13:24:00,389
ORD17510,U568,R6,2026-04-17 17:39:00,730
ORD17511,U340,R144,2026-04-17 14:00:00,613
ORD17512,U633,R64,2026-04-17 17:40:00,283
ORD17513,U863,R39,2026-04-17 17:53:00,337
ORD17514,U831,R88,2026-04-17 15:55:00,371
ORD17515,U248,R53,2026-04-17 12:16:00,740
ORD17516,U749,R159,2026-04-17 10:18:00,704
ORD17517,U94,R163,2026-04-17 16:41:00,416
ORD17518,U408,R33,2026-04-17 11:16:00,490
ORD17519,U505,R139,2026-04-17 15:03:00,644
ORD17520,U183,R150,2026-04-17 19:11:00,455
ORD17521,U215,R3,2026-04-17 11:27:00,648
ORD17522,U311,R59,2026-04-17 10:59:00,677
ORD17523,U596,R82,2026-04-17 14:38:00,465
ORD17524,U492,R175,2026-04-17 19:57:00,318
ORD17525,U434,R51,2026-04-17 11:22:00,669
ORD17526,U18,R85,2026-04-17 17:36:00,399
ORD17527,U410,R92,2026-04-17 19:37:00,490
ORD17528,U888,R113,2026-04-17 12:07:00,459
ORD17529,U313,R191,2026-04-17 18:03:00,637
ORD17530,U100,R3,2026-04-17 18:23:00,301
ORD17531,U114,R140,2026-04-17 13:06:00,536
ORD17532,U365,R164,2026-04-17 10:26:00,219
ORD17533,U926,R74,2026-04-17 14:04:00,764
ORD17534,U563,R172,2026-04-17 14:43:00,189
ORD17535,U747,R82,2026-04-17 11:23:00,520
ORD17536,U754,R127,2026-04-17 15:26:00,733
ORD17537,U375,R64,2026-04-17 10:46:00,200
ORD17538,U458,R5,2026-04-17 11:20:00,673
ORD17539,U676,R22,2026-04-17 19:13:00,411
ORD17540,U67,R99,2026-04-17 17:37:00,568
ORD17541,U403,R23,2026-04-17 10:11:00,150
ORD17542,U895,R112,2026-04-17 15:02:00,789
ORD17543,U226,R28,2026-04-17 19:53:00,360
ORD17544,U524,R170,2026-04-17 14:57:00,774
ORD17545,U621,R197,2026-04-17 19:38:00,687
ORD17546,U47,R131,2026-04-17 16:00:00,293
ORD17547,U299,R169,2026-04-17 11:55:00,250
ORD17548,U429,R167,2026-04-17 15:39:00,245
ORD17549,U514,R197,2026-04-17 17:12:00,627
ORD17550,U453,R108,2026-04-17 19:10:00,543
ORD17551,U28,R122,2026-04-17 12:38:00,306
ORD17552,U646,R69,2026-04-17 10:54:00,650
ORD17553,U93,R152,2026-04-17 12:59:00,249
ORD17554,U390,R62,2026-04-17 17:17:00,501
ORD17555,U330,R57,2026-04-17 14:58:00,406
ORD17556,U314,R36,2026-04-17 18:20:00,625
ORD17557,U164,R81,2026-04-17 19:48:00,196
ORD17558,U798,R124,2026-04-17 14:43:00,633
ORD17559,U691,R198,2026-04-17 16:40:00,335
ORD17560,U374,R72,2026-04-17 11:19:00,481
ORD17561,U645,R56,2026-04-17 19:51:00,106
ORD17562,U776,R190,2026-04-17 10:20:00,308
ORD17563,U967,R180,2026-04-17 11:17:00,789
ORD17564,U841,R189,2026-04-17 16:24:00,185
ORD17565,U908,R100,2026-04-17 15:34:00,101
ORD17566,U649,R164,2026-04-17 12:18:00,611
ORD17567,U118,R80,2026-04-17 10:21:00,623
ORD17568,U367,R198,2026-04-17 10:35:00,281
ORD17569,U32,R161,2026-04-17 13:29:00,399
ORD17570,U685,R14,2026-04-17 14:19:00,158
ORD17571,U967,R7,2026-04-17 18:11:00,521
ORD17572,U992,R174,2026-04-17 16:47:00,763
ORD17573,U221,R180,2026-04-17 10:05:00,713
ORD17574,U502,R114,2026-04-17 18:24:00,383
ORD17575,U852,R17,2026-04-17 11:03:00,185
ORD17576,U411,R122,2026-04-17 17:44:00,560
ORD17577,U998,R38,2026-04-17 18:27:00,200
ORD17578,U244,R11,2026-04-17 11:05:00,635
ORD17579,U231,R6,2026-04-17 13:11:00,379
ORD17580,U45,R60,2026-04-17 12:38:00,504
ORD17581,U465,R169,2026-04-17 13:05:00,110
ORD17582,U907,R143,2026-04-17 11:44:00,276
ORD17583,U19,R59,2026-04-17 14:07:00,308
ORD17584,U740,R92,2026-04-17 10:04:00,196
ORD17585,U932,R75,2026-04-17 16:02:00,365
ORD17586,U743,R75,2026-04-17 10:46:00,539
ORD17587,U796,R190,2026-04-17 17:05:00,435
ORD17588,U733,R105,2026-04-17 18:51:00,105
ORD17589,U950,R138,2026-04-17 16:23:00,115
ORD17590,U199,R162,2026-04-17 18:38:00,584
ORD17591,U340,R79,2026-04-17 12:45:00,307
ORD17592,U498,R167,2026-04-17 13:16:00,500
ORD17593,U130,R136,2026-04-17 18:30:00,335
ORD17594,U495,R48,2026-04-17 11:36:00,769
ORD17595,U229,R128,2026-04-17 11:40:00,699
ORD17596,U663,R174,2026-04-17 10:38:00,198
ORD17597,U909,R174,2026-04-17 14:48:00,603
ORD17598,U955,R116,2026-04-17 15:08:00,794
ORD17599,U310,R40,2026-04-17 14:37:00,606
ORD17600,U117,R109,2026-04-17 10:44:00,483
ORD17601,U50,R56,2026-04-17 19:00:00,176
ORD17602,U609,R144,2026-04-17 10:42:00,678
ORD17603,U511,R134,2026-04-17 10:17:00,533
ORD17604,U881,R107,2026-04-17 10:09:00,697
ORD17605,U846,R52,2026-04-17 12:12:00,176
ORD17606,U729,R91,2026-04-17 11:45:00,780
ORD17607,U108,R98,2026-04-17 14:12:00,644
ORD17608,U390,R62,2026-04-17 15:45:00,235
ORD17609,U298,R91,2026-04-17 18:23:00,181
ORD17610,U476,R111,2026-04-17 14:48:00,700
ORD17611,U935,R65,2026-04-17 19:44:00,359
ORD17612,U489,R100,2026-04-17 19:13:00,460
ORD17613,U371,R29,2026-04-17 14:30:00,294
ORD17614,U327,R188,2026-04-17 16:08:00,464
ORD17615,U942,R22,2026-04-17 14:02:00,641
ORD17616,U916,R110,2026-04-17 15:59:00,318
ORD17617,U748,R175,2026-04-17 18:29:00,525
ORD17618,U595,R9,2026-04-17 14:00:00,661
ORD17619,U99,R62,2026-04-17 11:05:00,315
ORD17620,U284,R148,2026-04-17 11:02:00,789
ORD17621,U306,R128,2026-04-17 11:53:00,547
ORD17622,U68,R80,2026-04-17 13:44:00,530
ORD17623,U73,R175,2026-04-17 13:01:00,720
ORD17624,U700,R28,2026-04-17 16:20:00,482
ORD17625,U396,R49,2026-04-17 17:23:00,546
ORD17626,U528,R122,2026-04-17 13:30:00,770
ORD17627,U264,R115,2026-04-17 16:50:00,460
ORD17628,U146,R50,2026-04-17 18:52:00,119
ORD17629,U711,R185,2026-04-17 13:52:00,285
ORD17630,U808,R101,2026-04-17 11:00:00,163
ORD17631,U872,R176,2026-04-17 15:22:00,166
ORD17632,U299,R176,2026-04-17 12:02:00,273
ORD17633,U375,R200,2026-04-17 11:35:00,390
ORD17634,U305,R97,2026-04-17 13:32:00,318
ORD17635,U680,R162,2026-04-17 10:26:00,252
ORD17636,U443,R144,2026-04-17 13:11:00,370
ORD17637,U221,R47,2026-04-17 14:08:00,265
ORD17638,U92,R136,2026-04-17 17:43:00,260
ORD17639,U118,R112,2026-04-17 14:38:00,430
ORD17640,U948,R43,2026-04-17 13:26:00,289
ORD17641,U549,R157,2026-04-17 10:13:00,646
ORD17642,U586,R38,2026-04-17 15:24:00,145
ORD17643,U635,R97,2026-04-17 15:06:00,386
ORD17644,U773,R154,2026-04-17 19:46:00,267
ORD17645,U143,R118,2026-04-17 17:03:00,304
ORD17646,U909,R91,2026-04-17 16:07:00,774
ORD17647,U779,R126,2026-04-17 18:47:00,103
ORD17648,U986,R74,2026-04-17 18:53:00,343
ORD17649,U295,R197,2026-04-17 17:17:00,518
ORD17650,U701,R173,2026-04-17 14:57:00,307
ORD17651,U670,R51,2026-04-17 10:40:00,314
ORD17652,U389,R134,2026-04-17 12:17:00,440
ORD17653,U326,R80,2026-04-17 12:48:00,323
ORD17654,U499,R80,2026-04-17 18:28:00,372
ORD17655,U688,R113,2026-04-17 11:07:00,207
ORD17656,U40,R61,2026-04-17 17:06:00,689
ORD17657,U967,R82,2026-04-17 19:46:00,538
ORD17658,U449,R132,2026-04-17 18:10:00,756
ORD17659,U73,R92,2026-04-17 13:32:00,643
ORD17660,U92,R179,2026-04-17 14:33:00,188
ORD17661,U692,R16,2026-04-17 13:47:00,594
ORD17662,U439,R165,2026-04-17 15:59:00,239
ORD17663,U734,R151,2026-04-17 14:14:00,533
ORD17664,U626,R87,2026-04-17 11:19:00,505
ORD17665,U221,R155,2026-04-17 12:32:00,265
ORD17666,U206,R74,2026-04-17 10:07:00,679
ORD17667,U240,R75,2026-04-17 18:36:00,670
ORD17668,U271,R34,2026-04-17 10:23:00,416
ORD17669,U240,R168,2026-04-17 18:12:00,616
ORD17670,U96,R150,2026-04-17 18:50:00,265
ORD17671,U855,R8,2026-04-17 13:35:00,492
ORD17672,U618,R131,2026-04-17 14:03:00,696
ORD17673,U879,R106,2026-04-17 17:58:00,556
ORD17674,U788,R46,2026-04-17 19:29:00,276
ORD17675,U970,R170,2026-04-17 19:49:00,432
ORD17676,U450,R56,2026-04-17 10:55:00,527
ORD17677,U207,R33,2026-04-17 15:47:00,206
ORD17678,U973,R111,2026-04-17 14:47:00,146
ORD17679,U109,R167,2026-04-17 13:31:00,284
ORD17680,U598,R123,2026-04-17 15:19:00,308
ORD17681,U751,R115,2026-04-17 11:22:00,240
ORD17682,U992,R116,2026-04-17 14:23:00,716
ORD17683,U859,R50,2026-04-17 14:36:00,577
ORD17684,U523,R141,2026-04-17 13:05:00,696
ORD17685,U811,R80,2026-04-17 16:23:00,144
ORD17686,U22,R71,2026-04-17 19:34:00,156
ORD17687,U609,R121,2026-04-17 12:27:00,779
ORD17688,U616,R120,2026-04-17 14:49:00,463
ORD17689,U996,R178,2026-04-17 17:46:00,578
ORD17690,U920,R92,2026-04-17 12:05:00,524
ORD17691,U334,R54,2026-04-17 14:10:00,425
ORD17692,U870,R69,2026-04-17 13:49:00,223
ORD17693,U716,R133,2026-04-17 15:51:00,109
ORD17694,U30,R197,2026-04-17 17:21:00,384
ORD17695,U63,R13,2026-04-17 13:36:00,667
ORD17696,U291,R127,2026-04-17 18:40:00,521
ORD17697,U986,R27,2026-04-17 19:30:00,740
ORD17698,U935,R144,2026-04-17 15:56:00,702
ORD17699,U822,R57,2026-04-17 12:24:00,318
ORD17700,U868,R189,2026-04-17 11:22:00,469
ORD17701,U369,R48,2026-04-17 16:57:00,393
ORD17702,U473,R80,2026-04-17 16:18:00,599
ORD17703,U169,R80,2026-04-17 10:57:00,208
ORD17704,U133,R11,2026-04-17 10:24:00,650
ORD17705,U542,R70,2026-04-17 10:39:00,578
ORD17706,U783,R114,2026-04-17 11:30:00,260
ORD17707,U393,R113,2026-04-17 12:11:00,778
ORD17708,U632,R58,2026-04-17 15:55:00,458
ORD17709,U183,R26,2026-04-17 15:35:00,177
ORD17710,U509,R186,2026-04-17 15:40:00,712
ORD17711,U550,R6,2026-04-17 12:17:00,719
ORD17712,U926,R98,2026-04-17 16:48:00,563
ORD17713,U47,R136,2026-04-17 16:55:00,122
ORD17714,U868,R119,2026-04-17 18:16:00,677
ORD17715,U309,R142,2026-04-17 15:07:00,454
ORD17716,U182,R166,2026-04-17 16:45:00,766
ORD17717,U617,R122,2026-04-17 11:47:00,156
ORD17718,U190,R118,2026-04-17 18:59:00,651
ORD17719,U475,R117,2026-04-17 16:48:00,132
ORD17720,U360,R88,2026-04-17 10:42:00,437
ORD17721,U48,R105,2026-04-17 14:53:00,644
ORD17722,U776,R160,2026-04-17 19:54:00,672
ORD17723,U799,R108,2026-04-17 15:16:00,602
ORD17724,U240,R108,2026-04-17 18:42:00,676
ORD17725,U965,R74,2026-04-17 10:19:00,340
ORD17726,U244,R24,2026-04-17 16:35:00,503
ORD17727,U939,R90,2026-04-17 14:57:00,435
ORD17728,U488,R88,2026-04-17 13:59:00,462
ORD17729,U979,R34,2026-04-17 16:44:00,565
ORD17730,U190,R81,2026-04-17 12:32:00,225
ORD17731,U144,R167,2026-04-17 18:49:00,548
ORD17732,U670,R135,2026-04-17 11:45:00,785
ORD17733,U910,R9,2026-04-17 18:05:00,560
ORD17734,U287,R82,2026-04-17 11:55:00,396
ORD17735,U278,R78,2026-04-17 15:35:00,628
ORD17736,U416,R172,2026-04-17 17:07:00,281
ORD17737,U367,R191,2026-04-17 19:11:00,266
ORD17738,U167,R36,2026-04-17 15:15:00,335
ORD17739,U651,R93,2026-04-17 11:44:00,617
ORD17740,U527,R81,2026-04-17 10:52:00,182
ORD17741,U11,R134,2026-04-17 16:24:00,500
ORD17742,U700,R183,2026-04-17 18:52:00,649
ORD17743,U494,R128,2026-04-17 14:21:00,729
ORD17744,U992,R135,2026-04-17 18:53:00,445
ORD17745,U211,R85,2026-04-17 19:51:00,243
ORD17746,U179,R7,2026-04-17 16:35:00,437
ORD17747,U218,R31,2026-04-17 12:19:00,285
ORD17748,U377,R52,2026-04-17 17:55:00,571
ORD17749,U156,R102,2026-04-17 15:51:00,112
ORD17750,U252,R142,2026-04-17 13:30:00,394
ORD17751,U753,R126,2026-04-17 12:28:00,653
ORD17752,U655,R83,2026-04-17 17:39:00,796
ORD17753,U847,R62,2026-04-17 11:10:00,655
ORD17754,U898,R177,2026-04-17 16:00:00,618
ORD17755,U989,R11,2026-04-17 15:42:00,153
ORD17756,U648,R169,2026-04-17 12:45:00,575
ORD17757,U872,R101,2026-04-17 13:58:00,249
ORD17758,U35,R14,2026-04-17 15:31:00,417
ORD17759,U621,R176,2026-04-17 15:13:00,764
ORD17760,U8,R158,2026-04-17 17:12:00,660
ORD17761,U625,R160,2026-04-17 18:39:00,364
ORD17762,U857,R21,2026-04-17 18:42:00,446
ORD17763,U975,R133,2026-04-17 19:20:00,372
ORD17764,U557,R13,2026-04-17 17:07:00,700
ORD17765,U621,R90,2026-04-17 11:33:00,528
ORD17766,U472,R196,2026-04-17 15:03:00,322
ORD17767,U292,R184,2026-04-17 11:59:00,266
ORD17768,U503,R56,2026-04-17 14:51:00,283
ORD17769,U975,R156,2026-04-17 13:22:00,140
ORD17770,U421,R93,2026-04-17 12:40:00,358
ORD17771,U388,R156,2026-04-17 14:49:00,579
ORD17772,U69,R172,2026-04-17 18:52:00,464
ORD17773,U294,R93,2026-04-17 16:40:00,333
ORD17774,U326,R152,2026-04-17 15:36:00,283
ORD17775,U420,R93,2026-04-17 11:23:00,331
ORD17776,U331,R36,2026-04-17 12:29:00,125
ORD17777,U320,R115,2026-04-17 14:26:00,274
ORD17778,U230,R121,2026-04-17 13:18:00,594
ORD17779,U700,R37,2026-04-17 16:11:00,475
ORD17780,U422,R73,2026-04-17 11:42:00,605
ORD17781,U536,R10,2026-04-17 16:59:00,195
ORD17782,U67,R132,2026-04-17 18:20:00,276
ORD17783,U879,R75,2026-04-17 11:20:00,236
ORD17784,U738,R127,2026-04-17 13:19:00,275
ORD17785,U422,R196,2026-04-17 17:12:00,614
ORD17786,U80,R33,2026-04-17 13:53:00,702
ORD17787,U408,R86,2026-04-17 12:48:00,248
ORD17788,U410,R58,2026-04-17 18:21:00,732
ORD17789,U145,R66,2026-04-17 10:10:00,693
ORD17790,U583,R50,2026-04-17 12:32:00,467
ORD17791,U376,R75,2026-04-17 12:43:00,302
ORD17792,U868,R146,2026-04-17 17:08:00,791
ORD17793,U678,R85,2026-04-17 13:48:00,642
ORD17794,U436,R160,2026-04-17 15:04:00,556
ORD17795,U296,R108,2026-04-17 12:05:00,396
ORD17796,U818,R13,2026-04-17 13:43:00,660
ORD17797,U414,R45,2026-04-17 18:34:00,406
ORD17798,U580,R73,2026-04-17 11:29:00,185
ORD17799,U668,R143,2026-04-17 10:13:00,756
ORD17800,U856,R80,2026-04-17 13:40:00,584
ORD17801,U17,R197,2026-04-17 19:41:00,329
ORD17802,U995,R85,2026-04-17 13:26:00,342
ORD17803,U715,R73,2026-04-17 10:09:00,267
ORD17804,U41,R33,2026-04-17 16:11:00,233
ORD17805,U663,R35,2026-04-17 12:35:00,641
ORD17806,U612,R169,2026-04-17 14:39:00,385
ORD17807,U725,R8,2026-04-17 14:11:00,211
ORD17808,U120,R90,2026-04-17 16:59:00,448
ORD17809,U428,R23,2026-04-17 16:53:00,270
ORD17810,U199,R154,2026-04-17 17:00:00,425
ORD17811,U716,R117,2026-04-17 14:24:00,172
ORD17812,U535,R164,2026-04-17 12:21:00,209
ORD17813,U185,R50,2026-04-17 17:05:00,347
ORD17814,U316,R133,2026-04-17 12:22:00,665
ORD17815,U289,R89,2026-04-17 13:18:00,271
ORD17816,U806,R150,2026-04-17 17:40:00,750
ORD17817,U760,R166,2026-04-17 16:39:00,359
ORD17818,U155,R184,2026-04-17 16:35:00,412
ORD17819,U2,R47,2026-04-17 16:26:00,423
ORD17820,U807,R118,2026-04-17 16:59:00,237
ORD17821,U154,R137,2026-04-17 15:35:00,608
ORD17822,U858,R21,2026-04-17 15:51:00,793
ORD17823,U797,R85,2026-04-17 14:30:00,224
ORD17824,U316,R123,2026-04-17 13:08:00,457
ORD17825,U255,R112,2026-04-17 15:32:00,144
ORD17826,U347,R26,2026-04-17 19:37:00,693
ORD17827,U728,R164,2026-04-17 14:06:00,140
ORD17828,U52,R95,2026-04-17 11:15:00,228
ORD17829,U406,R28,2026-04-17 14:19:00,178
ORD17830,U931,R4,2026-04-17 18:30:00,704
ORD17831,U817,R10,2026-04-17 10:53:00,570
ORD17832,U891,R72,2026-04-17 10:20:00,562
ORD17833,U139,R90,2026-04-17 15:22:00,407
ORD17834,U825,R87,2026-04-17 14:04:00,522
ORD17835,U743,R81,2026-04-17 13:12:00,546
ORD17836,U870,R124,2026-04-17 12:42:00,321
ORD17837,U632,R117,2026-04-17 11:08:00,621
ORD17838,U918,R31,2026-04-17 17:27:00,444
ORD17839,U627,R84,2026-04-17 13:16:00,747
ORD17840,U326,R187,2026-04-17 15:10:00,145
ORD17841,U217,R145,2026-04-17 11:33:00,391
ORD17842,U645,R90,2026-04-17 15:52:00,262
ORD17843,U446,R194,2026-04-17 19:08:00,614
ORD17844,U639,R99,2026-04-17 16:44:00,780
ORD17845,U704,R200,2026-04-17 14:10:00,131
ORD17846,U960,R87,2026-04-17 13:19:00,745
ORD17847,U714,R107,2026-04-17 18:04:00,183
ORD17848,U463,R56,2026-04-17 15:01:00,136
ORD17849,U452,R10,2026-04-17 12:05:00,602
ORD17850,U333,R33,2026-04-17 10:21:00,159
ORD17851,U533,R129,2026-04-17 16:44:00,270
ORD17852,U582,R135,2026-04-17 13:49:00,362
ORD17853,U688,R11,2026-04-17 15:05:00,361
ORD17854,U891,R30,2026-04-17 12:42:00,723
ORD17855,U998,R135,2026-04-17 11:06:00,455
ORD17856,U130,R100,2026-04-17 19:24:00,799
ORD17857,U424,R85,2026-04-17 13:43:00,280
ORD17858,U60,R109,2026-04-17 15:40:00,721
ORD17859,U509,R19,2026-04-17 10:16:00,595
ORD17860,U655,R162,2026-04-17 10:18:00,561
ORD17861,U929,R96,2026-04-17 10:00:00,723
ORD17862,U542,R128,2026-04-17 16:57:00,196
ORD17863,U822,R193,2026-04-17 15:37:00,284
ORD17864,U694,R176,2026-04-17 13:00:00,552
ORD17865,U73,R70,2026-04-17 17:37:00,513
ORD17866,U782,R56,2026-04-17 19:25:00,566
ORD17867,U101,R7,2026-04-17 18:45:00,407
ORD17868,U528,R26,2026-04-17 14:35:00,283
ORD17869,U269,R114,2026-04-17 18:46:00,547
ORD17870,U338,R136,2026-04-17 15:37:00,350
ORD17871,U708,R102,2026-04-17 11:42:00,554
ORD17872,U632,R7,2026-04-17 13:16:00,445
ORD17873,U515,R122,2026-04-17 15:42:00,209
ORD17874,U84,R183,2026-04-17 14:34:00,178
ORD17875,U599,R75,2026-04-17 19:37:00,423
ORD17876,U380,R5,2026-04-17 13:12:00,545
ORD17877,U605,R124,2026-04-17 15:53:00,326
ORD17878,U178,R140,2026-04-17 18:38:00,514
ORD17879,U714,R188,2026-04-17 14:40:00,169
ORD17880,U771,R141,2026-04-17 11:50:00,523
ORD17881,U494,R173,2026-04-17 11:49:00,400
ORD17882,U473,R5,2026-04-17 11:58:00,615
ORD17883,U144,R194,2026-04-17 12:55:00,718
ORD17884,U292,R181,2026-04-17 12:16:00,425
ORD17885,U658,R61,2026-04-17 10:45:00,437
ORD17886,U585,R132,2026-04-17 13:50:00,566
ORD17887,U412,R178,2026-04-17 19:10:00,724
ORD17888,U881,R42,2026-04-17 16:31:00,109
ORD17889,U118,R162,2026-04-17 17:28:00,464
ORD17890,U332,R35,2026-04-17 12:28:00,219
ORD17891,U255,R7,2026-04-17 18:27:00,623
ORD17892,U375,R23,2026-04-17 13:49:00,517
ORD17893,U659,R152,2026-04-17 15:18:00,754
ORD17894,U955,R146,2026-04-17 12:26:00,135
ORD17895,U690,R12,2026-04-17 17:15:00,319
ORD17896,U431,R89,2026-04-17 19:16:00,413
ORD17897,U780,R113,2026-04-17 12:43:00,334
ORD17898,U76,R182,2026-04-17 14:35:00,761
ORD17899,U844,R87,2026-04-17 10:46:00,102
ORD17900,U438,R143,2026-04-17 15:53:00,434
ORD17901,U898,R3,2026-04-17 13:47:00,550
ORD17902,U347,R46,2026-04-17 14:59:00,242
ORD17903,U206,R83,2026-04-17 14:02:00,540
ORD17904,U741,R97,2026-04-17 19:26:00,267
ORD17905,U817,R85,2026-04-17 15:47:00,777
ORD17906,U507,R7,2026-04-17 17:47:00,329
ORD17907,U873,R154,2026-04-17 11:05:00,447
ORD17908,U715,R5,2026-04-17 13:30:00,124
ORD17909,U473,R153,2026-04-17 16:59:00,463
ORD17910,U305,R19,2026-04-17 19:52:00,410
ORD17911,U529,R38,2026-04-17 16:56:00,363
ORD17912,U153,R96,2026-04-17 17:15:00,347
ORD17913,U348,R141,2026-04-17 19:48:00,681
ORD17914,U560,R180,2026-04-17 13:59:00,643
ORD17915,U648,R70,2026-04-17 10:05:00,182
ORD17916,U122,R26,2026-04-17 14:30:00,336
ORD17917,U372,R51,2026-04-17 13:28:00,104
ORD17918,U109,R25,2026-04-17 13:41:00,377
ORD17919,U453,R15,2026-04-17 17:49:00,573
ORD17920,U895,R104,2026-04-17 16:48:00,785
ORD17921,U764,R25,2026-04-17 19:14:00,528
ORD17922,U847,R95,2026-04-17 17:53:00,513
ORD17923,U704,R98,2026-04-17 15:44:00,609
ORD17924,U104,R68,2026-04-17 18:34:00,153
ORD17925,U31,R39,2026-04-17 16:17:00,509
ORD17926,U493,R38,2026-04-17 18:48:00,385
ORD17927,U391,R48,2026-04-17 14:49:00,749
ORD17928,U972,R159,2026-04-17 13:34:00,188
ORD17929,U308,R79,2026-04-17 12:06:00,735
ORD17930,U332,R92,2026-04-17 13:13:00,476
ORD17931,U124,R64,2026-04-17 16:00:00,468
ORD17932,U911,R164,2026-04-17 14:26:00,489
ORD17933,U788,R174,2026-04-17 12:13:00,380
ORD17934,U522,R109,2026-04-17 14:38:00,456
ORD17935,U499,R146,2026-04-17 15:58:00,578
ORD17936,U335,R35,2026-04-17 12:43:00,632
ORD17937,U333,R94,2026-04-17 17:51:00,260
ORD17938,U418,R76,2026-04-17 14:32:00,106
ORD17939,U364,R152,2026-04-17 17:57:00,214
ORD17940,U197,R98,2026-04-17 12:09:00,154
ORD17941,U414,R22,2026-04-17 17:54:00,514
ORD17942,U884,R184,2026-04-17 17:18:00,200
ORD17943,U814,R85,2026-04-17 18:26:00,543
ORD17944,U491,R93,2026-04-17 17:41:00,282
ORD17945,U910,R109,2026-04-17 13:01:00,398
ORD17946,U963,R172,2026-04-17 10:11:00,232
ORD17947,U683,R22,2026-04-17 12:53:00,494
ORD17948,U699,R82,2026-04-17 17:57:00,266
ORD17949,U316,R118,2026-04-17 17:44:00,170
ORD17950,U93,R131,2026-04-17 13:51:00,637
ORD17951,U133,R80,2026-04-17 18:27:00,188
ORD17952,U62,R117,2026-04-17 18:21:00,160
ORD17953,U134,R86,2026-04-17 13:40:00,178
ORD17954,U409,R48,2026-04-17 16:29:00,420
ORD17955,U956,R29,2026-04-17 13:43:00,670
ORD17956,U767,R111,2026-04-17 12:45:00,262
ORD17957,U973,R99,2026-04-17 17:12:00,172
ORD17958,U573,R28,2026-04-17 17:33:00,741
ORD17959,U655,R194,2026-04-17 15:25:00,788
ORD17960,U80,R189,2026-04-17 11:44:00,667
ORD17961,U103,R146,2026-04-17 12:32:00,311
ORD17962,U980,R34,2026-04-17 16:16:00,668
ORD17963,U160,R135,2026-04-17 17:00:00,785
ORD17964,U602,R158,2026-04-17 15:11:00,182
ORD17965,U530,R137,2026-04-17 10:21:00,748
ORD17966,U245,R175,2026-04-17 14:00:00,222
ORD17967,U641,R37,2026-04-17 13:44:00,673
ORD17968,U300,R172,2026-04-17 10:28:00,583
ORD17969,U413,R61,2026-04-17 15:16:00,516
ORD17970,U347,R8,2026-04-17 15:07:00,554
ORD17971,U647,R157,2026-04-17 15:06:00,269
ORD17972,U945,R11,2026-04-17 14:24:00,497
ORD17973,U817,R97,2026-04-17 14:13:00,329
ORD17974,U164,R176,2026-04-17 16:15:00,447
ORD17975,U755,R156,2026-04-17 12:08:00,528
ORD17976,U580,R187,2026-04-17 14:26:00,486
ORD17977,U263,R185,2026-04-17 17:27:00,328
ORD17978,U50,R185,2026-04-17 13:36:00,798
ORD17979,U578,R120,2026-04-17 10:13:00,388
ORD17980,U902,R121,2026-04-17 15:49:00,199
ORD17981,U779,R180,2026-04-17 19:30:00,206
ORD17982,U709,R25,2026-04-17 12:50:00,226
ORD17983,U233,R169,2026-04-17 15:11:00,520
ORD17984,U974,R168,2026-04-17 16:28:00,667
ORD17985,U530,R152,2026-04-17 12:03:00,140
ORD17986,U964,R118,2026-04-17 15:41:00,449
ORD17987,U988,R82,2026-04-17 13:21:00,724
ORD17988,U692,R94,2026-04-17 11:58:00,306
ORD17989,U634,R107,2026-04-17 13:06:00,191
ORD17990,U814,R154,2026-04-17 18:09:00,432
ORD17991,U515,R32,2026-04-17 19:50:00,113
ORD17992,U296,R94,2026-04-17 19:34:00,528
ORD17993,U560,R85,2026-04-17 14:35:00,145
ORD17994,U231,R35,2026-04-17 14:01:00,509
ORD17995,U235,R78,2026-04-17 14:53:00,579
ORD17996,U197,R146,2026-04-17 14:43:00,390
ORD17997,U71,R108,2026-04-17 18:46:00,657
ORD17998,U225,R184,2026-04-17 13:02:00,719
ORD17999,U147,R18,2026-04-17 11:10:00,611
ORD18000,U903,R193,2026-04-17 19:44:00,441
ORD18001,U313,R39,2026-04-17 18:56:00,771
ORD18002,U489,R32,2026-04-17 18:13:00,596
ORD18003,U918,R119,2026-04-17 11:26:00,299
ORD18004,U33,R30,2026-04-17 11:08:00,618
ORD18005,U141,R37,2026-04-17 14:53:00,381
ORD18006,U419,R186,2026-04-17 19:24:00,699
ORD18007,U750,R21,2026-04-17 16:28:00,165
ORD18008,U986,R98,2026-04-17 11:36:00,153
ORD18009,U522,R74,2026-04-17 13:40:00,378
ORD18010,U152,R171,2026-04-17 19:19:00,393
ORD18011,U739,R135,2026-04-17 11:52:00,352
ORD18012,U399,R108,2026-04-17 10:20:00,570
ORD18013,U846,R3,2026-04-17 11:10:00,280
ORD18014,U246,R24,2026-04-17 15:51:00,431
ORD18015,U967,R180,2026-04-17 16:54:00,279
ORD18016,U295,R121,2026-04-17 11:39:00,767
ORD18017,U324,R17,2026-04-17 13:51:00,432
ORD18018,U301,R175,2026-04-17 12:15:00,332
ORD18019,U838,R73,2026-04-17 13:12:00,142
ORD18020,U105,R70,2026-04-17 11:55:00,174
ORD18021,U287,R112,2026-04-17 11:51:00,631
ORD18022,U282,R96,2026-04-17 10:16:00,639
ORD18023,U141,R48,2026-04-17 15:39:00,615
ORD18024,U641,R21,2026-04-17 13:48:00,326
ORD18025,U36,R60,2026-04-17 19:11:00,310
ORD18026,U16,R91,2026-04-17 18:42:00,170
ORD18027,U652,R172,2026-04-17 16:54:00,173
ORD18028,U356,R8,2026-04-17 12:33:00,143
ORD18029,U69,R35,2026-04-17 18:57:00,592
ORD18030,U816,R165,2026-04-17 15:53:00,292
ORD18031,U700,R11,2026-04-17 16:28:00,790
ORD18032,U524,R4,2026-04-17 18:53:00,292
ORD18033,U228,R107,2026-04-17 12:03:00,228
ORD18034,U712,R142,2026-04-17 15:45:00,528
ORD18035,U704,R100,2026-04-17 18:55:00,343
ORD18036,U91,R92,2026-04-17 14:07:00,128
ORD18037,U730,R180,2026-04-17 13:03:00,671
ORD18038,U911,R64,2026-04-17 14:17:00,188
ORD18039,U853,R159,2026-04-17 14:47:00,472
ORD18040,U860,R68,2026-04-17 15:40:00,733
ORD18041,U233,R26,2026-04-17 16:39:00,217
ORD18042,U145,R9,2026-04-17 13:45:00,448
ORD18043,U438,R162,2026-04-17 14:27:00,169
ORD18044,U411,R162,2026-04-17 14:53:00,306
ORD18045,U738,R130,2026-04-17 12:11:00,670
ORD18046,U603,R67,2026-04-17 17:46:00,196
ORD18047,U910,R25,2026-04-17 11:16:00,418
ORD18048,U70,R83,2026-04-17 17:47:00,321
ORD18049,U199,R77,2026-04-17 19:56:00,348
ORD18050,U954,R98,2026-04-17 19:51:00,639
ORD18051,U737,R176,2026-04-17 14:12:00,389
ORD18052,U490,R132,2026-04-17 15:41:00,519
ORD18053,U446,R167,2026-04-17 13:21:00,655
ORD18054,U826,R200,2026-04-17 19:12:00,310
ORD18055,U517,R192,2026-04-17 13:07:00,191
ORD18056,U245,R65,2026-04-17 15:20:00,306
ORD18057,U723,R105,2026-04-17 15:05:00,662
ORD18058,U458,R141,2026-04-17 12:20:00,273
ORD18059,U505,R197,2026-04-17 13:34:00,368
ORD18060,U549,R77,2026-04-17 11:52:00,210
ORD18061,U842,R176,2026-04-17 16:06:00,592
ORD18062,U742,R135,2026-04-17 13:46:00,140
ORD18063,U512,R138,2026-04-17 15:50:00,496
ORD18064,U784,R33,2026-04-17 13:24:00,740
ORD18065,U366,R122,2026-04-17 14:59:00,796
ORD18066,U435,R144,2026-04-17 16:44:00,235
ORD18067,U417,R35,2026-04-17 12:46:00,657
ORD18068,U918,R164,2026-04-17 17:19:00,622
ORD18069,U161,R191,2026-04-17 14:32:00,683
ORD18070,U623,R90,2026-04-17 10:50:00,315
ORD18071,U778,R98,2026-04-17 18:54:00,248
ORD18072,U207,R189,2026-04-17 13:58:00,356
ORD18073,U546,R145,2026-04-17 12:36:00,364
ORD18074,U210,R164,2026-04-17 19:00:00,257
ORD18075,U806,R52,2026-04-17 17:10:00,240
ORD18076,U544,R24,2026-04-17 17:01:00,201
ORD18077,U967,R102,2026-04-17 14:12:00,131
ORD18078,U167,R60,2026-04-17 17:12:00,200
ORD18079,U774,R24,2026-04-17 10:18:00,725
ORD18080,U673,R64,2026-04-17 16:35:00,546
ORD18081,U292,R107,2026-04-17 19:07:00,560
ORD18082,U578,R10,2026-04-17 18:09:00,587
ORD18083,U545,R19,2026-04-17 19:43:00,634
ORD18084,U294,R99,2026-04-17 17:40:00,118
ORD18085,U977,R102,2026-04-17 11:10:00,467
ORD18086,U133,R196,2026-04-17 15:12:00,427
ORD18087,U133,R46,2026-04-17 11:44:00,320
ORD18088,U668,R137,2026-04-17 17:55:00,320
ORD18089,U196,R174,2026-04-17 17:01:00,606
ORD18090,U260,R182,2026-04-17 15:29:00,152
ORD18091,U407,R50,2026-04-17 16:03:00,616
ORD18092,U466,R38,2026-04-17 13:31:00,674
ORD18093,U713,R186,2026-04-17 12:42:00,460
ORD18094,U4,R143,2026-04-17 16:45:00,379
ORD18095,U761,R97,2026-04-17 19:45:00,717
ORD18096,U442,R92,2026-04-17 14:34:00,108
ORD18097,U709,R172,2026-04-17 10:23:00,600
ORD18098,U886,R114,2026-04-17 15:14:00,255
ORD18099,U61,R113,2026-04-17 10:08:00,749
ORD18100,U457,R90,2026-04-17 19:48:00,364
ORD18101,U60,R21,2026-04-17 18:20:00,786
ORD18102,U568,R117,2026-04-17 10:50:00,239
ORD18103,U999,R115,2026-04-17 14:28:00,192
ORD18104,U496,R123,2026-04-17 19:52:00,471
ORD18105,U241,R29,2026-04-17 18:43:00,398
ORD18106,U908,R74,2026-04-17 13:48:00,693
ORD18107,U30,R80,2026-04-17 13:41:00,306
ORD18108,U264,R101,2026-04-17 16:59:00,793
ORD18109,U959,R153,2026-04-17 16:13:00,655
ORD18110,U628,R88,2026-04-17 13:36:00,307
ORD18111,U766,R130,2026-04-17 11:37:00,440
ORD18112,U179,R185,2026-04-17 19:50:00,637
ORD18113,U178,R45,2026-04-17 18:52:00,674
ORD18114,U257,R147,2026-04-17 12:09:00,286
ORD18115,U783,R71,2026-04-17 10:24:00,367
ORD18116,U354,R31,2026-04-17 10:39:00,382
ORD18117,U189,R110,2026-04-17 10:29:00,656
ORD18118,U489,R98,2026-04-17 17:07:00,247
ORD18119,U847,R14,2026-04-17 11:20:00,769
ORD18120,U676,R154,2026-04-17 17:25:00,284
ORD18121,U816,R28,2026-04-17 15:52:00,178
ORD18122,U43,R40,2026-04-17 11:06:00,755
ORD18123,U440,R33,2026-04-17 13:08:00,135
ORD18124,U259,R139,2026-04-17 16:45:00,399
ORD18125,U16,R50,2026-04-17 15:27:00,559
ORD18126,U721,R136,2026-04-17 10:45:00,684
ORD18127,U573,R40,2026-04-17 11:51:00,381
ORD18128,U607,R20,2026-04-17 19:38:00,642
ORD18129,U343,R81,2026-04-17 16:59:00,526
ORD18130,U464,R78,2026-04-17 12:27:00,757
ORD18131,U907,R197,2026-04-17 16:58:00,677
ORD18132,U524,R8,2026-04-17 12:11:00,169
ORD18133,U667,R43,2026-04-17 10:24:00,481
ORD18134,U509,R81,2026-04-17 11:30:00,451
ORD18135,U668,R185,2026-04-17 10:46:00,108
ORD18136,U910,R29,2026-04-17 17:06:00,103
ORD18137,U129,R100,2026-04-17 10:38:00,430
ORD18138,U818,R90,2026-04-17 13:25:00,359
ORD18139,U439,R32,2026-04-17 13:27:00,430
ORD18140,U345,R81,2026-04-17 11:11:00,330
ORD18141,U870,R129,2026-04-17 17:48:00,294
ORD18142,U978,R70,2026-04-17 13:48:00,602
ORD18143,U694,R123,2026-04-17 15:23:00,160
ORD18144,U401,R173,2026-04-17 18:43:00,315
ORD18145,U290,R190,2026-04-17 16:21:00,630
ORD18146,U563,R45,2026-04-17 14:20:00,554
ORD18147,U818,R75,2026-04-17 19:21:00,586
ORD18148,U35,R16,2026-04-17 13:08:00,769
ORD18149,U307,R70,2026-04-17 18:26:00,130
ORD18150,U738,R65,2026-04-17 19:16:00,620
ORD18151,U511,R68,2026-04-17 10:17:00,471
ORD18152,U205,R107,2026-04-17 12:14:00,515
ORD18153,U806,R101,2026-04-17 11:57:00,660
ORD18154,U191,R85,2026-04-17 18:09:00,798
ORD18155,U610,R54,2026-04-17 14:48:00,690
ORD18156,U152,R59,2026-04-17 10:41:00,232
ORD18157,U348,R149,2026-04-17 12:55:00,224
ORD18158,U39,R50,2026-04-17 10:34:00,779
ORD18159,U385,R139,2026-04-17 11:29:00,671
ORD18160,U597,R6,2026-04-17 11:10:00,128
ORD18161,U64,R41,2026-04-17 18:25:00,461
ORD18162,U151,R155,2026-04-17 19:28:00,488
ORD18163,U186,R137,2026-04-17 15:18:00,420
ORD18164,U498,R59,2026-04-17 12:04:00,100
ORD18165,U412,R8,2026-04-17 13:40:00,377
ORD18166,U105,R163,2026-04-17 10:42:00,444
ORD18167,U857,R86,2026-04-17 12:47:00,197
ORD18168,U761,R121,2026-04-17 10:16:00,603
ORD18169,U18,R110,2026-04-17 16:03:00,509
ORD18170,U716,R165,2026-04-17 15:37:00,144
ORD18171,U827,R93,2026-04-17 15:27:00,574
ORD18172,U691,R105,2026-04-17 14:26:00,468
ORD18173,U64,R28,2026-04-17 14:21:00,220
ORD18174,U352,R47,2026-04-17 14:57:00,756
ORD18175,U227,R157,2026-04-17 14:03:00,193
ORD18176,U311,R30,2026-04-17 19:02:00,182
ORD18177,U993,R186,2026-04-17 16:04:00,253
ORD18178,U213,R15,2026-04-17 18:03:00,682
ORD18179,U561,R179,2026-04-17 18:39:00,455
ORD18180,U687,R164,2026-04-17 18:25:00,619
ORD18181,U654,R32,2026-04-17 17:07:00,290
ORD18182,U441,R188,2026-04-17 17:13:00,314
ORD18183,U239,R1,2026-04-17 16:03:00,660
ORD18184,U209,R196,2026-04-17 17:43:00,577
ORD18185,U946,R10,2026-04-17 12:19:00,359
ORD18186,U766,R27,2026-04-17 10:52:00,637
ORD18187,U361,R185,2026-04-17 18:53:00,443
ORD18188,U398,R50,2026-04-17 13:38:00,116
ORD18189,U786,R169,2026-04-17 16:03:00,373
ORD18190,U624,R185,2026-04-17 15:30:00,268
ORD18191,U575,R73,2026-04-17 11:45:00,291
ORD18192,U484,R51,2026-04-17 13:58:00,324
ORD18193,U129,R69,2026-04-17 15:07:00,149
ORD18194,U711,R88,2026-04-17 12:01:00,306
ORD18195,U231,R123,2026-04-17 17:45:00,735
ORD18196,U144,R104,2026-04-17 15:40:00,571
ORD18197,U17,R194,2026-04-17 14:23:00,762
ORD18198,U812,R116,2026-04-17 11:49:00,133
ORD18199,U860,R123,2026-04-17 11:57:00,741
ORD18200,U144,R50,2026-04-17 10:51:00,224
ORD18201,U341,R50,2026-04-17 18:02:00,521
ORD18202,U50,R162,2026-04-17 13:58:00,525
ORD18203,U483,R153,2026-04-17 14:18:00,321
ORD18204,U645,R96,2026-04-17 17:15:00,173
ORD18205,U279,R69,2026-04-17 12:39:00,390
ORD18206,U183,R109,2026-04-17 16:07:00,158
ORD18207,U442,R72,2026-04-17 15:02:00,742
ORD18208,U580,R48,2026-04-17 13:56:00,753
ORD18209,U248,R163,2026-04-17 16:32:00,672
ORD18210,U929,R101,2026-04-17 14:29:00,580
ORD18211,U292,R98,2026-04-17 16:24:00,677
ORD18212,U37,R5,2026-04-17 12:31:00,102
ORD18213,U494,R53,2026-04-17 13:52:00,669
ORD18214,U438,R130,2026-04-17 11:30:00,289
ORD18215,U430,R60,2026-04-17 18:00:00,645
ORD18216,U234,R72,2026-04-17 14:03:00,113
ORD18217,U804,R96,2026-04-17 15:51:00,409
ORD18218,U32,R18,2026-04-17 14:14:00,569
ORD18219,U495,R27,2026-04-17 16:14:00,420
ORD18220,U102,R111,2026-04-17 11:14:00,561
ORD18221,U589,R172,2026-04-17 11:49:00,102
ORD18222,U896,R99,2026-04-17 16:14:00,410
ORD18223,U701,R106,2026-04-17 11:11:00,168
ORD18224,U515,R104,2026-04-17 13:30:00,573
ORD18225,U830,R161,2026-04-17 11:01:00,276
ORD18226,U277,R145,2026-04-17 11:20:00,671
ORD18227,U37,R145,2026-04-17 12:03:00,781
ORD18228,U853,R94,2026-04-17 12:19:00,734
ORD18229,U493,R165,2026-04-17 12:04:00,536
ORD18230,U142,R121,2026-04-17 16:18:00,131
ORD18231,U884,R167,2026-04-17 15:18:00,282
ORD18232,U291,R70,2026-04-17 14:46:00,383
ORD18233,U955,R122,2026-04-17 14:07:00,432
ORD18234,U583,R178,2026-04-17 16:15:00,204
ORD18235,U574,R81,2026-04-17 11:09:00,693
ORD18236,U539,R128,2026-04-17 13:48:00,642
ORD18237,U991,R58,2026-04-17 17:53:00,168
ORD18238,U554,R172,2026-04-17 13:37:00,189
ORD18239,U463,R173,2026-04-17 14:06:00,126
ORD18240,U327,R38,2026-04-17 13:01:00,366
ORD18241,U472,R147,2026-04-17 12:28:00,106
ORD18242,U347,R169,2026-04-17 12:10:00,329
ORD18243,U223,R108,2026-04-17 10:52:00,324
ORD18244,U569,R34,2026-04-17 12:28:00,598
ORD18245,U299,R91,2026-04-17 14:58:00,794
ORD18246,U607,R146,2026-04-17 10:58:00,592
ORD18247,U330,R42,2026-04-17 15:17:00,284
ORD18248,U430,R166,2026-04-17 10:43:00,189
ORD18249,U374,R189,2026-04-17 19:22:00,555
ORD18250,U867,R94,2026-04-17 14:31:00,355
ORD18251,U646,R54,2026-04-17 18:52:00,510
ORD18252,U361,R197,2026-04-17 17:17:00,210
ORD18253,U409,R175,2026-04-17 15:22:00,183
ORD18254,U783,R199,2026-04-17 12:46:00,675
ORD18255,U285,R172,2026-04-17 16:50:00,189
ORD18256,U632,R187,2026-04-17 10:05:00,365
ORD18257,U347,R48,2026-04-17 10:04:00,785
ORD18258,U650,R168,2026-04-17 11:04:00,185
ORD18259,U406,R72,2026-04-17 17:37:00,540
ORD18260,U27,R162,2026-04-17 10:34:00,452
ORD18261,U194,R67,2026-04-17 10:54:00,239
ORD18262,U780,R88,2026-04-17 13:17:00,122
ORD18263,U865,R58,2026-04-17 16:15:00,784
ORD18264,U31,R181,2026-04-17 19:45:00,350
ORD18265,U981,R179,2026-04-17 11:27:00,233
ORD18266,U578,R114,2026-04-17 16:47:00,677
ORD18267,U799,R135,2026-04-17 12:16:00,770
ORD18268,U372,R98,2026-04-17 13:57:00,685
ORD18269,U83,R44,2026-04-17 14:09:00,368
ORD18270,U793,R160,2026-04-17 15:36:00,403
ORD18271,U886,R54,2026-04-17 12:34:00,289
ORD18272,U623,R172,2026-04-17 17:35:00,774
ORD18273,U370,R59,2026-04-17 12:22:00,166
ORD18274,U426,R62,2026-04-17 11:13:00,477
ORD18275,U536,R62,2026-04-17 17:56:00,501
ORD18276,U689,R7,2026-04-17 12:15:00,259
ORD18277,U517,R155,2026-04-17 10:45:00,139
ORD18278,U924,R119,2026-04-17 14:29:00,342
ORD18279,U489,R145,2026-04-17 16:20:00,417
ORD18280,U254,R193,2026-04-17 15:16:00,316
ORD18281,U416,R196,2026-04-17 11:41:00,461
ORD18282,U376,R87,2026-04-17 16:55:00,338
ORD18283,U383,R109,2026-04-17 15:54:00,737
ORD18284,U323,R187,2026-04-17 14:52:00,746
ORD18285,U522,R57,2026-04-17 18:17:00,588
ORD18286,U419,R77,2026-04-17 13:31:00,736
ORD18287,U963,R5,2026-04-17 13:43:00,239
ORD18288,U627,R164,2026-04-17 10:46:00,784
ORD18289,U569,R165,2026-04-17 15:45:00,145
ORD18290,U10,R197,2026-04-17 14:19:00,353
ORD18291,U281,R84,2026-04-17 16:59:00,490
ORD18292,U359,R63,2026-04-17 16:57:00,297
ORD18293,U963,R25,2026-04-17 14:09:00,684
ORD18294,U51,R178,2026-04-17 10:00:00,294
ORD18295,U907,R163,2026-04-17 14:16:00,169
ORD18296,U736,R198,2026-04-17 11:49:00,183
ORD18297,U657,R94,2026-04-17 12:40:00,517
ORD18298,U595,R11,2026-04-17 10:54:00,233
ORD18299,U739,R175,2026-04-17 10:51:00,613
ORD18300,U554,R170,2026-04-17 16:34:00,491
ORD18301,U890,R126,2026-04-17 15:15:00,453
ORD18302,U35,R10,2026-04-17 11:20:00,528
ORD18303,U723,R73,2026-04-17 12:50:00,780
ORD18304,U188,R32,2026-04-17 15:13:00,603
ORD18305,U337,R116,2026-04-17 15:26:00,119
ORD18306,U420,R120,2026-04-17 17:02:00,549
ORD18307,U154,R185,2026-04-17 12:25:00,143
ORD18308,U768,R113,2026-04-17 16:03:00,552
ORD18309,U283,R111,2026-04-17 11:47:00,781
ORD18310,U287,R71,2026-04-17 19:57:00,605
ORD18311,U780,R143,2026-04-17 19:10:00,216
ORD18312,U456,R91,2026-04-17 14:50:00,277
ORD18313,U742,R140,2026-04-17 12:11:00,460
ORD18314,U381,R17,2026-04-17 16:49:00,372
ORD18315,U911,R130,2026-04-17 10:51:00,140
ORD18316,U146,R16,2026-04-17 17:25:00,263
ORD18317,U446,R52,2026-04-17 13:09:00,106
ORD18318,U182,R106,2026-04-17 19:32:00,667
ORD18319,U879,R86,2026-04-17 17:16:00,223
ORD18320,U858,R174,2026-04-17 18:35:00,363
ORD18321,U722,R49,2026-04-17 11:01:00,240
ORD18322,U427,R13,2026-04-17 11:06:00,392
ORD18323,U726,R100,2026-04-17 13:10:00,107
ORD18324,U649,R90,2026-04-17 18:26:00,363
ORD18325,U403,R88,2026-04-17 16:36:00,752
ORD18326,U51,R24,2026-04-17 18:41:00,368
ORD18327,U45,R157,2026-04-17 17:54:00,785
ORD18328,U778,R168,2026-04-17 18:12:00,269
ORD18329,U521,R44,2026-04-17 15:32:00,224
ORD18330,U392,R125,2026-04-17 13:24:00,626
ORD18331,U765,R31,2026-04-17 10:08:00,756
ORD18332,U985,R92,2026-04-17 17:47:00,306
ORD18333,U100,R61,2026-04-17 17:13:00,655
ORD18334,U488,R124,2026-04-17 12:27:00,259
ORD18335,U251,R150,2026-04-17 12:43:00,194
ORD18336,U461,R31,2026-04-17 19:26:00,107
ORD18337,U628,R13,2026-04-17 11:00:00,744
ORD18338,U399,R61,2026-04-17 17:33:00,162
ORD18339,U670,R154,2026-04-17 18:59:00,490
ORD18340,U797,R122,2026-04-17 18:25:00,456
ORD18341,U168,R9,2026-04-17 18:28:00,673
ORD18342,U871,R9,2026-04-17 11:44:00,128
ORD18343,U982,R45,2026-04-17 12:51:00,435
ORD18344,U425,R65,2026-04-17 18:49:00,457
ORD18345,U696,R186,2026-04-17 14:43:00,197
ORD18346,U86,R119,2026-04-17 14:44:00,305
ORD18347,U154,R108,2026-04-17 18:37:00,168
ORD18348,U245,R179,2026-04-17 18:57:00,572
ORD18349,U642,R120,2026-04-17 12:37:00,658
ORD18350,U527,R55,2026-04-17 12:13:00,170
ORD18351,U826,R60,2026-04-17 19:08:00,211
ORD18352,U498,R24,2026-04-17 14:10:00,772
ORD18353,U282,R133,2026-04-17 17:17:00,338
ORD18354,U321,R28,2026-04-17 10:20:00,388
ORD18355,U610,R118,2026-04-17 16:22:00,182
ORD18356,U267,R85,2026-04-17 13:32:00,633
ORD18357,U16,R92,2026-04-17 11:32:00,111
ORD18358,U307,R91,2026-04-17 11:28:00,647
ORD18359,U872,R182,2026-04-17 15:41:00,536
ORD18360,U679,R93,2026-04-17 13:03:00,115
ORD18361,U571,R108,2026-04-17 16:56:00,262
ORD18362,U518,R147,2026-04-17 10:41:00,599
ORD18363,U19,R82,2026-04-17 15:40:00,418
ORD18364,U923,R118,2026-04-17 18:42:00,749
ORD18365,U474,R152,2026-04-17 17:50:00,498
ORD18366,U308,R95,2026-04-17 16:27:00,320
ORD18367,U782,R94,2026-04-17 11:13:00,643
ORD18368,U984,R3,2026-04-17 10:00:00,724
ORD18369,U896,R96,2026-04-17 15:51:00,228
ORD18370,U478,R16,2026-04-17 19:41:00,688
ORD18371,U666,R50,2026-04-17 11:40:00,118
ORD18372,U224,R36,2026-04-17 19:18:00,126
ORD18373,U484,R197,2026-04-17 15:20:00,174
ORD18374,U264,R43,2026-04-17 17:44:00,487
ORD18375,U428,R32,2026-04-17 14:37:00,596
ORD18376,U30,R4,2026-04-17 10:26:00,292
ORD18377,U335,R117,2026-04-17 10:34:00,454
ORD18378,U35,R59,2026-04-17 11:30:00,499
ORD18379,U232,R67,2026-04-17 11:51:00,261
ORD18380,U814,R3,2026-04-17 14:46:00,220
ORD18381,U376,R41,2026-04-17 11:25:00,612
ORD18382,U603,R21,2026-04-17 16:41:00,399
ORD18383,U25,R103,2026-04-17 14:23:00,324
ORD18384,U298,R46,2026-04-17 19:52:00,126
ORD18385,U354,R109,2026-04-17 18:50:00,188
ORD18386,U342,R108,2026-04-17 17:28:00,375
ORD18387,U336,R14,2026-04-17 17:33:00,199
ORD18388,U826,R113,2026-04-17 11:25:00,623
ORD18389,U27,R136,2026-04-17 14:38:00,178
ORD18390,U332,R152,2026-04-17 18:13:00,690
ORD18391,U573,R55,2026-04-17 14:53:00,751
ORD18392,U806,R157,2026-04-17 11:19:00,271
ORD18393,U139,R124,2026-04-17 17:20:00,698
ORD18394,U212,R68,2026-04-17 13:45:00,369
ORD18395,U772,R155,2026-04-17 19:22:00,275
ORD18396,U83,R9,2026-04-17 14:29:00,402
ORD18397,U608,R139,2026-04-17 13:06:00,795
ORD18398,U947,R6,2026-04-17 11:02:00,730
ORD18399,U575,R6,2026-04-17 14:57:00,190
ORD18400,U992,R145,2026-04-17 10:56:00,594
ORD18401,U262,R14,2026-04-17 18:32:00,731
ORD18402,U624,R80,2026-04-17 12:45:00,760
ORD18403,U285,R151,2026-04-17 17:35:00,500
ORD18404,U484,R56,2026-04-17 17:46:00,577
ORD18405,U847,R165,2026-04-17 13:59:00,204
ORD18406,U954,R105,2026-04-17 14:14:00,109
ORD18407,U53,R74,2026-04-17 11:33:00,773
ORD18408,U219,R113,2026-04-17 18:29:00,475
ORD18409,U445,R116,2026-04-17 12:07:00,182
ORD18410,U154,R103,2026-04-17 11:37:00,329
ORD18411,U372,R169,2026-04-17 11:46:00,332
ORD18412,U950,R64,2026-04-17 12:14:00,301
ORD18413,U597,R159,2026-04-17 12:46:00,640
ORD18414,U867,R52,2026-04-17 11:03:00,277
ORD18415,U911,R97,2026-04-17 15:52:00,433
ORD18416,U657,R107,2026-04-17 13:00:00,303
ORD18417,U842,R153,2026-04-17 19:36:00,590
ORD18418,U662,R26,2026-04-17 16:00:00,301
ORD18419,U661,R40,2026-04-17 17:32:00,252
ORD18420,U29,R81,2026-04-17 18:01:00,233
ORD18421,U706,R28,2026-04-17 18:31:00,414
ORD18422,U718,R26,2026-04-17 13:00:00,604
ORD18423,U699,R120,2026-04-17 14:53:00,349
ORD18424,U632,R99,2026-04-17 16:31:00,161
ORD18425,U166,R81,2026-04-17 18:31:00,693
ORD18426,U73,R44,2026-04-17 11:16:00,627
ORD18427,U601,R73,2026-04-17 12:55:00,790
ORD18428,U416,R91,2026-04-17 16:29:00,516
ORD18429,U73,R25,2026-04-17 18:13:00,233
ORD18430,U739,R60,2026-04-17 13:01:00,658
ORD18431,U573,R81,2026-04-17 13:06:00,731
ORD18432,U454,R97,2026-04-17 13:51:00,251
ORD18433,U554,R82,2026-04-17 17:21:00,193
ORD18434,U664,R59,2026-04-17 13:25:00,786
ORD18435,U168,R71,2026-04-17 11:54:00,765
ORD18436,U325,R101,2026-04-17 11:40:00,753
ORD18437,U398,R47,2026-04-17 10:56:00,387
ORD18438,U129,R200,2026-04-17 15:51:00,214
ORD18439,U673,R134,2026-04-17 13:09:00,463
ORD18440,U847,R193,2026-04-17 15:28:00,550
ORD18441,U316,R37,2026-04-17 10:32:00,764
ORD18442,U546,R153,2026-04-17 16:38:00,647
ORD18443,U630,R162,2026-04-17 12:23:00,724
ORD18444,U569,R125,2026-04-17 12:16:00,391
ORD18445,U531,R62,2026-04-17 12:17:00,245
ORD18446,U125,R142,2026-04-17 14:50:00,289
ORD18447,U442,R38,2026-04-17 16:30:00,791
ORD18448,U266,R103,2026-04-17 12:18:00,144
ORD18449,U612,R4,2026-04-17 10:27:00,698
ORD18450,U82,R157,2026-04-17 16:16:00,441
ORD18451,U711,R162,2026-04-17 10:35:00,676
ORD18452,U346,R65,2026-04-17 17:08:00,292
ORD18453,U302,R134,2026-04-17 13:49:00,315
ORD18454,U976,R152,2026-04-17 10:33:00,742
ORD18455,U13,R87,2026-04-17 15:07:00,547
ORD18456,U342,R165,2026-04-17 11:01:00,326
ORD18457,U789,R82,2026-04-17 16:40:00,790
ORD18458,U531,R140,2026-04-17 18:00:00,230
ORD18459,U284,R102,2026-04-17 15:06:00,614
ORD18460,U39,R164,2026-04-17 15:48:00,322
ORD18461,U482,R13,2026-04-17 12:37:00,442
ORD18462,U76,R64,2026-04-17 19:12:00,771
ORD18463,U247,R26,2026-04-17 11:24:00,201
ORD18464,U567,R32,2026-04-17 19:56:00,565
ORD18465,U452,R111,2026-04-17 12:04:00,526
ORD18466,U487,R115,2026-04-17 16:57:00,337
ORD18467,U435,R143,2026-04-17 17:19:00,441
ORD18468,U287,R150,2026-04-17 13:10:00,697
ORD18469,U684,R119,2026-04-17 19:17:00,595
ORD18470,U889,R49,2026-04-17 17:54:00,569
ORD18471,U66,R160,2026-04-17 10:59:00,582
ORD18472,U793,R12,2026-04-17 17:15:00,697
ORD18473,U602,R108,2026-04-17 14:28:00,107
ORD18474,U117,R55,2026-04-17 17:10:00,540
ORD18475,U661,R93,2026-04-17 10:29:00,370
ORD18476,U456,R46,2026-04-17 18:21:00,382
ORD18477,U633,R150,2026-04-17 11:12:00,531
ORD18478,U748,R122,2026-04-17 17:51:00,546
ORD18479,U224,R35,2026-04-17 19:31:00,394
ORD18480,U150,R60,2026-04-17 11:14:00,788
ORD18481,U162,R35,2026-04-17 18:49:00,421
ORD18482,U983,R116,2026-04-17 13:59:00,505
ORD18483,U758,R150,2026-04-17 17:45:00,225
ORD18484,U623,R69,2026-04-17 16:31:00,325
ORD18485,U23,R112,2026-04-17 16:47:00,698
ORD18486,U456,R111,2026-04-17 16:10:00,535
ORD18487,U7,R152,2026-04-17 16:34:00,166
ORD18488,U372,R128,2026-04-17 17:06:00,704
ORD18489,U492,R65,2026-04-17 14:35:00,160
ORD18490,U631,R195,2026-04-17 17:56:00,261
ORD18491,U740,R107,2026-04-17 16:43:00,322
ORD18492,U30,R161,2026-04-17 17:38:00,715
ORD18493,U979,R87,2026-04-17 14:00:00,428
ORD18494,U588,R165,2026-04-17 20:00:00,712
ORD18495,U861,R155,2026-04-17 19:14:00,759
ORD18496,U907,R59,2026-04-17 15:02:00,754
ORD18497,U278,R134,2026-04-17 17:56:00,658
ORD18498,U682,R53,2026-04-17 15:34:00,521
ORD18499,U296,R83,2026-04-17 11:49:00,789
ORD18500,U258,R21,2026-04-17 16:22:00,235
ORD18501,U639,R150,2026-04-17 17:07:00,366
ORD18502,U419,R57,2026-04-17 18:19:00,683
ORD18503,U585,R29,2026-04-17 17:28:00,376
ORD18504,U130,R78,2026-04-17 17:42:00,439
ORD18505,U111,R175,2026-04-17 14:44:00,282
ORD18506,U19,R96,2026-04-17 13:42:00,340
ORD18507,U168,R27,2026-04-17 15:56:00,641
ORD18508,U472,R132,2026-04-17 15:46:00,389
ORD18509,U747,R104,2026-04-17 14:43:00,680
ORD18510,U980,R88,2026-04-17 17:41:00,318
ORD18511,U352,R157,2026-04-17 16:35:00,667
ORD18512,U22,R35,2026-04-17 10:04:00,352
ORD18513,U553,R75,2026-04-17 10:46:00,491
ORD18514,U881,R155,2026-04-17 17:16:00,193
ORD18515,U211,R86,2026-04-17 17:54:00,645
ORD18516,U576,R107,2026-04-17 13:40:00,570
ORD18517,U927,R1,2026-04-17 14:34:00,789
ORD18518,U463,R95,2026-04-17 14:29:00,496
ORD18519,U881,R120,2026-04-17 18:40:00,749
ORD18520,U1000,R171,2026-04-17 14:46:00,743
ORD18521,U64,R188,2026-04-17 10:22:00,440
ORD18522,U915,R62,2026-04-17 18:52:00,408
ORD18523,U783,R36,2026-04-17 17:45:00,771
ORD18524,U61,R196,2026-04-17 17:33:00,566
ORD18525,U54,R186,2026-04-17 15:38:00,595
ORD18526,U526,R93,2026-04-17 11:42:00,594
ORD18527,U602,R105,2026-04-17 15:38:00,261
ORD18528,U175,R93,2026-04-17 13:13:00,275
ORD18529,U946,R116,2026-04-17 18:14:00,395
ORD18530,U856,R50,2026-04-17 11:54:00,547
ORD18531,U221,R185,2026-04-17 13:58:00,203
ORD18532,U128,R2,2026-04-17 18:37:00,559
ORD18533,U170,R119,2026-04-17 20:00:00,593
ORD18534,U534,R19,2026-04-17 18:56:00,157
ORD18535,U203,R19,2026-04-17 12:19:00,247
ORD18536,U495,R131,2026-04-17 17:57:00,665
ORD18537,U314,R87,2026-04-17 14:17:00,234
ORD18538,U645,R184,2026-04-17 15:14:00,319
ORD18539,U48,R37,2026-04-17 18:00:00,296
ORD18540,U668,R127,2026-04-17 16:48:00,555
ORD18541,U868,R153,2026-04-17 12:20:00,643
ORD18542,U520,R31,2026-04-17 19:02:00,747
ORD18543,U930,R18,2026-04-17 11:35:00,553
ORD18544,U680,R192,2026-04-17 17:27:00,395
ORD18545,U717,R24,2026-04-17 11:26:00,432
ORD18546,U483,R30,2026-04-17 13:05:00,374
ORD18547,U983,R135,2026-04-17 16:49:00,389
ORD18548,U921,R131,2026-04-17 13:06:00,482
ORD18549,U994,R48,2026-04-17 13:49:00,593
ORD18550,U334,R96,2026-04-17 12:56:00,162
ORD18551,U152,R72,2026-04-17 12:49:00,736
ORD18552,U534,R80,2026-04-17 11:11:00,492
ORD18553,U603,R93,2026-04-17 15:29:00,455
ORD18554,U796,R97,2026-04-17 19:07:00,211
ORD18555,U439,R63,2026-04-17 15:55:00,642
ORD18556,U518,R142,2026-04-17 17:43:00,359
ORD18557,U172,R104,2026-04-17 18:33:00,749
ORD18558,U160,R67,2026-04-17 12:35:00,659
ORD18559,U348,R168,2026-04-17 18:40:00,394
ORD18560,U729,R45,2026-04-17 16:24:00,159
ORD18561,U126,R36,2026-04-17 12:39:00,239
ORD18562,U494,R25,2026-04-17 12:16:00,497
ORD18563,U209,R50,2026-04-17 18:30:00,745
ORD18564,U453,R135,2026-04-17 14:00:00,732
ORD18565,U261,R62,2026-04-17 14:38:00,116
ORD18566,U381,R137,2026-04-17 13:03:00,728
ORD18567,U918,R125,2026-04-17 12:17:00,507
ORD18568,U274,R188,2026-04-17 11:53:00,202
ORD18569,U144,R156,2026-04-17 14:36:00,360
ORD18570,U71,R13,2026-04-17 13:34:00,564
ORD18571,U444,R1,2026-04-17 18:34:00,526
ORD18572,U561,R157,2026-04-17 13:09:00,230
ORD18573,U600,R86,2026-04-17 15:59:00,777
ORD18574,U158,R78,2026-04-17 18:32:00,774
ORD18575,U168,R169,2026-04-17 15:43:00,721
ORD18576,U680,R12,2026-04-17 13:54:00,159
ORD18577,U625,R113,2026-04-17 17:16:00,476
ORD18578,U328,R51,2026-04-17 10:14:00,231
ORD18579,U746,R185,2026-04-17 11:37:00,116
ORD18580,U370,R99,2026-04-17 15:46:00,513
ORD18581,U886,R114,2026-04-17 15:27:00,285
ORD18582,U31,R38,2026-04-17 15:27:00,734
ORD18583,U245,R59,2026-04-17 10:05:00,750
ORD18584,U518,R37,2026-04-17 17:40:00,751
ORD18585,U302,R69,2026-04-17 15:06:00,447
ORD18586,U740,R6,2026-04-17 10:15:00,700
ORD18587,U437,R150,2026-04-17 19:37:00,544
ORD18588,U834,R73,2026-04-17 15:22:00,799
ORD18589,U762,R3,2026-04-17 13:01:00,131
ORD18590,U13,R168,2026-04-17 19:43:00,118
ORD18591,U959,R2,2026-04-17 13:10:00,410
ORD18592,U905,R124,2026-04-17 17:53:00,439
ORD18593,U204,R152,2026-04-17 18:30:00,380
ORD18594,U806,R191,2026-04-17 18:28:00,667
ORD18595,U589,R22,2026-04-17 19:31:00,162
ORD18596,U682,R31,2026-04-17 15:40:00,589
ORD18597,U614,R184,2026-04-17 15:50:00,277
ORD18598,U492,R131,2026-04-17 14:26:00,246
ORD18599,U139,R140,2026-04-17 18:09:00,492
ORD18600,U545,R84,2026-04-17 12:04:00,292
ORD18601,U455,R98,2026-04-17 17:14:00,736
ORD18602,U748,R60,2026-04-17 17:40:00,529
ORD18603,U847,R59,2026-04-17 15:03:00,716
ORD18604,U879,R13,2026-04-17 16:44:00,307
ORD18605,U434,R38,2026-04-17 15:11:00,169
ORD18606,U249,R93,2026-04-17 11:51:00,748
ORD18607,U917,R191,2026-04-17 11:00:00,342
ORD18608,U863,R176,2026-04-17 16:07:00,158
ORD18609,U693,R78,2026-04-17 18:43:00,432
ORD18610,U93,R153,2026-04-17 16:28:00,589
ORD18611,U524,R95,2026-04-17 16:20:00,245
ORD18612,U560,R52,2026-04-17 18:52:00,324
ORD18613,U106,R115,2026-04-17 17:02:00,324
ORD18614,U403,R75,2026-04-17 13:57:00,780
ORD18615,U830,R182,2026-04-17 15:30:00,603
ORD18616,U47,R40,2026-04-17 11:40:00,366
ORD18617,U497,R56,2026-04-17 17:01:00,356
ORD18618,U610,R160,2026-04-17 12:07:00,792
ORD18619,U385,R28,2026-04-17 17:58:00,662
ORD18620,U730,R173,2026-04-17 12:28:00,545
ORD18621,U474,R8,2026-04-17 16:41:00,446
ORD18622,U801,R91,2026-04-17 14:26:00,406
ORD18623,U517,R96,2026-04-17 17:18:00,107
ORD18624,U992,R141,2026-04-17 18:26:00,385
ORD18625,U256,R64,2026-04-17 18:04:00,285
ORD18626,U319,R64,2026-04-17 14:17:00,216
ORD18627,U538,R76,2026-04-17 11:50:00,741
ORD18628,U547,R50,2026-04-17 15:12:00,568
ORD18629,U570,R103,2026-04-17 19:13:00,314
ORD18630,U784,R156,2026-04-17 18:23:00,254
ORD18631,U489,R20,2026-04-17 17:48:00,719
ORD18632,U201,R87,2026-04-17 10:41:00,667
ORD18633,U21,R11,2026-04-17 13:14:00,341
ORD18634,U565,R199,2026-04-17 17:45:00,596
ORD18635,U273,R172,2026-04-17 15:53:00,356
ORD18636,U133,R181,2026-04-17 17:00:00,622
ORD18637,U527,R123,2026-04-17 17:37:00,520
ORD18638,U815,R81,2026-04-17 14:04:00,340
ORD18639,U974,R187,2026-04-17 17:14:00,432
ORD18640,U810,R84,2026-04-17 16:37:00,601
ORD18641,U248,R183,2026-04-17 19:40:00,512
ORD18642,U429,R96,2026-04-17 16:13:00,552
ORD18643,U900,R90,2026-04-17 10:36:00,108
ORD18644,U159,R79,2026-04-17 11:27:00,410
ORD18645,U55,R156,2026-04-17 13:18:00,185
ORD18646,U419,R18,2026-04-17 18:32:00,611
ORD18647,U134,R119,2026-04-17 13:25:00,124
ORD18648,U768,R5,2026-04-17 12:48:00,583
ORD18649,U384,R190,2026-04-17 10:15:00,313
ORD18650,U242,R178,2026-04-17 18:01:00,646
ORD18651,U447,R109,2026-04-17 14:20:00,667
ORD18652,U902,R132,2026-04-17 14:29:00,736
ORD18653,U638,R48,2026-04-17 10:32:00,668
ORD18654,U179,R109,2026-04-17 12:44:00,446
ORD18655,U664,R120,2026-04-17 12:34:00,536
ORD18656,U276,R82,2026-04-17 11:30:00,243
ORD18657,U306,R12,2026-04-17 15:33:00,398
ORD18658,U947,R32,2026-04-17 17:30:00,102
ORD18659,U127,R60,2026-04-17 15:52:00,653
ORD18660,U766,R40,2026-04-17 10:31:00,496
ORD18661,U333,R156,2026-04-17 19:26:00,327
ORD18662,U490,R109,2026-04-17 13:49:00,440
ORD18663,U27,R160,2026-04-17 10:22:00,317
ORD18664,U39,R80,2026-04-17 15:13:00,539
ORD18665,U113,R155,2026-04-17 13:51:00,143
ORD18666,U225,R118,2026-04-17 18:14:00,358
ORD18667,U572,R11,2026-04-17 15:19:00,709
ORD18668,U33,R93,2026-04-17 13:10:00,580
ORD18669,U625,R20,2026-04-17 18:53:00,488
ORD18670,U72,R85,2026-04-17 12:55:00,357
ORD18671,U564,R115,2026-04-17 12:26:00,461
ORD18672,U479,R68,2026-04-17 10:38:00,503
ORD18673,U751,R112,2026-04-17 10:05:00,171
ORD18674,U210,R144,2026-04-17 10:49:00,137
ORD18675,U222,R186,2026-04-17 16:59:00,660
ORD18676,U454,R154,2026-04-17 11:58:00,623
ORD18677,U40,R96,2026-04-17 12:27:00,559
ORD18678,U187,R8,2026-04-17 17:28:00,612
ORD18679,U339,R63,2026-04-17 10:06:00,346
ORD18680,U473,R165,2026-04-17 13:40:00,550
ORD18681,U68,R98,2026-04-17 19:15:00,777
ORD18682,U846,R140,2026-04-17 17:12:00,499
ORD18683,U347,R93,2026-04-17 17:04:00,192
ORD18684,U785,R74,2026-04-17 16:32:00,185
ORD18685,U247,R20,2026-04-17 17:28:00,140
ORD18686,U725,R141,2026-04-17 12:47:00,784
ORD18687,U880,R98,2026-04-17 13:04:00,756
ORD18688,U484,R195,2026-04-17 13:07:00,202
ORD18689,U228,R61,2026-04-17 18:00:00,319
ORD18690,U681,R130,2026-04-17 12:49:00,394
ORD18691,U607,R87,2026-04-17 19:26:00,737
ORD18692,U966,R54,2026-04-17 19:22:00,602
ORD18693,U326,R180,2026-04-17 11:45:00,700
ORD18694,U55,R166,2026-04-17 10:22:00,327
ORD18695,U382,R180,2026-04-17 16:07:00,689
ORD18696,U216,R81,2026-04-17 19:55:00,645
ORD18697,U938,R114,2026-04-17 15:44:00,467
ORD18698,U593,R129,2026-04-17 13:02:00,492
ORD18699,U745,R155,2026-04-17 11:39:00,570
ORD18700,U669,R169,2026-04-17 14:20:00,640
ORD18701,U483,R180,2026-04-17 17:34:00,635
ORD18702,U113,R2,2026-04-17 19:32:00,790
ORD18703,U368,R150,2026-04-17 17:22:00,462
ORD18704,U395,R63,2026-04-17 19:31:00,484
ORD18705,U880,R93,2026-04-17 14:48:00,177
ORD18706,U111,R37,2026-04-17 18:02:00,317
ORD18707,U414,R185,2026-04-17 11:10:00,187
ORD18708,U206,R189,2026-04-17 14:21:00,533
ORD18709,U247,R5,2026-04-17 11:23:00,468
ORD18710,U73,R38,2026-04-17 10:24:00,478
ORD18711,U266,R61,2026-04-17 13:25:00,685
ORD18712,U453,R29,2026-04-17 14:51:00,225
ORD18713,U705,R126,2026-04-17 17:33:00,279
ORD18714,U285,R200,2026-04-17 14:01:00,772
ORD18715,U599,R153,2026-04-17 15:57:00,793
ORD18716,U366,R82,2026-04-17 18:25:00,404
ORD18717,U817,R82,2026-04-17 15:44:00,183
ORD18718,U834,R38,2026-04-17 12:43:00,195
ORD18719,U695,R167,2026-04-17 14:31:00,128
ORD18720,U2,R86,2026-04-17 11:27:00,599
ORD18721,U929,R59,2026-04-17 11:40:00,388
ORD18722,U451,R106,2026-04-17 13:32:00,767
ORD18723,U63,R27,2026-04-17 10:17:00,530
ORD18724,U12,R162,2026-04-17 14:29:00,307
ORD18725,U540,R99,2026-04-17 19:03:00,788
ORD18726,U88,R157,2026-04-17 10:21:00,166
ORD18727,U720,R91,2026-04-17 12:05:00,566
ORD18728,U359,R61,2026-04-17 18:52:00,624
ORD18729,U422,R8,2026-04-17 11:43:00,265
ORD18730,U307,R80,2026-04-17 19:50:00,389
ORD18731,U47,R27,2026-04-17 11:51:00,789
ORD18732,U116,R55,2026-04-17 15:53:00,287
ORD18733,U792,R199,2026-04-17 15:51:00,288
ORD18734,U913,R106,2026-04-17 17:02:00,512
ORD18735,U148,R108,2026-04-17 16:28:00,249
ORD18736,U605,R92,2026-04-17 17:32:00,574
ORD18737,U426,R195,2026-04-17 19:55:00,155
ORD18738,U521,R98,2026-04-17 10:36:00,288
ORD18739,U446,R137,2026-04-17 13:41:00,449
ORD18740,U413,R104,2026-04-17 15:40:00,231
ORD18741,U440,R17,2026-04-17 13:48:00,620
ORD18742,U198,R141,2026-04-17 18:31:00,442
ORD18743,U744,R199,2026-04-17 12:44:00,441
ORD18744,U21,R146,2026-04-17 19:48:00,127
ORD18745,U249,R82,2026-04-17 19:33:00,772
ORD18746,U293,R70,2026-04-17 10:16:00,710
ORD18747,U945,R48,2026-04-17 12:35:00,536
ORD18748,U16,R106,2026-04-17 17:36:00,744
ORD18749,U354,R44,2026-04-17 17:03:00,342
ORD18750,U964,R7,2026-04-17 12:17:00,302
ORD18751,U949,R137,2026-04-17 10:26:00,338
ORD18752,U785,R182,2026-04-17 11:35:00,401
ORD18753,U228,R71,2026-04-17 20:00:00,350
ORD18754,U124,R47,2026-04-17 19:59:00,540
ORD18755,U383,R147,2026-04-17 16:42:00,684
ORD18756,U725,R41,2026-04-17 11:11:00,518
ORD18757,U493,R125,2026-04-17 12:48:00,207
ORD18758,U843,R105,2026-04-17 19:41:00,400
ORD18759,U285,R13,2026-04-17 19:54:00,240
ORD18760,U969,R162,2026-04-17 18:29:00,677
ORD18761,U814,R60,2026-04-17 13:13:00,583
ORD18762,U994,R31,2026-04-17 19:01:00,271
ORD18763,U96,R189,2026-04-17 10:55:00,794
ORD18764,U250,R94,2026-04-17 19:19:00,202
ORD18765,U519,R149,2026-04-17 12:49:00,375
ORD18766,U118,R143,2026-04-17 11:34:00,756
ORD18767,U428,R28,2026-04-17 16:51:00,772
ORD18768,U927,R22,2026-04-17 16:00:00,252
ORD18769,U298,R65,2026-04-17 16:29:00,170
ORD18770,U875,R60,2026-04-17 10:16:00,457
ORD18771,U802,R162,2026-04-17 16:58:00,248
ORD18772,U110,R85,2026-04-17 17:47:00,495
ORD18773,U634,R107,2026-04-17 10:46:00,515
ORD18774,U955,R109,2026-04-17 10:47:00,645
ORD18775,U772,R59,2026-04-17 16:08:00,775
ORD18776,U930,R65,2026-04-17 17:58:00,571
ORD18777,U907,R167,2026-04-17 16:25:00,158
ORD18778,U136,R17,2026-04-17 11:58:00,334
ORD18779,U930,R161,2026-04-17 14:25:00,386
ORD18780,U146,R26,2026-04-17 17:37:00,709
ORD18781,U237,R200,2026-04-17 14:02:00,500
ORD18782,U654,R107,2026-04-17 18:54:00,708
ORD18783,U601,R151,2026-04-17 14:01:00,192
ORD18784,U596,R162,2026-04-17 19:23:00,753
ORD18785,U634,R94,2026-04-17 13:40:00,355
ORD18786,U1000,R105,2026-04-17 19:44:00,591
ORD18787,U30,R16,2026-04-17 12:19:00,410
ORD18788,U938,R21,2026-04-17 11:00:00,213
ORD18789,U175,R178,2026-04-17 14:03:00,598
ORD18790,U897,R137,2026-04-17 10:49:00,745
ORD18791,U810,R126,2026-04-17 10:13:00,721
ORD18792,U851,R107,2026-04-17 12:42:00,386
ORD18793,U493,R109,2026-04-17 19:30:00,114
ORD18794,U277,R177,2026-04-17 13:34:00,500
ORD18795,U964,R53,2026-04-17 19:55:00,345
ORD18796,U354,R120,2026-04-17 11:33:00,714
ORD18797,U635,R94,2026-04-17 14:53:00,712
ORD18798,U151,R179,2026-04-17 14:39:00,472
ORD18799,U429,R172,2026-04-17 17:04:00,612
ORD18800,U532,R161,2026-04-17 12:42:00,122
ORD18801,U690,R135,2026-04-17 17:55:00,798
ORD18802,U415,R41,2026-04-17 12:07:00,295
ORD18803,U229,R74,2026-04-17 15:33:00,581
ORD18804,U546,R85,2026-04-17 18:16:00,353
ORD18805,U941,R117,2026-04-17 10:43:00,151
ORD18806,U385,R168,2026-04-17 13:53:00,784
ORD18807,U786,R79,2026-04-17 18:04:00,714
ORD18808,U13,R142,2026-04-17 11:49:00,549
ORD18809,U637,R111,2026-04-17 12:10:00,431
ORD18810,U405,R119,2026-04-17 14:46:00,473
ORD18811,U420,R148,2026-04-17 18:19:00,214
ORD18812,U378,R16,2026-04-17 10:01:00,469
ORD18813,U852,R116,2026-04-17 13:28:00,715
ORD18814,U157,R127,2026-04-17 13:58:00,229
ORD18815,U574,R145,2026-04-17 19:15:00,322
ORD18816,U898,R113,2026-04-17 18:00:00,158
ORD18817,U787,R152,2026-04-17 16:15:00,448
ORD18818,U721,R141,2026-04-17 12:12:00,631
ORD18819,U20,R156,2026-04-17 18:24:00,293
ORD18820,U286,R143,2026-04-17 11:12:00,177
ORD18821,U956,R70,2026-04-17 18:08:00,471
ORD18822,U240,R88,2026-04-17 19:15:00,118
ORD18823,U233,R9,2026-04-17 18:48:00,551
ORD18824,U310,R108,2026-04-17 18:03:00,709
ORD18825,U897,R187,2026-04-17 18:56:00,609
ORD18826,U177,R105,2026-04-17 10:57:00,478
ORD18827,U6,R123,2026-04-17 11:00:00,773
ORD18828,U28,R82,2026-04-17 13:06:00,684
ORD18829,U753,R148,2026-04-17 16:42:00,505
ORD18830,U181,R19,2026-04-17 19:04:00,697
ORD18831,U748,R72,2026-04-17 13:35:00,480
ORD18832,U322,R191,2026-04-17 19:10:00,800
ORD18833,U490,R114,2026-04-17 12:13:00,321
ORD18834,U734,R70,2026-04-17 13:52:00,171
ORD18835,U358,R178,2026-04-17 12:31:00,754
ORD18836,U324,R17,2026-04-17 15:06:00,363
ORD18837,U511,R121,2026-04-17 12:30:00,618
ORD18838,U506,R131,2026-04-17 18:13:00,412
ORD18839,U537,R85,2026-04-17 19:07:00,376
ORD18840,U548,R32,2026-04-17 10:34:00,293
ORD18841,U344,R138,2026-04-17 15:58:00,169
ORD18842,U79,R173,2026-04-17 16:53:00,333
ORD18843,U764,R7,2026-04-17 18:59:00,199
ORD18844,U10,R165,2026-04-17 12:13:00,701
ORD18845,U975,R35,2026-04-17 14:11:00,637
ORD18846,U217,R177,2026-04-17 15:18:00,439
ORD18847,U98,R38,2026-04-17 15:52:00,557
ORD18848,U501,R136,2026-04-17 17:26:00,423
ORD18849,U38,R86,2026-04-17 13:01:00,638
ORD18850,U285,R72,2026-04-17 11:08:00,797
ORD18851,U993,R69,2026-04-17 14:02:00,459
ORD18852,U929,R121,2026-04-17 11:52:00,134
ORD18853,U624,R161,2026-04-17 16:19:00,537
ORD18854,U456,R141,2026-04-17 11:00:00,720
ORD18855,U905,R25,2026-04-17 16:12:00,437
ORD18856,U835,R160,2026-04-17 10:00:00,524
ORD18857,U557,R45,2026-04-17 16:59:00,704
ORD18858,U860,R192,2026-04-17 14:24:00,181
ORD18859,U586,R75,2026-04-17 19:14:00,796
ORD18860,U163,R30,2026-04-17 15:30:00,183
ORD18861,U547,R35,2026-04-17 16:51:00,512
ORD18862,U963,R33,2026-04-17 10:38:00,128
ORD18863,U720,R44,2026-04-17 13:29:00,213
ORD18864,U216,R177,2026-04-17 18:36:00,507
ORD18865,U830,R115,2026-04-17 15:47:00,533
ORD18866,U343,R96,2026-04-17 11:45:00,117
ORD18867,U481,R52,2026-04-17 19:28:00,106
ORD18868,U962,R46,2026-04-17 17:44:00,443
ORD18869,U106,R192,2026-04-17 16:40:00,724
ORD18870,U415,R119,2026-04-17 19:58:00,693
ORD18871,U850,R163,2026-04-17 13:44:00,302
ORD18872,U713,R34,2026-04-17 19:34:00,489
ORD18873,U751,R70,2026-04-17 11:34:00,596
ORD18874,U18,R56,2026-04-17 17:59:00,353
ORD18875,U912,R79,2026-04-17 14:34:00,156
ORD18876,U897,R191,2026-04-17 10:31:00,431
ORD18877,U300,R45,2026-04-17 11:07:00,685
ORD18878,U681,R103,2026-04-17 14:40:00,382
ORD18879,U866,R25,2026-04-17 15:39:00,686
ORD18880,U853,R24,2026-04-17 14:33:00,402
ORD18881,U531,R165,2026-04-17 12:24:00,375
ORD18882,U288,R112,2026-04-17 12:40:00,108
ORD18883,U766,R20,2026-04-17 17:19:00,560
ORD18884,U516,R41,2026-04-17 17:27:00,484
ORD18885,U787,R139,2026-04-17 11:18:00,472
ORD18886,U114,R35,2026-04-17 11:26:00,488
ORD18887,U130,R56,2026-04-17 15:44:00,518
ORD18888,U185,R97,2026-04-17 15:11:00,798
ORD18889,U926,R119,2026-04-17 11:03:00,221
ORD18890,U850,R182,2026-04-17 14:18:00,578
ORD18891,U251,R103,2026-04-17 16:57:00,580
ORD18892,U955,R107,2026-04-17 11:30:00,289
ORD18893,U671,R100,2026-04-17 11:00:00,770
ORD18894,U500,R198,2026-04-17 18:58:00,510
ORD18895,U9,R28,2026-04-17 13:01:00,462
ORD18896,U639,R79,2026-04-17 10:56:00,300
ORD18897,U871,R123,2026-04-17 19:00:00,264
ORD18898,U22,R130,2026-04-17 13:25:00,776
ORD18899,U329,R45,2026-04-17 12:17:00,749
ORD18900,U567,R146,2026-04-17 15:03:00,138
ORD18901,U810,R53,2026-04-17 10:44:00,517
ORD18902,U111,R33,2026-04-17 19:36:00,211
ORD18903,U181,R198,2026-04-17 12:07:00,225
ORD18904,U196,R145,2026-04-17 13:43:00,538
ORD18905,U219,R159,2026-04-17 11:47:00,397
ORD18906,U177,R125,2026-04-17 14:53:00,433
ORD18907,U927,R141,2026-04-17 10:06:00,297
ORD18908,U971,R72,2026-04-17 18:55:00,496
ORD18909,U805,R13,2026-04-17 11:43:00,129
ORD18910,U252,R73,2026-04-17 18:51:00,284
ORD18911,U568,R144,2026-04-17 19:52:00,136
ORD18912,U971,R86,2026-04-17 12:42:00,100
ORD18913,U948,R145,2026-04-17 12:33:00,743
ORD18914,U524,R137,2026-04-17 16:41:00,237
ORD18915,U217,R93,2026-04-17 11:03:00,446
ORD18916,U99,R117,2026-04-17 12:19:00,507
ORD18917,U924,R152,2026-04-17 11:48:00,324
ORD18918,U933,R29,2026-04-17 11:15:00,323
ORD18919,U718,R136,2026-04-17 17:47:00,622
ORD18920,U141,R172,2026-04-17 10:19:00,168
ORD18921,U479,R143,2026-04-17 18:57:00,508
ORD18922,U78,R35,2026-04-17 16:58:00,199
ORD18923,U943,R152,2026-04-17 19:25:00,450
ORD18924,U135,R199,2026-04-17 17:41:00,558
ORD18925,U236,R199,2026-04-17 15:15:00,708
ORD18926,U783,R140,2026-04-17 16:47:00,642
ORD18927,U707,R63,2026-04-17 11:54:00,141
ORD18928,U377,R144,2026-04-17 11:02:00,678
ORD18929,U733,R36,2026-04-17 14:05:00,574
ORD18930,U530,R160,2026-04-17 11:29:00,524
ORD18931,U392,R22,2026-04-17 10:03:00,369
ORD18932,U832,R27,2026-04-17 13:35:00,481
ORD18933,U996,R182,2026-04-17 13:53:00,230
ORD18934,U783,R175,2026-04-17 10:02:00,547
ORD18935,U97,R142,2026-04-17 16:18:00,656
ORD18936,U292,R9,2026-04-17 18:09:00,722
ORD18937,U510,R162,2026-04-17 14:23:00,609
ORD18938,U200,R174,2026-04-17 15:36:00,712
ORD18939,U990,R180,2026-04-17 10:57:00,691
ORD18940,U883,R90,2026-04-17 11:06:00,539
ORD18941,U628,R186,2026-04-17 19:23:00,708
ORD18942,U472,R23,2026-04-17 15:41:00,243
ORD18943,U838,R30,2026-04-17 10:15:00,713
ORD18944,U984,R67,2026-04-17 11:40:00,666
ORD18945,U108,R132,2026-04-17 19:59:00,260
ORD18946,U757,R111,2026-04-17 19:25:00,543
ORD18947,U817,R147,2026-04-17 16:22:00,677
ORD18948,U93,R16,2026-04-17 15:49:00,259
ORD18949,U669,R41,2026-04-17 10:20:00,239
ORD18950,U231,R134,2026-04-17 11:32:00,560
ORD18951,U471,R134,2026-04-17 10:46:00,117
ORD18952,U473,R189,2026-04-17 16:16:00,158
ORD18953,U546,R2,2026-04-17 11:45:00,518
ORD18954,U290,R96,2026-04-17 12:22:00,430
ORD18955,U491,R131,2026-04-17 13:54:00,143
ORD18956,U179,R57,2026-04-17 10:48:00,638
ORD18957,U293,R174,2026-04-17 15:05:00,627
ORD18958,U599,R152,2026-04-17 15:36:00,746
ORD18959,U358,R28,2026-04-17 19:36:00,681
ORD18960,U12,R156,2026-04-17 16:41:00,295
ORD18961,U130,R89,2026-04-17 19:27:00,217
ORD18962,U255,R37,2026-04-17 13:32:00,303
ORD18963,U301,R117,2026-04-17 16:29:00,342
ORD18964,U364,R158,2026-04-17 14:58:00,494
ORD18965,U771,R106,2026-04-17 12:41:00,244
ORD18966,U569,R74,2026-04-17 19:15:00,530
ORD18967,U472,R143,2026-04-17 15:54:00,281
ORD18968,U525,R174,2026-04-17 14:30:00,708
ORD18969,U965,R52,2026-04-17 15:41:00,588
ORD18970,U705,R4,2026-04-17 10:16:00,375
ORD18971,U553,R37,2026-04-17 18:51:00,402
ORD18972,U268,R80,2026-04-17 10:34:00,102
ORD18973,U877,R36,2026-04-17 13:11:00,511
ORD18974,U379,R176,2026-04-17 11:21:00,633
ORD18975,U349,R185,2026-04-17 19:16:00,688
ORD18976,U3,R174,2026-04-17 18:03:00,231
ORD18977,U85,R82,2026-04-17 15:50:00,526
ORD18978,U198,R108,2026-04-17 14:43:00,566
ORD18979,U302,R34,2026-04-17 17:59:00,233
ORD18980,U392,R159,2026-04-17 11:15:00,155
ORD18981,U931,R143,2026-04-17 10:18:00,547
ORD18982,U491,R20,2026-04-17 12:49:00,726
ORD18983,U367,R167,2026-04-17 19:17:00,383
ORD18984,U926,R106,2026-04-17 18:39:00,416
ORD18985,U173,R3,2026-04-17 12:20:00,211
ORD18986,U80,R146,2026-04-17 17:09:00,577
ORD18987,U479,R120,2026-04-17 11:12:00,427
ORD18988,U249,R180,2026-04-17 12:10:00,696
ORD18989,U359,R150,2026-04-17 15:20:00,294
ORD18990,U891,R100,2026-04-17 17:40:00,400
ORD18991,U575,R80,2026-04-17 19:40:00,677
ORD18992,U660,R165,2026-04-17 15:02:00,656
ORD18993,U614,R178,2026-04-17 12:07:00,689
ORD18994,U496,R135,2026-04-17 16:36:00,527
ORD18995,U462,R28,2026-04-17 15:04:00,782
ORD18996,U430,R167,2026-04-17 16:02:00,644
ORD18997,U230,R30,2026-04-17 19:03:00,257
ORD18998,U567,R130,2026-04-17 16:02:00,749
ORD18999,U20,R3,2026-04-17 12:26:00,729
ORD19000,U482,R75,2026-04-17 11:10:00,610
ORD19001,U965,R88,2026-04-17 17:58:00,768
ORD19002,U978,R46,2026-04-17 19:16:00,455
ORD19003,U555,R112,2026-04-17 17:54:00,523
ORD19004,U263,R28,2026-04-17 15:15:00,699
ORD19005,U982,R48,2026-04-17 19:08:00,494
ORD19006,U244,R120,2026-04-17 16:16:00,182
ORD19007,U412,R58,2026-04-17 11:30:00,763
ORD19008,U945,R96,2026-04-17 12:11:00,686
ORD19009,U831,R183,2026-04-17 18:24:00,598
ORD19010,U344,R106,2026-04-17 16:25:00,207
ORD19011,U207,R107,2026-04-17 11:06:00,231
ORD19012,U719,R103,2026-04-17 12:06:00,484
ORD19013,U183,R91,2026-04-17 10:02:00,798
ORD19014,U117,R75,2026-04-17 17:52:00,251
ORD19015,U110,R129,2026-04-17 14:55:00,406
ORD19016,U799,R124,2026-04-17 14:56:00,568
ORD19017,U253,R35,2026-04-17 14:55:00,490
ORD19018,U211,R156,2026-04-17 19:14:00,612
ORD19019,U443,R143,2026-04-17 15:43:00,473
ORD19020,U295,R32,2026-04-17 17:30:00,548
ORD19021,U667,R37,2026-04-17 12:18:00,520
ORD19022,U544,R24,2026-04-17 14:35:00,139
ORD19023,U63,R104,2026-04-17 18:27:00,437
ORD19024,U730,R166,2026-04-17 17:42:00,129
ORD19025,U955,R100,2026-04-17 11:52:00,319
ORD19026,U244,R173,2026-04-17 12:33:00,366
ORD19027,U858,R111,2026-04-17 12:19:00,625
ORD19028,U656,R158,2026-04-17 15:22:00,518
ORD19029,U283,R194,2026-04-17 13:34:00,262
ORD19030,U806,R198,2026-04-17 19:59:00,763
ORD19031,U947,R179,2026-04-17 16:46:00,768
ORD19032,U239,R81,2026-04-17 18:59:00,525
ORD19033,U441,R163,2026-04-17 12:10:00,102
ORD19034,U826,R143,2026-04-17 12:39:00,224
ORD19035,U100,R17,2026-04-17 16:58:00,544
ORD19036,U412,R180,2026-04-17 19:19:00,420
ORD19037,U941,R129,2026-04-17 16:52:00,107
ORD19038,U186,R59,2026-04-17 15:53:00,190
ORD19039,U151,R160,2026-04-17 19:07:00,723
ORD19040,U631,R155,2026-04-17 17:02:00,612
ORD19041,U238,R127,2026-04-17 19:25:00,241
ORD19042,U415,R17,2026-04-17 19:29:00,332
ORD19043,U164,R112,2026-04-17 12:20:00,686
ORD19044,U740,R2,2026-04-17 11:02:00,110
ORD19045,U367,R147,2026-04-17 18:31:00,785
ORD19046,U952,R85,2026-04-17 15:45:00,662
ORD19047,U956,R30,2026-04-17 13:09:00,214
ORD19048,U190,R138,2026-04-17 10:34:00,761
ORD19049,U243,R23,2026-04-17 12:56:00,104
ORD19050,U702,R74,2026-04-17 11:45:00,260
ORD19051,U762,R17,2026-04-17 17:56:00,146
ORD19052,U608,R24,2026-04-17 16:29:00,613
ORD19053,U393,R149,2026-04-17 19:46:00,357
ORD19054,U743,R133,2026-04-17 19:03:00,478
ORD19055,U752,R84,2026-04-17 19:04:00,303
ORD19056,U718,R169,2026-04-17 19:08:00,130
ORD19057,U75,R195,2026-04-17 17:54:00,158
ORD19058,U34,R32,2026-04-17 17:26:00,225
ORD19059,U742,R124,2026-04-17 19:32:00,169
ORD19060,U422,R106,2026-04-17 17:12:00,595
ORD19061,U932,R8,2026-04-17 16:28:00,588
ORD19062,U659,R47,2026-04-17 13:36:00,327
ORD19063,U657,R108,2026-04-17 12:42:00,732
ORD19064,U519,R154,2026-04-17 18:17:00,232
ORD19065,U361,R153,2026-04-17 11:43:00,186
ORD19066,U470,R20,2026-04-17 10:06:00,736
ORD19067,U612,R23,2026-04-17 12:21:00,149
ORD19068,U862,R109,2026-04-17 15:25:00,780
ORD19069,U613,R144,2026-04-17 19:32:00,783
ORD19070,U219,R58,2026-04-17 12:03:00,672
ORD19071,U884,R55,2026-04-17 14:03:00,177
ORD19072,U725,R25,2026-04-17 13:27:00,297
ORD19073,U620,R43,2026-04-17 16:41:00,710
ORD19074,U841,R81,2026-04-17 14:00:00,623
ORD19075,U985,R108,2026-04-17 17:15:00,528
ORD19076,U344,R121,2026-04-17 15:13:00,568
ORD19077,U907,R184,2026-04-17 14:48:00,378
ORD19078,U335,R88,2026-04-17 12:03:00,170
ORD19079,U182,R132,2026-04-17 11:39:00,651
ORD19080,U420,R51,2026-04-17 18:48:00,742
ORD19081,U940,R126,2026-04-17 10:19:00,260
ORD19082,U74,R71,2026-04-17 16:17:00,764
ORD19083,U169,R149,2026-04-17 10:47:00,159
ORD19084,U265,R53,2026-04-17 15:34:00,621
ORD19085,U83,R187,2026-04-17 12:23:00,105
ORD19086,U726,R16,2026-04-17 10:07:00,120
ORD19087,U375,R27,2026-04-17 13:51:00,386
ORD19088,U644,R25,2026-04-17 10:10:00,617
ORD19089,U176,R15,2026-04-17 19:34:00,206
ORD19090,U52,R61,2026-04-17 16:26:00,388
ORD19091,U489,R3,2026-04-17 12:04:00,201
ORD19092,U743,R68,2026-04-17 16:21:00,587
ORD19093,U32,R114,2026-04-17 18:52:00,353
ORD19094,U640,R49,2026-04-17 15:22:00,401
ORD19095,U104,R125,2026-04-17 19:47:00,490
ORD19096,U671,R123,2026-04-17 16:31:00,381
ORD19097,U167,R193,2026-04-17 12:22:00,561
ORD19098,U650,R200,2026-04-17 15:20:00,635
ORD19099,U131,R149,2026-04-17 11:41:00,199
ORD19100,U426,R110,2026-04-17 13:48:00,350
ORD19101,U697,R6,2026-04-17 12:29:00,105
ORD19102,U105,R114,2026-04-17 17:45:00,707
ORD19103,U853,R180,2026-04-17 18:02:00,330
ORD19104,U58,R81,2026-04-17 16:12:00,782
ORD19105,U201,R171,2026-04-17 19:00:00,205
ORD19106,U364,R36,2026-04-17 12:21:00,534
ORD19107,U903,R100,2026-04-17 19:13:00,267
ORD19108,U532,R32,2026-04-17 16:15:00,740
ORD19109,U3,R130,2026-04-17 17:25:00,577
ORD19110,U108,R38,2026-04-17 14:05:00,710
ORD19111,U662,R94,2026-04-17 17:48:00,353
ORD19112,U991,R71,2026-04-17 10:12:00,233
ORD19113,U545,R121,2026-04-17 17:56:00,734
ORD19114,U308,R54,2026-04-17 15:28:00,766
ORD19115,U37,R150,2026-04-17 14:52:00,160
ORD19116,U850,R80,2026-04-17 16:12:00,297
ORD19117,U265,R75,2026-04-17 10:54:00,333
ORD19118,U371,R115,2026-04-17 18:25:00,620
ORD19119,U815,R161,2026-04-17 18:17:00,114
ORD19120,U633,R116,2026-04-17 14:52:00,371
ORD19121,U53,R186,2026-04-17 19:37:00,308
ORD19122,U34,R85,2026-04-17 18:39:00,299
ORD19123,U63,R99,2026-04-17 15:16:00,689
ORD19124,U444,R140,2026-04-17 16:36:00,696
ORD19125,U523,R140,2026-04-17 11:22:00,410
ORD19126,U699,R184,2026-04-17 14:37:00,566
ORD19127,U140,R70,2026-04-17 12:45:00,536
ORD19128,U444,R60,2026-04-17 11:45:00,646
ORD19129,U547,R200,2026-04-17 11:02:00,211
ORD19130,U341,R18,2026-04-17 13:18:00,649
ORD19131,U338,R188,2026-04-17 16:03:00,468
ORD19132,U296,R95,2026-04-17 12:48:00,402
ORD19133,U226,R13,2026-04-17 16:33:00,753
ORD19134,U737,R92,2026-04-17 13:50:00,687
ORD19135,U768,R152,2026-04-17 19:53:00,378
ORD19136,U19,R84,2026-04-17 12:27:00,753
ORD19137,U95,R160,2026-04-17 12:04:00,399
ORD19138,U18,R176,2026-04-17 10:22:00,553
ORD19139,U705,R50,2026-04-17 15:40:00,528
ORD19140,U274,R144,2026-04-17 15:17:00,639
ORD19141,U503,R71,2026-04-17 15:10:00,454
ORD19142,U600,R141,2026-04-17 14:37:00,636
ORD19143,U619,R49,2026-04-17 12:23:00,112
ORD19144,U959,R193,2026-04-17 19:57:00,739
ORD19145,U763,R78,2026-04-17 17:42:00,374
ORD19146,U918,R11,2026-04-17 12:02:00,626
ORD19147,U6,R196,2026-04-17 15:10:00,657
ORD19148,U251,R45,2026-04-17 15:48:00,362
ORD19149,U905,R115,2026-04-17 17:20:00,158
ORD19150,U770,R125,2026-04-17 10:57:00,215
ORD19151,U425,R95,2026-04-17 17:19:00,126
ORD19152,U220,R58,2026-04-17 17:06:00,197
ORD19153,U138,R146,2026-04-17 18:11:00,486
ORD19154,U989,R63,2026-04-17 11:09:00,184
ORD19155,U497,R51,2026-04-17 18:54:00,241
ORD19156,U252,R151,2026-04-17 18:47:00,621
ORD19157,U762,R36,2026-04-17 14:41:00,780
ORD19158,U287,R109,2026-04-17 12:47:00,745
ORD19159,U773,R37,2026-04-17 11:16:00,548
ORD19160,U607,R69,2026-04-17 15:02:00,412
ORD19161,U153,R94,2026-04-17 12:23:00,654
ORD19162,U458,R103,2026-04-17 17:19:00,572
ORD19163,U549,R26,2026-04-17 19:07:00,737
ORD19164,U276,R20,2026-04-17 14:20:00,477
ORD19165,U644,R164,2026-04-17 14:10:00,547
ORD19166,U786,R61,2026-04-17 17:53:00,520
ORD19167,U595,R151,2026-04-17 17:22:00,381
ORD19168,U632,R125,2026-04-17 16:00:00,605
ORD19169,U848,R113,2026-04-17 11:55:00,657
ORD19170,U94,R25,2026-04-17 13:41:00,445
ORD19171,U701,R12,2026-04-17 12:43:00,404
ORD19172,U396,R133,2026-04-17 17:28:00,532
ORD19173,U671,R16,2026-04-17 12:12:00,361
ORD19174,U783,R99,2026-04-17 16:57:00,425
ORD19175,U203,R170,2026-04-17 16:34:00,523
ORD19176,U547,R155,2026-04-17 12:33:00,261
ORD19177,U254,R25,2026-04-17 16:11:00,418
ORD19178,U930,R103,2026-04-17 18:08:00,555
ORD19179,U966,R105,2026-04-17 12:45:00,197
ORD19180,U970,R103,2026-04-17 17:55:00,343
ORD19181,U33,R17,2026-04-17 11:54:00,155
ORD19182,U599,R42,2026-04-17 12:49:00,755
ORD19183,U797,R108,2026-04-17 15:04:00,712
ORD19184,U779,R50,2026-04-17 13:08:00,691
ORD19185,U958,R6,2026-04-17 10:48:00,442
ORD19186,U667,R114,2026-04-17 18:14:00,180
ORD19187,U244,R178,2026-04-17 11:35:00,189
ORD19188,U595,R79,2026-04-17 13:08:00,583
ORD19189,U341,R41,2026-04-17 17:26:00,582
ORD19190,U813,R96,2026-04-17 15:14:00,616
ORD19191,U362,R14,2026-04-17 19:23:00,508
ORD19192,U563,R32,2026-04-17 18:42:00,564
ORD19193,U327,R102,2026-04-17 11:03:00,303
ORD19194,U998,R186,2026-04-17 11:35:00,213
ORD19195,U88,R75,2026-04-17 11:13:00,515
ORD19196,U349,R12,2026-04-17 14:06:00,615
ORD19197,U83,R83,2026-04-17 15:59:00,107
ORD19198,U468,R94,2026-04-17 19:54:00,769
ORD19199,U37,R71,2026-04-17 12:01:00,519
ORD19200,U726,R102,2026-04-17 18:13:00,149
ORD19201,U251,R88,2026-04-17 14:10:00,227
ORD19202,U375,R45,2026-04-17 18:34:00,563
ORD19203,U94,R29,2026-04-17 18:48:00,197
ORD19204,U945,R90,2026-04-17 15:13:00,427
ORD19205,U370,R88,2026-04-17 14:14:00,526
ORD19206,U403,R144,2026-04-17 17:45:00,234
ORD19207,U403,R73,2026-04-17 17:26:00,523
ORD19208,U905,R169,2026-04-17 13:19:00,344
ORD19209,U764,R176,2026-04-17 11:18:00,717
ORD19210,U907,R182,2026-04-17 16:13:00,409
ORD19211,U580,R62,2026-04-17 17:16:00,541
ORD19212,U343,R1,2026-04-17 19:20:00,133
ORD19213,U709,R88,2026-04-17 14:34:00,627
ORD19214,U183,R71,2026-04-17 16:32:00,379
ORD19215,U602,R19,2026-04-17 11:32:00,600
ORD19216,U214,R127,2026-04-17 13:38:00,589
ORD19217,U850,R196,2026-04-17 15:47:00,551
ORD19218,U888,R140,2026-04-17 15:16:00,494
ORD19219,U5,R26,2026-04-17 16:01:00,267
ORD19220,U904,R139,2026-04-17 10:13:00,735
ORD19221,U25,R113,2026-04-17 13:13:00,430
ORD19222,U771,R102,2026-04-17 13:54:00,764
ORD19223,U169,R134,2026-04-17 11:01:00,334
ORD19224,U173,R53,2026-04-17 12:38:00,127
ORD19225,U642,R106,2026-04-17 13:20:00,564
ORD19226,U545,R73,2026-04-17 16:02:00,630
ORD19227,U201,R197,2026-04-17 13:45:00,167
ORD19228,U185,R87,2026-04-17 17:12:00,228
ORD19229,U850,R49,2026-04-17 19:49:00,557
ORD19230,U473,R74,2026-04-17 10:15:00,229
ORD19231,U961,R140,2026-04-17 19:17:00,692
ORD19232,U37,R187,2026-04-17 12:31:00,503
ORD19233,U24,R155,2026-04-17 11:50:00,607
ORD19234,U579,R51,2026-04-17 19:36:00,535
ORD19235,U615,R48,2026-04-17 16:57:00,378
ORD19236,U678,R145,2026-04-17 10:15:00,711
ORD19237,U225,R146,2026-04-17 19:05:00,168
ORD19238,U308,R56,2026-04-17 18:56:00,550
ORD19239,U367,R7,2026-04-17 15:30:00,212
ORD19240,U899,R59,2026-04-17 16:52:00,682
ORD19241,U830,R132,2026-04-17 11:00:00,672
ORD19242,U296,R87,2026-04-17 16:41:00,142
ORD19243,U765,R23,2026-04-17 10:12:00,403
ORD19244,U895,R120,2026-04-17 18:46:00,166
ORD19245,U549,R173,2026-04-17 19:59:00,273
ORD19246,U877,R27,2026-04-17 15:34:00,428
ORD19247,U259,R14,2026-04-17 16:59:00,507
ORD19248,U977,R27,2026-04-17 19:52:00,770
ORD19249,U355,R103,2026-04-17 13:39:00,449
ORD19250,U651,R145,2026-04-17 17:03:00,114
ORD19251,U931,R162,2026-04-17 10:40:00,110
ORD19252,U888,R159,2026-04-17 12:18:00,185
ORD19253,U802,R121,2026-04-17 19:31:00,455
ORD19254,U108,R159,2026-04-17 10:30:00,111
ORD19255,U68,R140,2026-04-17 15:25:00,457
ORD19256,U140,R66,2026-04-17 14:23:00,547
ORD19257,U784,R62,2026-04-17 10:16:00,352
ORD19258,U87,R34,2026-04-17 19:46:00,175
ORD19259,U810,R178,2026-04-17 11:26:00,627
ORD19260,U717,R74,2026-04-17 10:56:00,644
ORD19261,U478,R180,2026-04-17 17:25:00,378
ORD19262,U412,R144,2026-04-17 16:49:00,410
ORD19263,U504,R189,2026-04-17 18:22:00,762
ORD19264,U94,R109,2026-04-17 19:40:00,212
ORD19265,U139,R113,2026-04-17 10:37:00,779
ORD19266,U86,R1,2026-04-17 10:58:00,210
ORD19267,U274,R183,2026-04-17 19:05:00,253
ORD19268,U642,R92,2026-04-17 14:59:00,530
ORD19269,U977,R71,2026-04-17 15:53:00,224
ORD19270,U867,R121,2026-04-17 18:43:00,311
ORD19271,U39,R114,2026-04-17 12:31:00,454
ORD19272,U617,R95,2026-04-17 13:31:00,425
ORD19273,U199,R187,2026-04-17 19:51:00,305
ORD19274,U443,R106,2026-04-17 19:52:00,494
ORD19275,U744,R115,2026-04-17 10:40:00,708
ORD19276,U776,R109,2026-04-17 17:21:00,647
ORD19277,U230,R103,2026-04-17 10:36:00,369
ORD19278,U806,R128,2026-04-17 10:41:00,274
ORD19279,U405,R105,2026-04-17 13:36:00,427
ORD19280,U798,R143,2026-04-17 18:25:00,775
ORD19281,U603,R79,2026-04-17 18:25:00,737
ORD19282,U725,R13,2026-04-17 11:35:00,759
ORD19283,U180,R90,2026-04-17 11:43:00,785
ORD19284,U629,R26,2026-04-17 17:21:00,752
ORD19285,U265,R73,2026-04-17 17:52:00,490
ORD19286,U290,R178,2026-04-17 18:17:00,213
ORD19287,U861,R27,2026-04-17 18:24:00,631
ORD19288,U700,R47,2026-04-17 11:08:00,571
ORD19289,U787,R154,2026-04-17 15:54:00,702
ORD19290,U859,R25,2026-04-17 17:38:00,776
ORD19291,U534,R178,2026-04-17 13:07:00,151
ORD19292,U830,R102,2026-04-17 12:37:00,157
ORD19293,U868,R63,2026-04-17 18:02:00,732
ORD19294,U261,R112,2026-04-17 19:03:00,107
ORD19295,U295,R47,2026-04-17 11:58:00,682
ORD19296,U229,R22,2026-04-17 11:40:00,315
ORD19297,U795,R51,2026-04-17 17:48:00,253
ORD19298,U985,R178,2026-04-17 10:16:00,130
ORD19299,U810,R103,2026-04-17 13:11:00,371
ORD19300,U14,R173,2026-04-17 10:04:00,309
ORD19301,U537,R48,2026-04-17 17:22:00,260
ORD19302,U902,R66,2026-04-17 19:44:00,354
ORD19303,U49,R196,2026-04-17 12:20:00,314
ORD19304,U291,R116,2026-04-17 12:12:00,565
ORD19305,U715,R96,2026-04-17 12:13:00,195
ORD19306,U51,R121,2026-04-17 13:35:00,331
ORD19307,U8,R28,2026-04-17 14:22:00,585
ORD19308,U102,R169,2026-04-17 13:36:00,738
ORD19309,U806,R24,2026-04-17 14:39:00,435
ORD19310,U852,R84,2026-04-17 19:47:00,727
ORD19311,U831,R126,2026-04-17 15:49:00,346
ORD19312,U432,R138,2026-04-17 12:28:00,224
ORD19313,U275,R168,2026-04-17 13:06:00,652
ORD19314,U83,R6,2026-04-17 19:42:00,705
ORD19315,U311,R100,2026-04-17 15:05:00,518
ORD19316,U25,R88,2026-04-17 13:40:00,151
ORD19317,U316,R40,2026-04-17 15:15:00,541
ORD19318,U335,R189,2026-04-17 12:35:00,373
ORD19319,U470,R24,2026-04-17 17:16:00,348
ORD19320,U719,R138,2026-04-17 15:25:00,326
ORD19321,U608,R93,2026-04-17 12:52:00,236
ORD19322,U423,R100,2026-04-17 14:29:00,326
ORD19323,U960,R69,2026-04-17 11:41:00,588
ORD19324,U66,R64,2026-04-17 10:35:00,511
ORD19325,U687,R68,2026-04-17 18:11:00,671
ORD19326,U857,R141,2026-04-17 12:39:00,631
ORD19327,U615,R151,2026-04-17 17:53:00,369
ORD19328,U408,R14,2026-04-17 18:19:00,730
ORD19329,U565,R6,2026-04-17 11:21:00,353
ORD19330,U181,R146,2026-04-17 13:03:00,679
ORD19331,U732,R39,2026-04-17 17:24:00,415
ORD19332,U574,R1,2026-04-17 10:13:00,657
ORD19333,U143,R16,2026-04-17 16:20:00,373
ORD19334,U3,R84,2026-04-17 17:18:00,785
ORD19335,U702,R173,2026-04-17 10:54:00,271
ORD19336,U116,R173,2026-04-17 14:49:00,388
ORD19337,U488,R182,2026-04-17 10:54:00,714
ORD19338,U853,R145,2026-04-17 12:59:00,726
ORD19339,U13,R23,2026-04-17 10:04:00,148
ORD19340,U950,R141,2026-04-17 12:46:00,601
ORD19341,U890,R6,2026-04-17 16:39:00,787
ORD19342,U792,R133,2026-04-17 10:03:00,332
ORD19343,U145,R157,2026-04-17 19:42:00,274
ORD19344,U350,R19,2026-04-17 18:56:00,525
ORD19345,U979,R43,2026-04-17 17:07:00,500
ORD19346,U868,R47,2026-04-17 18:04:00,241
ORD19347,U245,R67,2026-04-17 14:32:00,207
ORD19348,U360,R148,2026-04-17 15:15:00,208
ORD19349,U564,R129,2026-04-17 19:39:00,329
ORD19350,U383,R46,2026-04-17 10:34:00,612
ORD19351,U16,R113,2026-04-17 19:53:00,709
ORD19352,U195,R98,2026-04-17 12:08:00,426
ORD19353,U832,R147,2026-04-17 11:41:00,492
ORD19354,U449,R58,2026-04-17 18:54:00,203
ORD19355,U777,R113,2026-04-17 11:10:00,479
ORD19356,U162,R173,2026-04-17 13:24:00,488
ORD19357,U799,R82,2026-04-17 16:28:00,538
ORD19358,U644,R52,2026-04-17 11:14:00,380
ORD19359,U63,R69,2026-04-17 15:25:00,338
ORD19360,U626,R98,2026-04-17 13:13:00,765
ORD19361,U450,R93,2026-04-17 13:27:00,371
ORD19362,U572,R96,2026-04-17 14:59:00,614
ORD19363,U971,R105,2026-04-17 19:38:00,466
ORD19364,U372,R148,2026-04-17 12:09:00,585
ORD19365,U548,R196,2026-04-17 17:49:00,607
ORD19366,U309,R28,2026-04-17 16:58:00,277
ORD19367,U987,R156,2026-04-17 11:14:00,238
ORD19368,U739,R50,2026-04-17 14:10:00,378
ORD19369,U693,R34,2026-04-17 10:24:00,346
ORD19370,U906,R157,2026-04-17 19:30:00,758
ORD19371,U557,R21,2026-04-17 19:24:00,237
ORD19372,U90,R159,2026-04-17 12:45:00,316
ORD19373,U306,R40,2026-04-17 13:00:00,205
ORD19374,U562,R44,2026-04-17 12:03:00,314
ORD19375,U886,R121,2026-04-17 18:02:00,288
ORD19376,U184,R10,2026-04-17 12:15:00,580
ORD19377,U628,R159,2026-04-17 19:11:00,280
ORD19378,U84,R37,2026-04-17 15:47:00,557
ORD19379,U43,R26,2026-04-17 13:12:00,130
ORD19380,U373,R168,2026-04-17 14:35:00,459
ORD19381,U155,R1,2026-04-17 14:36:00,468
ORD19382,U84,R92,2026-04-17 16:48:00,684
ORD19383,U52,R134,2026-04-17 19:22:00,419
ORD19384,U100,R128,2026-04-17 16:33:00,473
ORD19385,U790,R57,2026-04-17 11:44:00,377
ORD19386,U124,R80,2026-04-17 15:56:00,332
ORD19387,U919,R48,2026-04-17 18:45:00,143
ORD19388,U870,R130,2026-04-17 14:39:00,589
ORD19389,U454,R132,2026-04-17 13:12:00,415
ORD19390,U971,R80,2026-04-17 13:17:00,788
ORD19391,U609,R15,2026-04-17 15:13:00,759
ORD19392,U727,R111,2026-04-17 18:17:00,667
ORD19393,U221,R116,2026-04-17 14:03:00,412
ORD19394,U363,R99,2026-04-17 16:43:00,490
ORD19395,U628,R167,2026-04-17 14:57:00,297
ORD19396,U528,R8,2026-04-17 16:22:00,575
ORD19397,U4,R136,2026-04-17 18:58:00,584
ORD19398,U976,R179,2026-04-17 14:49:00,687
ORD19399,U673,R43,2026-04-17 19:22:00,776
ORD19400,U298,R78,2026-04-17 19:29:00,462
ORD19401,U277,R126,2026-04-17 10:52:00,293
ORD19402,U874,R73,2026-04-17 10:09:00,344
ORD19403,U53,R22,2026-04-17 13:54:00,507
ORD19404,U676,R94,2026-04-17 18:34:00,152
ORD19405,U127,R150,2026-04-17 14:54:00,525
ORD19406,U344,R40,2026-04-17 13:58:00,324
ORD19407,U545,R89,2026-04-17 10:19:00,135
ORD19408,U492,R194,2026-04-17 15:02:00,422
ORD19409,U116,R19,2026-04-17 11:16:00,520
ORD19410,U105,R163,2026-04-17 17:37:00,345
ORD19411,U235,R5,2026-04-17 15:00:00,789
ORD19412,U232,R152,2026-04-17 18:53:00,154
ORD19413,U831,R27,2026-04-17 14:04:00,774
ORD19414,U374,R196,2026-04-17 13:49:00,463
ORD19415,U43,R158,2026-04-17 11:21:00,238
ORD19416,U664,R35,2026-04-17 17:54:00,667
ORD19417,U855,R111,2026-04-17 12:56:00,110
ORD19418,U415,R95,2026-04-17 16:28:00,467
ORD19419,U143,R10,2026-04-17 19:09:00,720
ORD19420,U262,R98,2026-04-17 16:53:00,532
ORD19421,U607,R61,2026-04-17 15:36:00,264
ORD19422,U712,R25,2026-04-17 18:35:00,468
ORD19423,U795,R101,2026-04-17 19:04:00,391
ORD19424,U904,R72,2026-04-17 19:02:00,263
ORD19425,U529,R121,2026-04-17 16:44:00,707
ORD19426,U757,R20,2026-04-17 16:35:00,457
ORD19427,U362,R144,2026-04-17 18:20:00,790
ORD19428,U141,R65,2026-04-17 18:50:00,749
ORD19429,U997,R174,2026-04-17 18:11:00,626
ORD19430,U562,R137,2026-04-17 18:57:00,314
ORD19431,U106,R29,2026-04-17 15:54:00,679
ORD19432,U19,R39,2026-04-17 11:21:00,115
ORD19433,U476,R31,2026-04-17 11:11:00,243
ORD19434,U45,R40,2026-04-17 17:59:00,204
ORD19435,U366,R24,2026-04-17 12:46:00,462
ORD19436,U662,R70,2026-04-17 17:26:00,778
ORD19437,U429,R77,2026-04-17 19:54:00,172
ORD19438,U514,R146,2026-04-17 17:27:00,687
ORD19439,U112,R180,2026-04-17 18:38:00,704
ORD19440,U797,R112,2026-04-17 17:00:00,371
ORD19441,U643,R45,2026-04-17 18:39:00,347
ORD19442,U591,R60,2026-04-17 11:37:00,171
ORD19443,U244,R43,2026-04-17 10:08:00,651
ORD19444,U621,R168,2026-04-17 10:54:00,666
ORD19445,U88,R95,2026-04-17 11:55:00,341
ORD19446,U471,R69,2026-04-17 17:29:00,746
ORD19447,U951,R143,2026-04-17 14:13:00,385
ORD19448,U121,R4,2026-04-17 15:57:00,734
ORD19449,U111,R32,2026-04-17 16:04:00,661
ORD19450,U581,R114,2026-04-17 14:33:00,211
ORD19451,U585,R125,2026-04-17 13:15:00,759
ORD19452,U282,R187,2026-04-17 11:13:00,260
ORD19453,U544,R130,2026-04-17 12:21:00,622
ORD19454,U694,R137,2026-04-17 17:00:00,657
ORD19455,U813,R129,2026-04-17 13:19:00,678
ORD19456,U159,R54,2026-04-17 18:14:00,311
ORD19457,U820,R17,2026-04-17 16:15:00,558
ORD19458,U752,R148,2026-04-17 13:03:00,579
ORD19459,U753,R167,2026-04-17 12:04:00,531
ORD19460,U114,R149,2026-04-17 14:56:00,379
ORD19461,U74,R72,2026-04-17 13:39:00,793
ORD19462,U569,R50,2026-04-17 10:00:00,736
ORD19463,U747,R190,2026-04-17 13:58:00,123
ORD19464,U248,R156,2026-04-17 19:49:00,486
ORD19465,U835,R164,2026-04-17 14:34:00,525
ORD19466,U288,R71,2026-04-17 15:06:00,435
ORD19467,U247,R94,2026-04-17 13:53:00,465
ORD19468,U935,R148,2026-04-17 12:35:00,313
ORD19469,U683,R142,2026-04-17 19:38:00,571
ORD19470,U981,R24,2026-04-17 15:44:00,202
ORD19471,U972,R180,2026-04-17 12:59:00,768
ORD19472,U606,R14,2026-04-17 16:18:00,112
ORD19473,U358,R40,2026-04-17 12:07:00,505
ORD19474,U466,R99,2026-04-17 16:19:00,419
ORD19475,U824,R122,2026-04-17 14:43:00,277
ORD19476,U659,R39,2026-04-17 18:13:00,102
ORD19477,U23,R171,2026-04-17 16:01:00,271
ORD19478,U798,R117,2026-04-17 15:23:00,380
ORD19479,U485,R125,2026-04-17 12:32:00,273
ORD19480,U891,R18,2026-04-17 15:34:00,468
ORD19481,U758,R79,2026-04-17 17:34:00,425
ORD19482,U534,R43,2026-04-17 16:35:00,404
ORD19483,U665,R133,2026-04-17 17:03:00,652
ORD19484,U360,R68,2026-04-17 13:54:00,452
ORD19485,U11,R140,2026-04-17 11:27:00,729
ORD19486,U602,R179,2026-04-17 15:49:00,534
ORD19487,U248,R172,2026-04-17 11:55:00,362
ORD19488,U772,R139,2026-04-17 13:49:00,125
ORD19489,U267,R63,2026-04-17 12:59:00,174
ORD19490,U514,R150,2026-04-17 14:48:00,685
ORD19491,U577,R156,2026-04-17 13:22:00,363
ORD19492,U766,R86,2026-04-17 15:25:00,286
ORD19493,U789,R121,2026-04-17 13:06:00,288
ORD19494,U867,R100,2026-04-17 12:08:00,111
ORD19495,U321,R159,2026-04-17 13:29:00,384
ORD19496,U249,R33,2026-04-17 16:02:00,800
ORD19497,U319,R166,2026-04-17 14:46:00,345
ORD19498,U889,R124,2026-04-17 16:47:00,236
ORD19499,U326,R3,2026-04-17 14:57:00,253
ORD19500,U902,R133,2026-04-17 11:21:00,429
ORD19501,U222,R108,2026-04-17 12:35:00,536
ORD19502,U537,R42,2026-04-17 16:21:00,231
ORD19503,U897,R57,2026-04-17 18:30:00,383
ORD19504,U613,R58,2026-04-17 18:00:00,140
ORD19505,U24,R101,2026-04-17 11:27:00,375
ORD19506,U227,R121,2026-04-17 11:51:00,769
ORD19507,U51,R26,2026-04-17 11:55:00,661
ORD19508,U440,R148,2026-04-17 11:50:00,346
ORD19509,U304,R23,2026-04-17 17:12:00,121
ORD19510,U633,R24,2026-04-17 18:04:00,680
ORD19511,U48,R199,2026-04-17 12:39:00,116
ORD19512,U85,R47,2026-04-17 18:04:00,134
ORD19513,U176,R171,2026-04-17 16:52:00,750
ORD19514,U16,R71,2026-04-17 15:01:00,235
ORD19515,U67,R76,2026-04-17 16:40:00,417
ORD19516,U408,R59,2026-04-17 11:14:00,778
ORD19517,U370,R126,2026-04-17 13:06:00,747
ORD19518,U981,R80,2026-04-17 17:47:00,559
ORD19519,U793,R122,2026-04-17 12:37:00,737
ORD19520,U710,R61,2026-04-17 17:25:00,468
ORD19521,U904,R38,2026-04-17 10:05:00,215
ORD19522,U66,R187,2026-04-17 16:18:00,460
ORD19523,U764,R151,2026-04-17 11:54:00,526
ORD19524,U613,R165,2026-04-17 12:48:00,219
ORD19525,U247,R170,2026-04-17 19:00:00,176
ORD19526,U575,R150,2026-04-17 12:10:00,636
ORD19527,U764,R146,2026-04-17 19:51:00,558
ORD19528,U356,R139,2026-04-17 13:55:00,312
ORD19529,U117,R34,2026-04-17 17:05:00,758
ORD19530,U254,R55,2026-04-17 16:34:00,349
ORD19531,U588,R113,2026-04-17 15:48:00,793
ORD19532,U991,R132,2026-04-17 15:28:00,742
ORD19533,U672,R94,2026-04-17 11:47:00,513
ORD19534,U714,R13,2026-04-17 11:49:00,187
ORD19535,U473,R40,2026-04-17 19:28:00,143
ORD19536,U68,R187,2026-04-17 11:02:00,182
ORD19537,U691,R154,2026-04-17 17:32:00,432
ORD19538,U71,R158,2026-04-17 12:23:00,732
ORD19539,U12,R156,2026-04-17 16:04:00,383
ORD19540,U228,R94,2026-04-17 14:18:00,282
ORD19541,U476,R77,2026-04-17 18:16:00,330
ORD19542,U361,R46,2026-04-17 12:34:00,581
ORD19543,U862,R13,2026-04-17 18:48:00,461
ORD19544,U441,R197,2026-04-17 11:18:00,531
ORD19545,U360,R181,2026-04-17 18:49:00,796
ORD19546,U903,R94,2026-04-17 17:03:00,434
ORD19547,U415,R134,2026-04-17 15:28:00,402
ORD19548,U346,R93,2026-04-17 15:51:00,511
ORD19549,U938,R154,2026-04-17 19:08:00,298
ORD19550,U141,R37,2026-04-17 16:23:00,233
ORD19551,U765,R99,2026-04-17 14:36:00,684
ORD19552,U844,R126,2026-04-17 14:40:00,191
ORD19553,U4,R112,2026-04-17 14:32:00,776
ORD19554,U389,R41,2026-04-17 14:32:00,236
ORD19555,U724,R116,2026-04-17 19:24:00,691
ORD19556,U366,R157,2026-04-17 16:05:00,534
ORD19557,U375,R137,2026-04-17 15:52:00,568
ORD19558,U79,R174,2026-04-17 11:43:00,442
ORD19559,U820,R192,2026-04-17 16:50:00,512
ORD19560,U616,R168,2026-04-17 13:53:00,570
ORD19561,U856,R69,2026-04-17 19:24:00,232
ORD19562,U70,R113,2026-04-17 12:16:00,105
ORD19563,U774,R71,2026-04-17 13:14:00,139
ORD19564,U145,R195,2026-04-17 10:41:00,362
ORD19565,U640,R152,2026-04-17 18:53:00,344
ORD19566,U63,R195,2026-04-17 17:14:00,762
ORD19567,U835,R134,2026-04-17 12:25:00,446
ORD19568,U800,R101,2026-04-17 14:29:00,653
ORD19569,U245,R140,2026-04-17 18:41:00,781
ORD19570,U195,R160,2026-04-17 16:12:00,238
ORD19571,U376,R73,2026-04-17 13:10:00,617
ORD19572,U885,R152,2026-04-17 11:22:00,714
ORD19573,U927,R149,2026-04-17 14:08:00,166
ORD19574,U175,R88,2026-04-17 18:34:00,317
ORD19575,U819,R193,2026-04-17 11:17:00,273
ORD19576,U304,R89,2026-04-17 12:39:00,726
ORD19577,U137,R132,2026-04-17 11:22:00,357
ORD19578,U152,R88,2026-04-17 14:44:00,377
ORD19579,U795,R24,2026-04-17 19:33:00,391
ORD19580,U780,R147,2026-04-17 13:35:00,311
ORD19581,U947,R156,2026-04-17 14:09:00,566
ORD19582,U718,R122,2026-04-17 17:12:00,380
ORD19583,U867,R182,2026-04-17 16:45:00,694
ORD19584,U953,R12,2026-04-17 11:58:00,212
ORD19585,U935,R42,2026-04-17 13:50:00,383
ORD19586,U760,R61,2026-04-17 14:50:00,550
ORD19587,U428,R2,2026-04-17 17:23:00,252
ORD19588,U586,R48,2026-04-17 15:30:00,227
ORD19589,U214,R4,2026-04-17 19:31:00,794
ORD19590,U282,R136,2026-04-17 19:43:00,336
ORD19591,U912,R28,2026-04-17 16:05:00,757
ORD19592,U767,R27,2026-04-17 16:04:00,678
ORD19593,U674,R95,2026-04-17 11:28:00,367
ORD19594,U90,R195,2026-04-17 11:29:00,708
ORD19595,U318,R151,2026-04-17 13:22:00,314
ORD19596,U594,R33,2026-04-17 19:04:00,391
ORD19597,U853,R136,2026-04-17 10:03:00,727
ORD19598,U617,R27,2026-04-17 14:51:00,574
ORD19599,U549,R151,2026-04-17 18:30:00,226
ORD19600,U342,R188,2026-04-17 10:09:00,121
ORD19601,U412,R64,2026-04-17 15:18:00,159
ORD19602,U435,R165,2026-04-17 10:36:00,344
ORD19603,U523,R15,2026-04-17 16:15:00,251
ORD19604,U574,R91,2026-04-17 10:05:00,156
ORD19605,U120,R108,2026-04-17 17:57:00,610
ORD19606,U360,R186,2026-04-17 19:15:00,504
ORD19607,U719,R94,2026-04-17 11:36:00,725
ORD19608,U147,R192,2026-04-17 18:04:00,710
ORD19609,U376,R116,2026-04-17 12:06:00,184
ORD19610,U204,R136,2026-04-17 14:39:00,184
ORD19611,U781,R53,2026-04-17 13:22:00,645
ORD19612,U107,R175,2026-04-17 14:43:00,655
ORD19613,U776,R154,2026-04-17 18:39:00,177
ORD19614,U752,R136,2026-04-17 18:02:00,775
ORD19615,U704,R188,2026-04-17 14:30:00,764
ORD19616,U231,R24,2026-04-17 13:45:00,468
ORD19617,U423,R7,2026-04-17 11:15:00,122
ORD19618,U274,R33,2026-04-17 13:36:00,310
ORD19619,U468,R144,2026-04-17 18:04:00,737
ORD19620,U879,R57,2026-04-17 12:16:00,750
ORD19621,U138,R196,2026-04-17 16:14:00,120
ORD19622,U475,R108,2026-04-17 10:24:00,238
ORD19623,U333,R10,2026-04-17 19:48:00,226
ORD19624,U895,R114,2026-04-17 10:01:00,396
ORD19625,U769,R174,2026-04-17 17:38:00,697
ORD19626,U910,R54,2026-04-17 17:29:00,604
ORD19627,U757,R146,2026-04-17 12:44:00,284
ORD19628,U417,R176,2026-04-17 16:16:00,732
ORD19629,U818,R132,2026-04-17 16:48:00,301
ORD19630,U230,R95,2026-04-17 12:28:00,181
ORD19631,U396,R2,2026-04-17 15:25:00,404
ORD19632,U497,R34,2026-04-17 17:17:00,137
ORD19633,U343,R36,2026-04-17 10:13:00,160
ORD19634,U770,R190,2026-04-17 11:08:00,635
ORD19635,U850,R154,2026-04-17 19:41:00,305
ORD19636,U182,R113,2026-04-17 10:11:00,602
ORD19637,U774,R107,2026-04-17 11:59:00,378
ORD19638,U663,R28,2026-04-17 14:40:00,209
ORD19639,U759,R133,2026-04-17 14:55:00,500
ORD19640,U639,R137,2026-04-17 18:47:00,587
ORD19641,U648,R39,2026-04-17 13:07:00,168
ORD19642,U374,R48,2026-04-17 18:10:00,391
ORD19643,U909,R40,2026-04-17 14:21:00,208
ORD19644,U269,R35,2026-04-17 15:02:00,728
ORD19645,U431,R18,2026-04-17 16:26:00,312
ORD19646,U34,R132,2026-04-17 14:32:00,433
ORD19647,U932,R160,2026-04-17 16:57:00,574
ORD19648,U900,R99,2026-04-17 13:45:00,768
ORD19649,U255,R37,2026-04-17 17:05:00,621
ORD19650,U717,R114,2026-04-17 15:13:00,624
ORD19651,U193,R193,2026-04-17 16:54:00,470
ORD19652,U73,R124,2026-04-17 17:39:00,191
ORD19653,U867,R124,2026-04-17 19:20:00,630
ORD19654,U713,R146,2026-04-17 16:55:00,651
ORD19655,U724,R180,2026-04-17 12:00:00,120
ORD19656,U467,R195,2026-04-17 17:00:00,473
ORD19657,U656,R166,2026-04-17 18:24:00,360
ORD19658,U257,R133,2026-04-17 15:43:00,546
ORD19659,U898,R41,2026-04-17 15:36:00,528
ORD19660,U921,R75,2026-04-17 12:08:00,449
ORD19661,U393,R108,2026-04-17 10:24:00,412
ORD19662,U739,R53,2026-04-17 13:07:00,304
ORD19663,U116,R58,2026-04-17 19:15:00,367
ORD19664,U326,R20,2026-04-17 14:24:00,353
ORD19665,U257,R53,2026-04-17 18:45:00,660
ORD19666,U659,R95,2026-04-17 15:53:00,581
ORD19667,U784,R31,2026-04-17 10:14:00,798
ORD19668,U883,R135,2026-04-17 13:26:00,510
ORD19669,U958,R52,2026-04-17 17:53:00,684
ORD19670,U864,R3,2026-04-17 10:54:00,575
ORD19671,U917,R80,2026-04-17 15:06:00,279
ORD19672,U675,R29,2026-04-17 18:45:00,280
ORD19673,U906,R77,2026-04-17 18:07:00,148
ORD19674,U148,R90,2026-04-17 13:53:00,616
ORD19675,U538,R192,2026-04-17 18:21:00,643
ORD19676,U755,R182,2026-04-17 16:54:00,668
ORD19677,U770,R78,2026-04-17 17:25:00,432
ORD19678,U559,R142,2026-04-17 17:12:00,785
ORD19679,U465,R126,2026-04-17 10:47:00,241
ORD19680,U990,R153,2026-04-17 13:22:00,467
ORD19681,U455,R85,2026-04-17 18:04:00,767
ORD19682,U641,R43,2026-04-17 19:07:00,200
ORD19683,U654,R6,2026-04-17 19:07:00,592
ORD19684,U16,R70,2026-04-17 12:24:00,120
ORD19685,U578,R116,2026-04-17 15:37:00,285
ORD19686,U176,R30,2026-04-17 10:35:00,281
ORD19687,U205,R175,2026-04-17 17:54:00,399
ORD19688,U565,R106,2026-04-17 18:17:00,543
ORD19689,U54,R173,2026-04-17 19:28:00,343
ORD19690,U230,R91,2026-04-17 14:32:00,242
ORD19691,U1,R31,2026-04-17 15:56:00,655
ORD19692,U762,R127,2026-04-17 10:26:00,167
ORD19693,U200,R150,2026-04-17 10:08:00,617
ORD19694,U464,R160,2026-04-17 19:49:00,614
ORD19695,U521,R48,2026-04-17 17:33:00,190
ORD19696,U796,R36,2026-04-17 19:07:00,460
ORD19697,U256,R70,2026-04-17 16:53:00,546
ORD19698,U715,R68,2026-04-17 12:41:00,319
ORD19699,U92,R155,2026-04-17 19:51:00,570
ORD19700,U395,R157,2026-04-17 19:13:00,474
ORD19701,U954,R148,2026-04-17 12:41:00,578
ORD19702,U581,R115,2026-04-17 12:10:00,547
ORD19703,U222,R124,2026-04-17 18:51:00,362
ORD19704,U209,R54,2026-04-17 16:47:00,209
ORD19705,U703,R37,2026-04-17 12:16:00,295
ORD19706,U716,R84,2026-04-17 18:05:00,142
ORD19707,U534,R123,2026-04-17 16:58:00,564
ORD19708,U261,R71,2026-04-17 18:10:00,528
ORD19709,U945,R200,2026-04-17 19:13:00,141
ORD19710,U920,R170,2026-04-17 16:05:00,395
ORD19711,U471,R152,2026-04-17 14:13:00,164
ORD19712,U175,R20,2026-04-17 15:53:00,569
ORD19713,U687,R2,2026-04-17 14:22:00,449
ORD19714,U604,R31,2026-04-17 15:26:00,604
ORD19715,U232,R50,2026-04-17 13:35:00,676
ORD19716,U804,R54,2026-04-17 17:27:00,591
ORD19717,U437,R91,2026-04-17 16:38:00,674
ORD19718,U108,R89,2026-04-17 13:34:00,783
ORD19719,U98,R20,2026-04-17 11:27:00,153
ORD19720,U958,R60,2026-04-17 19:47:00,733
ORD19721,U954,R104,2026-04-17 11:26:00,121
ORD19722,U418,R93,2026-04-17 16:52:00,217
ORD19723,U538,R128,2026-04-17 19:16:00,400
ORD19724,U821,R41,2026-04-17 12:18:00,674
ORD19725,U954,R75,2026-04-17 19:10:00,370
ORD19726,U508,R92,2026-04-17 12:22:00,301
ORD19727,U447,R87,2026-04-17 15:36:00,534
ORD19728,U119,R150,2026-04-17 12:30:00,619
ORD19729,U886,R2,2026-04-17 14:45:00,212
ORD19730,U97,R71,2026-04-17 13:59:00,654
ORD19731,U754,R118,2026-04-17 18:11:00,421
ORD19732,U544,R78,2026-04-17 19:12:00,507
ORD19733,U896,R92,2026-04-17 12:19:00,768
ORD19734,U329,R132,2026-04-17 13:31:00,183
ORD19735,U547,R102,2026-04-17 15:00:00,438
ORD19736,U173,R128,2026-04-17 11:11:00,779
ORD19737,U290,R161,2026-04-17 19:05:00,308
ORD19738,U969,R164,2026-04-17 19:04:00,645
ORD19739,U43,R128,2026-04-17 18:06:00,441
ORD19740,U831,R171,2026-04-17 15:48:00,391
ORD19741,U528,R70,2026-04-17 13:21:00,272
ORD19742,U808,R17,2026-04-17 12:54:00,409
ORD19743,U925,R29,2026-04-17 10:07:00,665
ORD19744,U843,R154,2026-04-17 10:25:00,613
ORD19745,U747,R27,2026-04-17 14:54:00,530
ORD19746,U66,R17,2026-04-17 12:35:00,212
ORD19747,U928,R37,2026-04-17 16:33:00,179
ORD19748,U522,R90,2026-04-17 13:36:00,703
ORD19749,U20,R163,2026-04-17 10:30:00,255
ORD19750,U984,R155,2026-04-17 12:36:00,668
ORD19751,U73,R189,2026-04-17 16:20:00,160
ORD19752,U702,R20,2026-04-17 13:58:00,124
ORD19753,U247,R18,2026-04-17 16:36:00,257
ORD19754,U320,R7,2026-04-17 16:56:00,566
ORD19755,U150,R15,2026-04-17 10:51:00,285
ORD19756,U949,R41,2026-04-17 16:24:00,271
ORD19757,U134,R121,2026-04-17 14:58:00,339
ORD19758,U739,R168,2026-04-17 15:20:00,800
ORD19759,U267,R62,2026-04-17 15:46:00,318
ORD19760,U700,R50,2026-04-17 15:31:00,526
ORD19761,U507,R100,2026-04-17 11:26:00,234
ORD19762,U137,R78,2026-04-17 15:24:00,630
ORD19763,U526,R30,2026-04-17 16:15:00,307
ORD19764,U537,R73,2026-04-17 14:50:00,238
ORD19765,U111,R178,2026-04-17 13:53:00,690
ORD19766,U225,R153,2026-04-17 13:32:00,499
ORD19767,U667,R131,2026-04-17 17:06:00,427
ORD19768,U840,R33,2026-04-17 19:11:00,454
ORD19769,U376,R104,2026-04-17 18:38:00,588
ORD19770,U962,R9,2026-04-17 18:45:00,612
ORD19771,U188,R52,2026-04-17 13:30:00,372
ORD19772,U680,R164,2026-04-17 13:44:00,668
ORD19773,U364,R2,2026-04-17 18:01:00,151
ORD19774,U980,R51,2026-04-17 11:50:00,511
ORD19775,U263,R30,2026-04-17 16:30:00,151
ORD19776,U838,R23,2026-04-17 10:24:00,686
ORD19777,U541,R119,2026-04-17 17:45:00,709
ORD19778,U577,R107,2026-04-17 16:09:00,571
ORD19779,U699,R69,2026-04-17 11:05:00,492
ORD19780,U51,R47,2026-04-17 16:07:00,516
ORD19781,U161,R47,2026-04-17 13:55:00,444
ORD19782,U725,R25,2026-04-17 17:23:00,239
ORD19783,U233,R120,2026-04-17 14:49:00,790
ORD19784,U264,R143,2026-04-17 12:03:00,745
ORD19785,U13,R139,2026-04-17 13:12:00,640
ORD19786,U942,R167,2026-04-17 19:20:00,316
ORD19787,U532,R73,2026-04-17 19:58:00,643
ORD19788,U594,R102,2026-04-17 16:54:00,698
ORD19789,U185,R21,2026-04-17 11:54:00,670
ORD19790,U886,R7,2026-04-17 16:44:00,686
ORD19791,U400,R13,2026-04-17 11:50:00,376
ORD19792,U550,R155,2026-04-17 19:04:00,444
ORD19793,U730,R119,2026-04-17 19:28:00,380
ORD19794,U559,R105,2026-04-17 10:39:00,196
ORD19795,U856,R114,2026-04-17 11:10:00,710
ORD19796,U130,R41,2026-04-17 12:53:00,529
ORD19797,U625,R86,2026-04-17 12:43:00,563
ORD19798,U342,R161,2026-04-17 13:48:00,676
ORD19799,U146,R176,2026-04-17 11:16:00,492
ORD19800,U111,R7,2026-04-17 18:09:00,421
ORD19801,U150,R4,2026-04-17 16:37:00,140
ORD19802,U560,R106,2026-04-17 19:49:00,652
ORD19803,U33,R60,2026-04-17 14:45:00,640
ORD19804,U481,R188,2026-04-17 14:59:00,201
ORD19805,U329,R3,2026-04-17 19:43:00,541
ORD19806,U367,R37,2026-04-17 17:17:00,226
ORD19807,U137,R71,2026-04-17 17:13:00,595
ORD19808,U445,R19,2026-04-17 12:39:00,725
ORD19809,U209,R162,2026-04-17 19:45:00,492
ORD19810,U511,R109,2026-04-17 19:30:00,160
ORD19811,U544,R82,2026-04-17 10:08:00,611
ORD19812,U139,R134,2026-04-17 12:30:00,105
ORD19813,U940,R73,2026-04-17 12:14:00,221
ORD19814,U585,R59,2026-04-17 17:31:00,504
ORD19815,U648,R116,2026-04-17 18:17:00,770
ORD19816,U475,R164,2026-04-17 14:42:00,712
ORD19817,U563,R86,2026-04-17 10:25:00,592
ORD19818,U398,R99,2026-04-17 15:58:00,260
ORD19819,U49,R13,2026-04-17 11:21:00,296
ORD19820,U838,R24,2026-04-17 10:07:00,793
ORD19821,U467,R115,2026-04-17 10:04:00,776
ORD19822,U954,R87,2026-04-17 19:44:00,711
ORD19823,U903,R174,2026-04-17 10:02:00,758
ORD19824,U204,R150,2026-04-17 11:46:00,364
ORD19825,U424,R35,2026-04-17 10:11:00,747
ORD19826,U895,R40,2026-04-17 18:14:00,490
ORD19827,U424,R61,2026-04-17 13:37:00,694
ORD19828,U184,R112,2026-04-17 15:06:00,141
ORD19829,U53,R167,2026-04-17 17:37:00,348
ORD19830,U229,R89,2026-04-17 10:35:00,251
ORD19831,U190,R15,2026-04-17 13:56:00,353
ORD19832,U724,R31,2026-04-17 14:18:00,179
ORD19833,U67,R44,2026-04-17 10:53:00,608
ORD19834,U896,R59,2026-04-17 18:00:00,452
ORD19835,U176,R34,2026-04-17 19:20:00,502
ORD19836,U863,R104,2026-04-17 17:56:00,773
ORD19837,U10,R98,2026-04-17 18:25:00,312
ORD19838,U497,R36,2026-04-17 12:24:00,532
ORD19839,U83,R151,2026-04-17 16:38:00,472
ORD19840,U502,R116,2026-04-17 10:07:00,378
ORD19841,U958,R50,2026-04-17 12:18:00,182
ORD19842,U774,R51,2026-04-17 12:00:00,427
ORD19843,U885,R141,2026-04-17 16:43:00,540
ORD19844,U448,R63,2026-04-17 18:05:00,664
ORD19845,U820,R65,2026-04-17 14:33:00,220
ORD19846,U168,R67,2026-04-17 13:47:00,414
ORD19847,U385,R7,2026-04-17 12:04:00,309
ORD19848,U625,R72,2026-04-17 17:33:00,512
ORD19849,U365,R199,2026-04-17 13:06:00,614
ORD19850,U822,R198,2026-04-17 10:10:00,707
ORD19851,U387,R119,2026-04-17 11:51:00,740
ORD19852,U571,R58,2026-04-17 14:43:00,450
ORD19853,U113,R8,2026-04-17 13:52:00,350
ORD19854,U546,R12,2026-04-17 19:00:00,469
ORD19855,U799,R23,2026-04-17 18:35:00,459
ORD19856,U278,R129,2026-04-17 15:03:00,709
ORD19857,U432,R49,2026-04-17 17:39:00,221
ORD19858,U174,R104,2026-04-17 10:07:00,366
ORD19859,U295,R38,2026-04-17 18:31:00,289
ORD19860,U136,R197,2026-04-17 17:46:00,564
ORD19861,U54,R71,2026-04-17 15:45:00,194
ORD19862,U389,R69,2026-04-17 13:48:00,787
ORD19863,U518,R61,2026-04-17 17:11:00,219
ORD19864,U450,R152,2026-04-17 10:01:00,469
ORD19865,U841,R83,2026-04-17 10:02:00,439
ORD19866,U631,R51,2026-04-17 10:21:00,639
ORD19867,U627,R18,2026-04-17 14:25:00,303
ORD19868,U104,R116,2026-04-17 14:33:00,365
ORD19869,U276,R58,2026-04-17 19:29:00,442
ORD19870,U93,R52,2026-04-17 12:08:00,146
ORD19871,U482,R78,2026-04-17 14:18:00,769
ORD19872,U736,R163,2026-04-17 10:50:00,640
ORD19873,U363,R112,2026-04-17 14:35:00,609
ORD19874,U970,R186,2026-04-17 17:55:00,451
ORD19875,U300,R108,2026-04-17 12:07:00,316
ORD19876,U617,R177,2026-04-17 16:48:00,407
ORD19877,U832,R35,2026-04-17 11:57:00,728
ORD19878,U593,R154,2026-04-17 11:49:00,402
ORD19879,U36,R147,2026-04-17 14:57:00,594
ORD19880,U389,R12,2026-04-17 13:33:00,740
ORD19881,U60,R84,2026-04-17 11:48:00,312
ORD19882,U734,R150,2026-04-17 11:27:00,792
ORD19883,U342,R173,2026-04-17 14:57:00,523
ORD19884,U242,R174,2026-04-17 12:08:00,731
ORD19885,U875,R136,2026-04-17 17:50:00,104
ORD19886,U533,R122,2026-04-17 17:56:00,445
ORD19887,U585,R34,2026-04-17 11:13:00,505
ORD19888,U855,R135,2026-04-17 19:29:00,636
ORD19889,U384,R21,2026-04-17 12:35:00,369
ORD19890,U982,R200,2026-04-17 10:44:00,640
ORD19891,U797,R12,2026-04-17 16:12:00,172
ORD19892,U236,R113,2026-04-17 15:50:00,765
ORD19893,U791,R54,2026-04-17 14:52:00,552
ORD19894,U392,R84,2026-04-17 14:11:00,398
ORD19895,U298,R141,2026-04-17 13:51:00,378
ORD19896,U328,R176,2026-04-17 16:54:00,699
ORD19897,U647,R11,2026-04-17 14:57:00,197
ORD19898,U435,R53,2026-04-17 17:33:00,740
ORD19899,U374,R161,2026-04-17 16:17:00,431
ORD19900,U774,R2,2026-04-17 11:40:00,528
ORD19901,U754,R109,2026-04-17 14:59:00,553
ORD19902,U8,R85,2026-04-17 16:19:00,171
ORD19903,U52,R27,2026-04-17 14:00:00,741
ORD19904,U673,R96,2026-04-17 14:02:00,772
ORD19905,U263,R57,2026-04-17 10:18:00,554
ORD19906,U926,R63,2026-04-17 19:07:00,754
ORD19907,U582,R158,2026-04-17 16:41:00,370
ORD19908,U499,R82,2026-04-17 11:53:00,413
ORD19909,U575,R90,2026-04-17 10:37:00,207
ORD19910,U511,R50,2026-04-17 12:22:00,296
ORD19911,U626,R173,2026-04-17 18:54:00,746
ORD19912,U226,R113,2026-04-17 13:06:00,603
ORD19913,U410,R193,2026-04-17 11:01:00,289
ORD19914,U218,R146,2026-04-17 19:18:00,646
ORD19915,U800,R120,2026-04-17 17:26:00,206
ORD19916,U167,R145,2026-04-17 19:15:00,744
ORD19917,U56,R140,2026-04-17 18:27:00,317
ORD19918,U754,R82,2026-04-17 10:01:00,254
ORD19919,U961,R121,2026-04-17 12:38:00,203
ORD19920,U449,R104,2026-04-17 16:56:00,109
ORD19921,U991,R40,2026-04-17 17:37:00,559
ORD19922,U640,R34,2026-04-17 18:05:00,546
ORD19923,U237,R109,2026-04-17 11:40:00,586
ORD19924,U479,R20,2026-04-17 17:53:00,717
ORD19925,U101,R96,2026-04-17 19:20:00,249
ORD19926,U792,R112,2026-04-17 18:33:00,645
ORD19927,U682,R86,2026-04-17 17:29:00,520
ORD19928,U721,R95,2026-04-17 16:16:00,605
ORD19929,U691,R90,2026-04-17 11:55:00,303
ORD19930,U962,R70,2026-04-17 15:43:00,303
ORD19931,U201,R125,2026-04-17 18:40:00,409
ORD19932,U922,R77,2026-04-17 11:59:00,217
ORD19933,U541,R64,2026-04-17 18:23:00,765
ORD19934,U96,R14,2026-04-17 18:23:00,418
ORD19935,U635,R97,2026-04-17 12:27:00,717
ORD19936,U360,R44,2026-04-17 14:36:00,607
ORD19937,U132,R6,2026-04-17 16:18:00,584
ORD19938,U824,R26,2026-04-17 13:37:00,793
ORD19939,U906,R69,2026-04-17 19:49:00,237
ORD19940,U389,R33,2026-04-17 17:51:00,435
ORD19941,U631,R35,2026-04-17 12:47:00,247
ORD19942,U958,R8,2026-04-17 11:52:00,704
ORD19943,U858,R47,2026-04-17 16:17:00,145
ORD19944,U451,R14,2026-04-17 14:00:00,122
ORD19945,U131,R98,2026-04-17 15:24:00,123
ORD19946,U90,R13,2026-04-17 18:43:00,728
ORD19947,U568,R100,2026-04-17 15:11:00,592
ORD19948,U342,R44,2026-04-17 14:57:00,716
ORD19949,U396,R193,2026-04-17 12:20:00,792
ORD19950,U896,R117,2026-04-17 15:14:00,116
ORD19951,U486,R118,2026-04-17 16:38:00,451
ORD19952,U712,R34,2026-04-17 14:12:00,757
ORD19953,U638,R157,2026-04-17 17:55:00,371
ORD19954,U582,R62,2026-04-17 13:42:00,424
ORD19955,U477,R62,2026-04-17 18:59:00,332
ORD19956,U8,R161,2026-04-17 10:24:00,299
ORD19957,U896,R197,2026-04-17 15:04:00,304
ORD19958,U871,R96,2026-04-17 12:00:00,506
ORD19959,U767,R181,2026-04-17 19:29:00,543
ORD19960,U326,R161,2026-04-17 19:41:00,638
ORD19961,U722,R171,2026-04-17 18:40:00,421
ORD19962,U912,R77,2026-04-17 18:33:00,562
ORD19963,U313,R180,2026-04-17 18:37:00,296
ORD19964,U105,R90,2026-04-17 13:29:00,199
ORD19965,U129,R40,2026-04-17 14:10:00,491
ORD19966,U932,R197,2026-04-17 15:18:00,383
ORD19967,U273,R29,2026-04-17 15:32:00,301
ORD19968,U337,R168,2026-04-17 17:42:00,309
ORD19969,U691,R174,2026-04-17 11:06:00,757
ORD19970,U292,R189,2026-04-17 15:58:00,699
ORD19971,U145,R87,2026-04-17 10:45:00,382
ORD19972,U921,R56,2026-04-17 10:50:00,715
ORD19973,U16,R164,2026-04-17 15:48:00,525
ORD19974,U695,R77,2026-04-17 18:42:00,787
ORD19975,U826,R42,2026-04-17 13:22:00,387
ORD19976,U617,R110,2026-04-17 11:08:00,716
ORD19977,U151,R134,2026-04-17 16:46:00,159
ORD19978,U894,R162,2026-04-17 14:27:00,693
ORD19979,U154,R7,2026-04-17 12:08:00,506
ORD19980,U818,R90,2026-04-17 17:20:00,465
ORD19981,U63,R151,2026-04-17 14:23:00,253
ORD19982,U250,R189,2026-04-17 11:08:00,168
ORD19983,U707,R176,2026-04-17 18:14:00,188
ORD19984,U582,R176,2026-04-17 18:55:00,621
ORD19985,U467,R194,2026-04-17 13:23:00,662
ORD19986,U550,R162,2026-04-17 10:47:00,140
ORD19987,U997,R163,2026-04-17 17:49:00,217
ORD19988,U429,R96,2026-04-17 11:42:00,447
ORD19989,U994,R199,2026-04-17 14:23:00,369
ORD19990,U741,R31,2026-04-17 16:27:00,206
ORD19991,U604,R95,2026-04-17 19:13:00,240
ORD19992,U66,R13,2026-04-17 14:22:00,668
ORD19993,U59,R196,2026-04-17 15:43:00,103
ORD19994,U817,R54,2026-04-17 11:42:00,621
ORD19995,U807,R167,2026-04-17 19:37:00,422
ORD19996,U122,R200,2026-04-17 16:51:00,233
ORD19997,U829,R162,2026-04-17 16:30:00,498
ORD19998,U445,R50,2026-04-17 11:37:00,478
ORD19999,U785,R163,2026-04-17 15:20:00,294
ORD20000,U403,R58,2026-04-17 11:02:00,342
